time,open,high,low,close,tick_volume
2017-01-03 00:00:00+00:00,1150.029,1163.937,1145.948,1157.095,69241
2017-01-04 00:00:00+00:00,1157.058,1167.71,1156.119,1165.657,73390
2017-01-05 00:00:00+00:00,1165.695,1184.776,1165.695,1180.779,82687
2017-01-06 00:00:00+00:00,1180.749,1182.473,1170.825,1172.189,71963
2017-01-08 00:00:00+00:00,1172.949,1173.873,1171.646,1173.652,1755
2017-01-09 00:00:00+00:00,1173.679,1185.936,1172.596,1182.416,62516
2017-01-10 00:00:00+00:00,1182.389,1190.359,1180.067,1185.966,73092
2017-01-11 00:00:00+00:00,1185.97,1198.015,1177.13,1193.33,76120
2017-01-12 00:00:00+00:00,1193.345,1206.807,1192.697,1196.205,76066
2017-01-13 00:00:00+00:00,1196.121,1200.559,1187.77,1196.785,69923
2017-01-15 00:00:00+00:00,1196.709,1204.604,1196.709,1203.285,1951
2017-01-16 00:00:00+00:00,1203.289,1208.368,1200.129,1202.982,50723
2017-01-17 00:00:00+00:00,1202.999,1218.65,1202.999,1215.053,67328
2017-01-18 00:00:00+00:00,1215.028,1217.343,1201.748,1202.89,75109
2017-01-19 00:00:00+00:00,1202.902,1206.317,1195.713,1203.451,81986
2017-01-20 00:00:00+00:00,1203.455,1214.666,1198.49,1209.318,77119
2017-01-22 00:00:00+00:00,1209.389,1215.477,1209.239,1215.345,2567
2017-01-23 00:00:00+00:00,1215.342,1219.775,1209.121,1217.264,78257
2017-01-24 00:00:00+00:00,1217.277,1218.425,1206.493,1209.013,67478
2017-01-25 00:00:00+00:00,1209.059,1209.588,1193.159,1200.753,72159
2017-01-26 00:00:00+00:00,1200.771,1202.416,1184.33,1188.183,71168
2017-01-27 00:00:00+00:00,1188.184,1191.372,1180.36,1190.228,66632
2017-01-29 00:00:00+00:00,1190.079,1194.402,1190.079,1194.028,2313
2017-01-30 00:00:00+00:00,1194.016,1199.173,1188.12,1196.477,67880
2017-01-31 00:00:00+00:00,1196.524,1215.142,1195.993,1211.525,78606
2017-02-01 00:00:00+00:00,1211.475,1212.157,1198.08,1209.758,79440
2017-02-02 00:00:00+00:00,1209.673,1225.079,1209.601,1214.5,81190
2017-02-03 00:00:00+00:00,1214.545,1221.133,1206.642,1219.586,73432
2017-02-05 00:00:00+00:00,1218.23,1222.961,1218.23,1220.752,2442
2017-02-06 00:00:00+00:00,1220.754,1235.385,1220.005,1233.224,76600
2017-02-07 00:00:00+00:00,1233.212,1235.535,1227.635,1231.843,79777
2017-02-08 00:00:00+00:00,1231.852,1244.544,1229.981,1239.765,82023
2017-02-09 00:00:00+00:00,1239.744,1244.341,1225.044,1226.333,82065
2017-02-10 00:00:00+00:00,1226.309,1236.847,1221.548,1233.013,80284
2017-02-12 00:00:00+00:00,1232.629,1232.719,1228.626,1230.119,1873
2017-02-13 00:00:00+00:00,1230.138,1232.175,1219.231,1226.096,73119
2017-02-14 00:00:00+00:00,1226.099,1234.383,1221.874,1228.342,81074
2017-02-15 00:00:00+00:00,1228.349,1233.894,1216.646,1232.928,78345
2017-02-16 00:00:00+00:00,1232.932,1242.243,1232.099,1238.452,85505
2017-02-17 00:00:00+00:00,1238.444,1243.695,1233.67,1233.95,71580
2017-02-19 00:00:00+00:00,1234.49,1238.059,1234.097,1236.173,1685
2017-02-20 00:00:00+00:00,1236.173,1238.908,1232.362,1236.993,46120
2017-02-21 00:00:00+00:00,1236.997,1238.793,1226.008,1234.8,77684
2017-02-22 00:00:00+00:00,1234.828,1240.324,1230.626,1236.805,92182
2017-02-23 00:00:00+00:00,1236.783,1251.066,1235.727,1249.263,85988
2017-02-24 00:00:00+00:00,1249.264,1260.086,1247.915,1256.607,86393
2017-02-26 00:00:00+00:00,1257.67,1257.7,1254.929,1255.817,1595
2017-02-27 00:00:00+00:00,1255.821,1263.771,1250.907,1252.053,148784
2017-02-28 00:00:00+00:00,1252.227,1258.284,1247.56,1247.56,91964
2017-03-01 00:00:00+00:00,1247.65,1250.561,1236.866,1248.821,106842
2017-03-02 00:00:00+00:00,1249.014,1249.751,1230.804,1233.19,92879
2017-03-03 00:00:00+00:00,1233.663,1236.081,1222.909,1234.245,93839
2017-03-05 00:00:00+00:00,1233.045,1233.045,1232.464,1232.923,136
2017-03-06 00:00:00+00:00,1232.938,1236.735,1224.324,1224.454,75009
2017-03-07 00:00:00+00:00,1224.873,1227.1,1214.094,1215.137,79306
2017-03-08 00:00:00+00:00,1215.239,1218.492,1206.675,1207.546,85416
2017-03-09 00:00:00+00:00,1207.711,1208.943,1199.011,1200.599,86837
2017-03-10 00:00:00+00:00,1200.602,1206.263,1194.976,1204.032,86063
2017-03-12 00:00:00+00:00,1204.385,1206.934,1204.385,1205.916,939
2017-03-13 00:00:00+00:00,1205.899,1211.109,1201.387,1201.95,77266
2017-03-14 00:00:00+00:00,1201.951,1207.52,1197.332,1198.895,78598
2017-03-15 00:00:00+00:00,1198.86,1221.866,1197.39,1219.157,88136
2017-03-16 00:00:00+00:00,1219.159,1233.506,1218.601,1226.298,88495
2017-03-17 00:00:00+00:00,1226.301,1231.597,1224.482,1228.7,70753
2017-03-19 00:00:00+00:00,1229.045,1230.893,1228.974,1230.461,778
2017-03-20 00:00:00+00:00,1230.472,1235.425,1229.379,1234.36,67067
2017-03-21 00:00:00+00:00,1234.385,1247.479,1226.864,1245.661,84348
2017-03-22 00:00:00+00:00,1245.665,1251.204,1243.985,1247.116,85222
2017-03-23 00:00:00+00:00,1247.109,1253.118,1242.771,1244.663,83093
2017-03-24 00:00:00+00:00,1244.662,1251.782,1240.948,1242.324,77057
2017-03-26 00:00:00+00:00,1245.45,1254.158,1245.45,1252.394,2265
2017-03-27 00:00:00+00:00,1252.414,1260.968,1251.506,1253.953,77900
2017-03-28 00:00:00+00:00,1253.963,1258.304,1247.623,1250.859,74420
2017-03-29 00:00:00+00:00,1250.863,1254.601,1247.267,1253.022,74862
2017-03-30 00:00:00+00:00,1253.028,1253.679,1241.933,1243.478,72247
2017-03-31 00:00:00+00:00,1243.479,1250.54,1239.627,1248.434,75087
2017-04-02 00:00:00+00:00,1249.381,1249.776,1247.451,1249.206,1126
2017-04-03 00:00:00+00:00,1249.215,1255.742,1244.458,1254.437,68622
2017-04-04 00:00:00+00:00,1254.436,1261.138,1253.985,1255.534,73567
2017-04-05 00:00:00+00:00,1255.535,1257.27,1243.716,1256.054,79030
2017-04-06 00:00:00+00:00,1256.077,1258.844,1249.742,1251.495,80688
2017-04-07 00:00:00+00:00,1251.501,1270.404,1250.572,1253.894,94512
2017-04-09 00:00:00+00:00,1253.95,1255.173,1253.423,1254.452,1577
2017-04-10 00:00:00+00:00,1254.458,1257.007,1246.897,1255.689,77218
2017-04-11 00:00:00+00:00,1255.709,1275.111,1253.117,1274.533,82581
2017-04-12 00:00:00+00:00,1274.526,1286.673,1271.891,1286.48,88832
2017-04-13 00:00:00+00:00,1286.48,1288.551,1281.852,1286.623,88109
2017-04-14 00:00:00+00:00,1287.0,1287.183,1287.0,1287.183,2
2017-04-16 00:00:00+00:00,1290.281,1294.379,1289.934,1293.355,3076
2017-04-17 00:00:00+00:00,1293.359,1295.426,1281.326,1284.056,75105
2017-04-18 00:00:00+00:00,1284.057,1292.218,1278.83,1288.895,89651
2017-04-19 00:00:00+00:00,1288.894,1289.845,1273.723,1278.521,86627
2017-04-20 00:00:00+00:00,1278.523,1283.275,1276.564,1281.25,85568
2017-04-21 00:00:00+00:00,1281.249,1288.155,1278.474,1284.454,82526
2017-04-23 00:00:00+00:00,1275.735,1275.783,1265.419,1269.188,5281
2017-04-24 00:00:00+00:00,1269.193,1277.317,1266.668,1275.838,90957
2017-04-25 00:00:00+00:00,1275.84,1278.085,1261.537,1263.504,85203
2017-04-26 00:00:00+00:00,1263.505,1270.517,1259.681,1268.254,89075
2017-04-27 00:00:00+00:00,1268.253,1268.453,1261.017,1264.137,82431
2017-04-28 00:00:00+00:00,1264.139,1268.433,1263.275,1267.334,74156
2017-04-30 00:00:00+00:00,1268.15,1271.036,1268.035,1270.646,1304
2017-05-01 00:00:00+00:00,1270.649,1271.08,1254.152,1256.338,63272
2017-05-02 00:00:00+00:00,1256.34,1257.685,1251.922,1256.385,74304
2017-05-03 00:00:00+00:00,1256.387,1256.901,1235.807,1238.093,72112
2017-05-04 00:00:00+00:00,1238.097,1241.224,1225.586,1228.021,81173
2017-05-05 00:00:00+00:00,1228.023,1235.543,1226.048,1226.986,80192
2017-05-08 00:00:00+00:00,1234.592,1236.475,1225.452,1227.712,72172
2017-05-09 00:00:00+00:00,1227.723,1228.531,1214.228,1223.378,81836
2017-05-10 00:00:00+00:00,1223.389,1225.599,1217.575,1217.71,76495
2017-05-11 00:00:00+00:00,1217.705,1227.37,1216.76,1224.963,75280
2017-05-12 00:00:00+00:00,1224.905,1231.665,1224.429,1227.673,69785
2017-05-15 00:00:00+00:00,1229.691,1237.235,1226.984,1231.414,73855
2017-05-16 00:00:00+00:00,1231.417,1244.338,1230.407,1243.339,76185
2017-05-17 00:00:00+00:00,1243.355,1262.993,1240.947,1260.173,94838
2017-05-18 00:00:00+00:00,1260.216,1264.947,1245.966,1248.552,102413
2017-05-19 00:00:00+00:00,1248.524,1256.396,1247.252,1255.172,80518
2017-05-22 00:00:00+00:00,1256.945,1263.454,1251.766,1263.064,77863
2017-05-23 00:00:00+00:00,1263.069,1263.726,1250.45,1250.978,81801
2017-05-24 00:00:00+00:00,1251.034,1258.839,1247.888,1257.805,79712
2017-05-25 00:00:00+00:00,1257.805,1259.638,1253.022,1255.197,76408
2017-05-26 00:00:00+00:00,1255.147,1269.423,1254.112,1266.578,74032
2017-05-29 00:00:00+00:00,1268.008,1268.628,1265.031,1266.83,37152
2017-05-30 00:00:00+00:00,1266.769,1270.42,1259.329,1262.332,69461
2017-05-31 00:00:00+00:00,1262.331,1274.031,1259.513,1268.664,73060
2017-06-01 00:00:00+00:00,1268.663,1270.26,1261.496,1264.656,72018
2017-06-02 00:00:00+00:00,1264.653,1279.389,1258.986,1278.497,69708
2017-06-05 00:00:00+00:00,1279.761,1283.38,1277.725,1280.443,65377
2017-06-06 00:00:00+00:00,1280.443,1295.975,1279.639,1293.675,80098
2017-06-07 00:00:00+00:00,1293.675,1294.244,1282.571,1284.567,79058
2017-06-08 00:00:00+00:00,1284.569,1288.877,1271.254,1279.878,83431
2017-06-09 00:00:00+00:00,1279.88,1280.086,1264.52,1266.313,81690
2017-06-12 00:00:00+00:00,1267.647,1270.273,1263.57,1265.205,78579
2017-06-13 00:00:00+00:00,1265.178,1268.848,1258.719,1267.12,72410
2017-06-14 00:00:00+00:00,1267.119,1280.408,1257.107,1263.36,86857
2017-06-15 00:00:00+00:00,1263.347,1266.535,1251.403,1253.871,83295
2017-06-16 00:00:00+00:00,1253.84,1257.073,1251.821,1253.344,68719
2017-06-19 00:00:00+00:00,1254.641,1255.215,1242.822,1243.775,77060
2017-06-20 00:00:00+00:00,1243.775,1248.041,1241.269,1244.838,77099
2017-06-21 00:00:00+00:00,1244.864,1249.729,1240.876,1248.941,80862
2017-06-22 00:00:00+00:00,1248.933,1254.651,1246.583,1251.441,76784
2017-06-23 00:00:00+00:00,1251.439,1258.769,1249.816,1256.265,66724
2017-06-26 00:00:00+00:00,1257.289,1257.389,1234.913,1243.106,76063
2017-06-27 00:00:00+00:00,1243.11,1253.067,1241.334,1249.172,83549
2017-06-28 00:00:00+00:00,1249.189,1254.763,1247.863,1249.659,83381
2017-06-29 00:00:00+00:00,1249.673,1253.151,1239.739,1246.444,87736
2017-06-30 00:00:00+00:00,1246.405,1248.231,1239.066,1240.66,79791
2017-07-03 00:00:00+00:00,1241.61,1241.99,1218.483,1223.394,80115
2017-07-04 00:00:00+00:00,1223.389,1227.257,1220.586,1226.66,57632
2017-07-05 00:00:00+00:00,1226.66,1229.024,1217.238,1226.533,85556
2017-07-06 00:00:00+00:00,1226.529,1227.884,1218.804,1222.764,80103
2017-07-07 00:00:00+00:00,1222.759,1227.758,1207.289,1212.436,73520
2017-07-10 00:00:00+00:00,1213.129,1215.431,1204.698,1213.603,72928
2017-07-11 00:00:00+00:00,1213.623,1218.026,1208.169,1217.778,76172
2017-07-12 00:00:00+00:00,1217.781,1225.66,1213.552,1219.021,78814
2017-07-13 00:00:00+00:00,1219.025,1224.357,1216.387,1217.551,75473
2017-07-14 00:00:00+00:00,1217.554,1232.736,1214.577,1228.535,71874
2017-07-17 00:00:00+00:00,1230.737,1235.886,1229.333,1232.835,68413
2017-07-18 00:00:00+00:00,1232.834,1244.497,1232.766,1242.68,81172
2017-07-19 00:00:00+00:00,1242.681,1243.977,1235.724,1241.313,72614
2017-07-20 00:00:00+00:00,1241.321,1247.52,1235.185,1243.907,80168
2017-07-21 00:00:00+00:00,1243.907,1255.652,1243.402,1254.783,73984
2017-07-24 00:00:00+00:00,1256.156,1258.746,1251.886,1253.663,77383
2017-07-25 00:00:00+00:00,1253.666,1257.666,1246.577,1246.709,80324
2017-07-26 00:00:00+00:00,1246.722,1263.376,1243.71,1260.223,84132
2017-07-27 00:00:00+00:00,1260.22,1265.241,1254.538,1260.065,91981
2017-07-28 00:00:00+00:00,1260.064,1270.793,1257.361,1268.97,77495
2017-07-31 00:00:00+00:00,1270.192,1270.422,1265.746,1267.473,77400
2017-08-01 00:00:00+00:00,1267.478,1274.058,1262.407,1267.55,83248
2017-08-02 00:00:00+00:00,1267.564,1272.735,1256.304,1263.048,81900
2017-08-03 00:00:00+00:00,1263.048,1270.775,1259.817,1269.155,80969
2017-08-04 00:00:00+00:00,1269.147,1270.098,1254.153,1258.206,72749
2017-08-07 00:00:00+00:00,1257.325,1259.857,1255.745,1257.633,67885
2017-08-08 00:00:00+00:00,1257.634,1265.135,1251.407,1261.886,78215
2017-08-09 00:00:00+00:00,1261.88,1278.585,1261.296,1275.814,88850
2017-08-10 00:00:00+00:00,1275.812,1287.762,1274.617,1286.559,86447
2017-08-11 00:00:00+00:00,1286.577,1291.876,1280.904,1288.449,81186
2017-08-14 00:00:00+00:00,1288.817,1289.466,1278.599,1279.136,81499
2017-08-15 00:00:00+00:00,1279.134,1279.536,1267.167,1272.879,79742
2017-08-16 00:00:00+00:00,1272.875,1284.18,1267.665,1282.966,80318
2017-08-17 00:00:00+00:00,1282.944,1290.074,1281.114,1288.488,91535
2017-08-18 00:00:00+00:00,1288.487,1300.739,1283.374,1283.76,86514
2017-08-21 00:00:00+00:00,1283.366,1293.628,1281.761,1291.616,80636
2017-08-22 00:00:00+00:00,1291.636,1291.636,1281.982,1283.218,79476
2017-08-23 00:00:00+00:00,1283.223,1291.339,1282.745,1290.493,79083
2017-08-24 00:00:00+00:00,1290.5,1290.716,1284.343,1286.512,80539
2017-08-25 00:00:00+00:00,1286.543,1294.539,1276.587,1290.708,77696
2017-08-28 00:00:00+00:00,1292.44,1324.474,1291.817,1317.503,81262
2017-08-29 00:00:00+00:00,1317.486,1325.918,1305.057,1308.895,97732
2017-08-30 00:00:00+00:00,1308.859,1313.599,1304.535,1307.157,85520
2017-08-31 00:00:00+00:00,1307.166,1323.581,1298.604,1321.203,89461
2017-09-01 00:00:00+00:00,1321.204,1328.737,1316.27,1323.917,78392
2017-09-04 00:00:00+00:00,1336.129,1339.659,1331.766,1332.843,62999
2017-09-05 00:00:00+00:00,1332.848,1344.271,1325.956,1341.582,93416
2017-09-06 00:00:00+00:00,1341.556,1342.427,1331.568,1333.42,89307
2017-09-07 00:00:00+00:00,1333.421,1349.797,1332.606,1348.838,90986
2017-09-08 00:00:00+00:00,1348.856,1357.412,1342.6,1346.19,90404
2017-09-11 00:00:00+00:00,1337.527,1338.966,1326.361,1327.101,83773
2017-09-12 00:00:00+00:00,1327.125,1334.524,1322.573,1330.884,87974
2017-09-13 00:00:00+00:00,1330.876,1334.566,1320.702,1322.224,83555
2017-09-14 00:00:00+00:00,1322.23,1334.247,1315.328,1333.875,85459
2017-09-15 00:00:00+00:00,1333.893,1334.027,1319.518,1319.839,80921
2017-09-18 00:00:00+00:00,1316.163,1319.583,1304.579,1308.837,79269
2017-09-19 00:00:00+00:00,1308.842,1311.604,1304.991,1310.785,81564
2017-09-20 00:00:00+00:00,1310.785,1315.953,1296.026,1298.917,84469
2017-09-21 00:00:00+00:00,1298.89,1300.794,1288.045,1291.913,85102
2017-09-22 00:00:00+00:00,1291.913,1298.602,1291.244,1297.117,78801
2017-09-25 00:00:00+00:00,1291.867,1311.938,1290.692,1308.253,86983
2017-09-26 00:00:00+00:00,1308.254,1313.511,1292.024,1293.211,88519
2017-09-27 00:00:00+00:00,1293.21,1296.059,1281.362,1283.409,88490
2017-09-28 00:00:00+00:00,1283.418,1288.692,1277.711,1286.926,86215
2017-09-29 00:00:00+00:00,1286.932,1290.19,1275.27,1279.153,78867
2017-10-02 00:00:00+00:00,1277.757,1277.757,1269.228,1271.111,80984
2017-10-03 00:00:00+00:00,1271.114,1274.647,1268.298,1272.45,78615
2017-10-04 00:00:00+00:00,1272.453,1282.176,1270.585,1273.98,79041
2017-10-05 00:00:00+00:00,1273.977,1278.964,1265.942,1269.061,78118
2017-10-06 00:00:00+00:00,1269.064,1276.445,1260.595,1276.258,79145
2017-10-09 00:00:00+00:00,1276.473,1285.343,1275.247,1283.163,74480
2017-10-10 00:00:00+00:00,1283.127,1294.177,1282.108,1289.588,86759
2017-10-11 00:00:00+00:00,1289.577,1293.476,1284.391,1292.374,86604
2017-10-12 00:00:00+00:00,1292.384,1297.379,1289.617,1293.934,80856
2017-10-13 00:00:00+00:00,1293.932,1303.739,1290.76,1303.521,79926
2017-10-16 00:00:00+00:00,1304.124,1305.994,1290.381,1294.995,83215
2017-10-17 00:00:00+00:00,1294.961,1295.203,1281.216,1285.949,85704
2017-10-18 00:00:00+00:00,1285.945,1288.825,1276.96,1280.294,81634
2017-10-19 00:00:00+00:00,1280.273,1291.032,1276.306,1290.024,92591
2017-10-20 00:00:00+00:00,1290.019,1290.581,1277.95,1279.944,85929
2017-10-23 00:00:00+00:00,1274.778,1283.205,1272.505,1282.618,83509
2017-10-24 00:00:00+00:00,1282.619,1283.602,1273.63,1275.71,85596
2017-10-25 00:00:00+00:00,1275.683,1279.928,1270.867,1279.266,91967
2017-10-26 00:00:00+00:00,1279.199,1282.372,1265.622,1267.2,90268
2017-10-27 00:00:00+00:00,1267.162,1273.982,1263.36,1273.811,86000
2017-10-30 00:00:00+00:00,1272.554,1278.782,1268.905,1277.147,81462
2017-10-31 00:00:00+00:00,1277.144,1278.055,1267.68,1269.92,80048
2017-11-01 00:00:00+00:00,1269.935,1280.804,1267.944,1275.349,90134
2017-11-02 00:00:00+00:00,1275.36,1284.039,1273.124,1277.669,90443
2017-11-03 00:00:00+00:00,1277.636,1280.199,1265.391,1269.712,73984
2017-11-06 00:00:00+00:00,1270.501,1282.858,1266.031,1279.999,87585
2017-11-07 00:00:00+00:00,1280.007,1280.688,1271.79,1277.566,88706
2017-11-08 00:00:00+00:00,1277.565,1287.138,1275.91,1281.876,87614
2017-11-09 00:00:00+00:00,1281.865,1288.439,1279.927,1285.994,96808
2017-11-10 00:00:00+00:00,1286.006,1287.037,1273.374,1275.15,86007
2017-11-13 00:00:00+00:00,1275.223,1279.712,1274.833,1277.805,79482
2017-11-14 00:00:00+00:00,1277.805,1283.538,1269.824,1280.881,85980
2017-11-15 00:00:00+00:00,1280.882,1289.445,1276.612,1279.368,93520
2017-11-16 00:00:00+00:00,1279.379,1281.726,1275.115,1279.246,85604
2017-11-17 00:00:00+00:00,1279.223,1296.83,1278.894,1293.84,88772
2017-11-20 00:00:00+00:00,1293.464,1294.122,1274.297,1279.293,88985
2017-11-21 00:00:00+00:00,1279.294,1284.664,1276.275,1281.906,85376
2017-11-22 00:00:00+00:00,1281.911,1294.621,1279.024,1290.869,87843
2017-11-23 00:00:00+00:00,1290.875,1293.487,1286.959,1291.325,57663
2017-11-24 00:00:00+00:00,1291.284,1293.159,1285.476,1288.371,67508
2017-11-27 00:00:00+00:00,1287.427,1299.133,1286.73,1294.441,82978
2017-11-28 00:00:00+00:00,1294.452,1297.364,1290.544,1293.944,89571
2017-11-29 00:00:00+00:00,1293.945,1296.615,1282.053,1284.061,92339
2017-11-30 00:00:00+00:00,1284.064,1285.236,1270.367,1274.904,95875
2017-12-01 00:00:00+00:00,1274.908,1289.139,1271.57,1279.889,97562
2017-12-04 00:00:00+00:00,1273.83,1277.067,1270.759,1276.511,89664
2017-12-05 00:00:00+00:00,1276.495,1276.916,1260.856,1266.154,90477
2017-12-06 00:00:00+00:00,1266.161,1269.17,1262.51,1264.009,94003
2017-12-07 00:00:00+00:00,1263.942,1264.06,1243.78,1247.041,94278
2017-12-08 00:00:00+00:00,1247.057,1252.314,1243.205,1248.137,84608
2017-12-11 00:00:00+00:00,1248.601,1251.481,1240.627,1242.79,81994
2017-12-12 00:00:00+00:00,1242.786,1246.183,1236.445,1243.359,82487
2017-12-13 00:00:00+00:00,1243.353,1256.949,1240.252,1253.965,89274
2017-12-14 00:00:00+00:00,1253.933,1259.009,1250.485,1253.479,92308
2017-12-15 00:00:00+00:00,1253.483,1261.769,1253.07,1254.982,87613
2017-12-18 00:00:00+00:00,1253.823,1263.917,1252.727,1261.397,80995
2017-12-19 00:00:00+00:00,1261.413,1265.171,1259.22,1261.705,77540
2017-12-20 00:00:00+00:00,1261.699,1267.752,1261.366,1266.407,76525
2017-12-21 00:00:00+00:00,1266.402,1268.882,1262.705,1266.952,73675
2017-12-22 00:00:00+00:00,1266.954,1276.087,1264.908,1274.762,68392
2017-12-26 00:00:00+00:00,1278.706,1283.692,1277.026,1282.067,43284
2017-12-27 00:00:00+00:00,1282.069,1288.909,1281.327,1287.624,74066
2017-12-28 00:00:00+00:00,1287.634,1295.161,1287.157,1294.062,76858
2017-12-29 00:00:00+00:00,1294.062,1307.502,1293.964,1302.632,72074
2018-01-02 00:00:00+00:00,1307.421,1321.326,1307.393,1320.187,67312
2018-01-03 00:00:00+00:00,1320.185,1321.208,1307.448,1311.119,86585
2018-01-04 00:00:00+00:00,1311.108,1325.917,1305.757,1320.912,87571
2018-01-05 00:00:00+00:00,1320.844,1323.349,1313.663,1319.231,78554
2018-01-08 00:00:00+00:00,1319.525,1322.096,1314.762,1317.997,74120
2018-01-09 00:00:00+00:00,1318.007,1320.129,1308.841,1310.342,85390
2018-01-10 00:00:00+00:00,1310.341,1327.657,1308.08,1317.744,90455
2018-01-11 00:00:00+00:00,1317.743,1323.885,1315.675,1322.757,86706
2018-01-12 00:00:00+00:00,1322.754,1339.288,1322.754,1337.542,90568
2018-01-15 00:00:00+00:00,1336.878,1344.658,1336.475,1341.511,69258
2018-01-16 00:00:00+00:00,1341.523,1341.929,1331.857,1340.697,94604
2018-01-17 00:00:00+00:00,1340.7,1343.89,1325.858,1328.515,100209
2018-01-18 00:00:00+00:00,1328.543,1333.027,1324.145,1327.924,95900
2018-01-19 00:00:00+00:00,1327.92,1337.98,1326.78,1331.642,88612
2018-01-21 00:00:00+00:00,1333.8,1335.53,1331.81,1334.72,3264
2018-01-22 00:00:00+00:00,1334.733,1335.535,1328.35,1333.15,83251
2018-01-23 00:00:00+00:00,1333.152,1342.243,1331.322,1341.828,87525
2018-01-24 00:00:00+00:00,1341.769,1361.966,1339.483,1356.106,96771
2018-01-25 00:00:00+00:00,1356.115,1366.009,1342.33,1346.749,109233
2018-01-26 00:00:00+00:00,1346.738,1357.063,1345.841,1349.819,96764
2018-01-28 00:00:00+00:00,1349.64,1351.135,1348.912,1351.135,2750
2018-01-29 00:00:00+00:00,1351.108,1352.35,1337.606,1341.228,93098
2018-01-30 00:00:00+00:00,1341.228,1348.806,1334.424,1338.505,100557
2018-01-31 00:00:00+00:00,1338.471,1345.093,1336.353,1343.184,57638
2018-02-02 00:00:00+00:00,1344.94,1346.945,1327.434,1332.879,51638
2018-02-04 00:00:00+00:00,1331.76,1333.857,1329.492,1332.563,3725
2018-02-05 00:00:00+00:00,1332.49,1341.507,1328.966,1340.392,104604
2018-02-06 00:00:00+00:00,1340.325,1345.996,1320.126,1325.316,121144
2018-02-07 00:00:00+00:00,1325.317,1332.247,1311.333,1319.033,103190
2018-02-08 00:00:00+00:00,1319.057,1322.607,1307.04,1322.016,107198
2018-02-09 00:00:00+00:00,1322.016,1322.016,1311.135,1315.932,102816
2018-02-11 00:00:00+00:00,1314.95,1316.772,1314.145,1316.27,2652
2018-02-12 00:00:00+00:00,1316.294,1326.39,1315.968,1322.499,87782
2018-02-13 00:00:00+00:00,1322.531,1332.951,1321.583,1331.757,90896
2018-02-14 00:00:00+00:00,1331.793,1355.458,1316.938,1353.812,104291
2018-02-15 00:00:00+00:00,1353.797,1357.052,1348.525,1353.854,93729
2018-02-16 00:00:00+00:00,1353.847,1361.69,1344.787,1347.061,89971
2018-02-18 00:00:00+00:00,1347.25,1349.824,1347.25,1348.028,2806
2018-02-19 00:00:00+00:00,1348.028,1351.31,1343.102,1345.314,61269
2018-02-20 00:00:00+00:00,1345.314,1346.513,1328.452,1329.9,91075
2018-02-21 00:00:00+00:00,1329.914,1336.146,1322.348,1326.758,93504
2018-02-22 00:00:00+00:00,1326.762,1332.115,1320.924,1330.5,90003
2018-02-23 00:00:00+00:00,1330.492,1331.579,1325.777,1328.601,80135
2018-02-25 00:00:00+00:00,1328.2,1329.9,1326.626,1327.032,3194
2018-02-26 00:00:00+00:00,1327.034,1340.98,1327.034,1332.173,87840
2018-02-27 00:00:00+00:00,1332.157,1336.67,1313.4,1317.453,93264
2018-02-28 00:00:00+00:00,1317.468,1322.429,1315.597,1317.365,90725
2018-03-01 00:00:00+00:00,1317.33,1321.008,1302.773,1316.997,101376
2018-03-02 00:00:00+00:00,1317.002,1325.392,1315.179,1322.358,94228
2018-03-04 00:00:00+00:00,1323.682,1324.22,1319.715,1323.064,3078
2018-03-05 00:00:00+00:00,1323.075,1327.742,1317.504,1320.915,101364
2018-03-06 00:00:00+00:00,1320.904,1340.406,1320.48,1339.06,103608
2018-03-07 00:00:00+00:00,1339.045,1340.349,1322.043,1324.498,104499
2018-03-08 00:00:00+00:00,1324.486,1328.971,1319.01,1320.904,96090
2018-03-09 00:00:00+00:00,1320.926,1325.084,1312.78,1323.245,86259
2018-03-11 00:00:00+00:00,1322.7,1323.363,1322.49,1323.083,804
2018-03-12 00:00:00+00:00,1323.123,1325.644,1315.071,1325.0,75918
2018-03-13 00:00:00+00:00,1324.95,1328.22,1313.751,1326.338,88498
2018-03-14 00:00:00+00:00,1326.262,1329.987,1321.495,1325.201,80814
2018-03-15 00:00:00+00:00,1325.202,1327.898,1314.924,1315.818,72101
2018-03-16 00:00:00+00:00,1315.814,1321.667,1309.655,1313.712,67268
2018-03-18 00:00:00+00:00,1313.13,1313.747,1312.77,1313.147,1205
2018-03-19 00:00:00+00:00,1313.157,1319.566,1307.776,1317.024,74208
2018-03-20 00:00:00+00:00,1317.033,1317.375,1307.165,1310.014,70137
2018-03-21 00:00:00+00:00,1309.987,1336.555,1309.812,1332.021,81166
2018-03-22 00:00:00+00:00,1332.021,1334.824,1324.755,1332.686,88125
2018-03-23 00:00:00+00:00,1332.665,1350.166,1331.726,1346.981,85546
2018-03-25 00:00:00+00:00,1350.1,1350.298,1348.188,1348.232,2520
2018-03-26 00:00:00+00:00,1348.289,1355.871,1343.444,1352.894,78128
2018-03-27 00:00:00+00:00,1352.849,1356.789,1339.845,1345.432,82168
2018-03-28 00:00:00+00:00,1345.431,1346.98,1323.475,1326.499,94305
2018-03-29 00:00:00+00:00,1326.49,1328.3,1321.22,1325.183,74266
2018-03-30 00:00:00+00:00,1325.1,1325.1,1325.1,1325.1,1
2018-04-01 00:00:00+00:00,1326.21,1327.482,1326.061,1326.61,2153
2018-04-02 00:00:00+00:00,1326.612,1344.774,1325.768,1341.545,74551
2018-04-03 00:00:00+00:00,1341.538,1342.438,1328.898,1333.149,82653
2018-04-04 00:00:00+00:00,1333.151,1348.148,1331.47,1333.42,86378
2018-04-05 00:00:00+00:00,1333.437,1333.778,1322.693,1330.9,80531
2018-04-06 00:00:00+00:00,1330.894,1335.331,1319.548,1333.108,84779
2018-04-08 00:00:00+00:00,1333.65,1334.057,1331.754,1332.479,2628
2018-04-09 00:00:00+00:00,1332.487,1337.914,1326.836,1336.446,81309
2018-04-10 00:00:00+00:00,1336.451,1342.539,1331.01,1341.741,83230
2018-04-11 00:00:00+00:00,1341.742,1365.089,1339.756,1352.897,88687
2018-04-12 00:00:00+00:00,1352.87,1353.133,1333.776,1337.782,86207
2018-04-13 00:00:00+00:00,1337.741,1347.094,1333.022,1345.245,76397
2018-04-15 00:00:00+00:00,1342.258,1345.655,1342.106,1343.811,3054
2018-04-16 00:00:00+00:00,1343.839,1350.447,1341.167,1348.056,77428
2018-04-17 00:00:00+00:00,1348.046,1349.332,1337.648,1346.234,75168
2018-04-18 00:00:00+00:00,1346.232,1355.631,1342.247,1350.559,78654
2018-04-19 00:00:00+00:00,1350.604,1354.661,1340.923,1344.409,82436
2018-04-20 00:00:00+00:00,1344.405,1345.681,1334.954,1335.145,70657
2018-04-22 00:00:00+00:00,1332.97,1334.586,1332.484,1332.891,2247
2018-04-23 00:00:00+00:00,1332.891,1335.374,1322.102,1324.506,76392
2018-04-24 00:00:00+00:00,1324.537,1332.586,1321.946,1331.625,74809
2018-04-25 00:00:00+00:00,1331.624,1331.641,1318.784,1322.635,72129
2018-04-26 00:00:00+00:00,1322.634,1326.506,1315.229,1317.947,71478
2018-04-27 00:00:00+00:00,1317.951,1325.174,1315.323,1323.296,66375
2018-04-29 00:00:00+00:00,1322.9,1323.751,1322.741,1323.321,1058
2018-04-30 00:00:00+00:00,1323.297,1324.868,1310.252,1315.127,66510
2018-05-01 00:00:00+00:00,1315.09,1315.229,1301.765,1305.515,66745
2018-05-02 00:00:00+00:00,1305.516,1313.354,1303.887,1305.838,79455
2018-05-03 00:00:00+00:00,1305.836,1318.012,1305.442,1312.777,76367
2018-05-04 00:00:00+00:00,1312.792,1315.276,1307.936,1314.821,66596
2018-05-06 00:00:00+00:00,1314.96,1315.334,1314.234,1314.686,1365
2018-05-07 00:00:00+00:00,1314.686,1318.832,1310.197,1315.78,66844
2018-05-08 00:00:00+00:00,1315.782,1317.713,1306.04,1316.337,78235
2018-05-09 00:00:00+00:00,1316.388,1317.308,1304.095,1312.42,78426
2018-05-10 00:00:00+00:00,1312.42,1322.778,1310.753,1321.131,75844
2018-05-11 00:00:00+00:00,1321.079,1325.873,1317.075,1318.125,64855
2018-05-13 00:00:00+00:00,1318.81,1320.16,1318.703,1320.063,1804
2018-05-14 00:00:00+00:00,1320.003,1322.273,1312.916,1313.718,64436
2018-05-15 00:00:00+00:00,1313.706,1314.808,1288.662,1292.756,77800
2018-05-16 00:00:00+00:00,1292.777,1296.834,1286.368,1291.74,75217
2018-05-17 00:00:00+00:00,1291.74,1294.337,1284.745,1289.474,71335
2018-05-18 00:00:00+00:00,1289.479,1294.142,1286.064,1292.962,63909
2018-05-20 00:00:00+00:00,1290.56,1291.76,1290.306,1291.152,1586
2018-05-21 00:00:00+00:00,1291.142,1293.379,1282.056,1292.457,68971
2018-05-22 00:00:00+00:00,1292.486,1296.054,1287.905,1293.461,70082
2018-05-23 00:00:00+00:00,1293.457,1298.268,1287.036,1294.923,85056
2018-05-24 00:00:00+00:00,1294.922,1306.571,1292.709,1304.361,76686
2018-05-25 00:00:00+00:00,1304.331,1307.716,1299.84,1301.264,72311
2018-05-27 00:00:00+00:00,1297.48,1299.39,1296.824,1298.759,1570
2018-05-28 00:00:00+00:00,1298.765,1300.253,1295.472,1298.025,51921
2018-05-29 00:00:00+00:00,1298.024,1306.474,1291.871,1302.115,92861
2018-05-30 00:00:00+00:00,1302.092,1304.208,1295.848,1302.516,85388
2018-05-31 00:00:00+00:00,1302.48,1306.399,1296.941,1299.39,82221
2018-06-01 00:00:00+00:00,1299.377,1300.539,1289.318,1292.928,72628
2018-06-03 00:00:00+00:00,1293.33,1294.461,1292.448,1292.71,1748
2018-06-04 00:00:00+00:00,1292.67,1297.981,1290.13,1291.514,69570
2018-06-05 00:00:00+00:00,1291.503,1300.466,1289.85,1296.876,68476
2018-06-06 00:00:00+00:00,1296.886,1301.728,1293.756,1297.281,69115
2018-06-07 00:00:00+00:00,1297.275,1303.054,1294.868,1297.222,73063
2018-06-08 00:00:00+00:00,1297.188,1300.48,1291.59,1298.456,67573
2018-06-10 00:00:00+00:00,1298.637,1299.717,1298.619,1299.122,1431
2018-06-11 00:00:00+00:00,1299.062,1302.118,1294.092,1298.146,64452
2018-06-12 00:00:00+00:00,1298.113,1299.736,1292.314,1295.435,71494
2018-06-13 00:00:00+00:00,1295.426,1301.124,1291.572,1299.33,66863
2018-06-14 00:00:00+00:00,1299.358,1309.231,1297.507,1302.365,76056
2018-06-15 00:00:00+00:00,1302.352,1302.979,1275.39,1279.602,81746
2018-06-17 00:00:00+00:00,1279.739,1281.192,1279.299,1280.925,1919
2018-06-18 00:00:00+00:00,1280.93,1282.351,1277.006,1281.281,66262
2018-06-19 00:00:00+00:00,1281.261,1284.015,1270.4,1274.982,78698
2018-06-20 00:00:00+00:00,1274.979,1276.32,1267.44,1269.389,76001
2018-06-21 00:00:00+00:00,1269.399,1270.059,1261.332,1267.292,76540
2018-06-22 00:00:00+00:00,1267.296,1271.008,1266.718,1269.088,65202
2018-06-24 00:00:00+00:00,1271.095,1271.624,1270.871,1270.932,1414
2018-06-25 00:00:00+00:00,1270.932,1272.531,1264.363,1265.978,75762
2018-06-26 00:00:00+00:00,1265.962,1267.653,1254.748,1258.143,77825
2018-06-27 00:00:00+00:00,1258.141,1259.989,1250.746,1252.881,84669
2018-06-28 00:00:00+00:00,1252.884,1254.229,1245.91,1248.581,81313
2018-06-29 00:00:00+00:00,1248.551,1255.573,1245.978,1252.533,79160
2018-07-01 00:00:00+00:00,1253.02,1254.149,1252.785,1253.365,2202
2018-07-02 00:00:00+00:00,1253.329,1253.576,1239.648,1242.103,75367
2018-07-03 00:00:00+00:00,1242.105,1256.819,1237.914,1254.923,76943
2018-07-04 00:00:00+00:00,1254.923,1261.034,1253.985,1256.914,59939
2018-07-05 00:00:00+00:00,1256.908,1259.69,1251.262,1257.276,79228
2018-07-06 00:00:00+00:00,1257.317,1258.7,1252.776,1254.736,70201
2018-07-08 00:00:00+00:00,1255.83,1256.555,1255.637,1256.397,1155
2018-07-09 00:00:00+00:00,1256.377,1265.847,1255.423,1258.36,69082
2018-07-10 00:00:00+00:00,1258.35,1260.294,1247.33,1255.913,75041
2018-07-11 00:00:00+00:00,1255.912,1256.024,1241.507,1242.673,82708
2018-07-12 00:00:00+00:00,1242.671,1248.51,1241.29,1245.993,72577
2018-07-13 00:00:00+00:00,1245.942,1248.029,1236.388,1241.512,71700
2018-07-15 00:00:00+00:00,1241.63,1242.103,1241.064,1241.118,1275
2018-07-16 00:00:00+00:00,1241.118,1245.518,1238.302,1240.685,63113
2018-07-17 00:00:00+00:00,1240.688,1244.927,1226.064,1227.119,74918
2018-07-18 00:00:00+00:00,1227.168,1229.081,1221.047,1227.335,71135
2018-07-19 00:00:00+00:00,1227.334,1228.95,1211.435,1223.425,83248
2018-07-20 00:00:00+00:00,1223.439,1232.205,1215.673,1231.498,82784
2018-07-22 00:00:00+00:00,1231.819,1233.267,1231.5,1232.849,2694
2018-07-23 00:00:00+00:00,1232.845,1235.039,1222.211,1224.211,75551
2018-07-24 00:00:00+00:00,1224.211,1229.421,1218.045,1225.12,76108
2018-07-25 00:00:00+00:00,1225.151,1234.107,1223.213,1233.042,79080
2018-07-26 00:00:00+00:00,1233.06,1235.133,1222.31,1224.085,78515
2018-07-27 00:00:00+00:00,1224.066,1227.256,1217.538,1222.619,68370
2018-07-29 00:00:00+00:00,1223.091,1223.572,1222.006,1222.439,1316
2018-07-30 00:00:00+00:00,1222.455,1225.028,1219.0,1222.479,59635
2018-07-31 00:00:00+00:00,1222.503,1228.45,1214.003,1223.896,74550
2018-08-01 00:00:00+00:00,1223.9,1224.683,1215.741,1217.771,70944
2018-08-02 00:00:00+00:00,1217.796,1221.032,1207.015,1208.352,73887
2018-08-03 00:00:00+00:00,1208.351,1219.955,1204.451,1213.262,67725
2018-08-05 00:00:00+00:00,1213.69,1215.044,1213.516,1214.79,1515
2018-08-06 00:00:00+00:00,1214.789,1217.817,1205.895,1208.687,67281
2018-08-07 00:00:00+00:00,1208.691,1216.098,1207.771,1212.388,63870
2018-08-08 00:00:00+00:00,1212.391,1215.755,1206.202,1213.255,65621
2018-08-09 00:00:00+00:00,1213.266,1217.244,1210.744,1212.093,66880
2018-08-10 00:00:00+00:00,1212.077,1217.055,1205.726,1211.004,78903
2018-08-12 00:00:00+00:00,1212.46,1213.801,1211.927,1212.318,2123
2018-08-13 00:00:00+00:00,1212.291,1212.562,1191.497,1192.799,85309
2018-08-14 00:00:00+00:00,1192.767,1198.65,1192.057,1193.887,71931
2018-08-15 00:00:00+00:00,1193.888,1194.128,1173.089,1173.75,83753
2018-08-16 00:00:00+00:00,1173.75,1181.96,1160.182,1175.328,85975
2018-08-17 00:00:00+00:00,1175.324,1184.952,1171.9,1184.73,75507
2018-08-19 00:00:00+00:00,1183.23,1183.792,1182.915,1183.535,1629
2018-08-20 00:00:00+00:00,1183.519,1191.251,1182.868,1191.173,68372
2018-08-21 00:00:00+00:00,1191.174,1196.942,1187.643,1195.951,75486
2018-08-22 00:00:00+00:00,1195.993,1201.544,1192.58,1195.066,71897
2018-08-23 00:00:00+00:00,1195.049,1195.44,1183.861,1184.487,75375
2018-08-24 00:00:00+00:00,1184.489,1208.517,1183.097,1205.638,72855
2018-08-26 00:00:00+00:00,1206.47,1207.867,1206.054,1207.786,2220
2018-08-27 00:00:00+00:00,1207.746,1212.319,1203.205,1211.015,55572
2018-08-28 00:00:00+00:00,1211.007,1214.24,1199.616,1202.634,74779
2018-08-29 00:00:00+00:00,1202.634,1207.793,1201.376,1207.132,72380
2018-08-30 00:00:00+00:00,1207.153,1207.216,1196.244,1199.87,75936
2018-08-31 00:00:00+00:00,1199.865,1208.789,1198.273,1200.848,77393
2018-09-02 00:00:00+00:00,1199.64,1200.007,1198.719,1199.095,1607
2018-09-03 00:00:00+00:00,1199.094,1203.818,1195.522,1200.751,47175
2018-09-04 00:00:00+00:00,1200.745,1201.964,1189.626,1191.991,76939
2018-09-05 00:00:00+00:00,1191.99,1198.332,1190.904,1197.074,70719
2018-09-06 00:00:00+00:00,1197.082,1206.918,1195.68,1201.112,76268
2018-09-07 00:00:00+00:00,1201.116,1203.478,1193.405,1195.623,76285
2018-09-09 00:00:00+00:00,1195.01,1196.234,1194.902,1196.117,1593
2018-09-10 00:00:00+00:00,1196.089,1198.421,1191.524,1195.008,67383
2018-09-11 00:00:00+00:00,1195.011,1199.343,1187.715,1197.004,67654
2018-09-12 00:00:00+00:00,1197.005,1208.441,1192.586,1206.205,75577
2018-09-13 00:00:00+00:00,1206.2,1212.615,1200.116,1202.073,75522
2018-09-14 00:00:00+00:00,1202.074,1208.504,1192.897,1193.235,69848
2018-09-16 00:00:00+00:00,1194.16,1194.368,1193.014,1193.366,1616
2018-09-17 00:00:00+00:00,1193.364,1204.765,1192.773,1198.369,72802
2018-09-18 00:00:00+00:00,1198.371,1203.473,1195.844,1199.503,75974
2018-09-19 00:00:00+00:00,1199.496,1206.147,1198.211,1203.945,71491
2018-09-20 00:00:00+00:00,1203.942,1208.365,1201.037,1207.354,73370
2018-09-21 00:00:00+00:00,1207.365,1211.006,1191.846,1199.512,75198
2018-09-23 00:00:00+00:00,1197.695,1198.44,1197.033,1197.935,1442
2018-09-24 00:00:00+00:00,1197.932,1204.111,1194.391,1199.281,66963
2018-09-25 00:00:00+00:00,1199.307,1203.269,1197.039,1201.191,66699
2018-09-26 00:00:00+00:00,1201.194,1202.393,1190.49,1196.461,74076
2018-09-27 00:00:00+00:00,1196.408,1198.555,1181.877,1183.541,76433
2018-09-28 00:00:00+00:00,1183.53,1193.699,1180.744,1191.768,72587
2018-09-30 00:00:00+00:00,1191.41,1192.131,1190.673,1190.872,1854
2018-10-01 00:00:00+00:00,1190.877,1192.04,1184.552,1188.994,71690
2018-10-02 00:00:00+00:00,1189.013,1208.16,1188.721,1205.487,80538
2018-10-03 00:00:00+00:00,1205.491,1208.216,1196.457,1197.928,79670
2018-10-04 00:00:00+00:00,1197.93,1206.649,1195.979,1199.055,80859
2018-10-05 00:00:00+00:00,1199.048,1205.713,1197.22,1202.678,72844
2018-10-07 00:00:00+00:00,1203.12,1203.97,1202.859,1203.755,1546
2018-10-08 00:00:00+00:00,1203.753,1204.04,1182.418,1190.65,74773
2018-10-09 00:00:00+00:00,1190.672,1191.805,1183.311,1189.84,76690
2018-10-10 00:00:00+00:00,1189.827,1194.775,1185.282,1193.88,78062
2018-10-11 00:00:00+00:00,1193.905,1226.272,1191.24,1221.251,96895
2018-10-12 00:00:00+00:00,1221.266,1223.444,1215.814,1217.801,56398
2018-10-14 00:00:00+00:00,1218.857,1220.249,1218.857,1219.204,1319
2018-10-15 00:00:00+00:00,1219.203,1233.204,1219.203,1226.768,55290
2018-10-16 00:00:00+00:00,1226.77,1232.331,1223.343,1224.911,53841
2018-10-17 00:00:00+00:00,1224.911,1229.433,1220.597,1222.194,57936
2018-10-18 00:00:00+00:00,1222.195,1230.053,1218.669,1225.835,59274
2018-10-19 00:00:00+00:00,1225.834,1230.727,1223.113,1226.292,54756
2018-10-21 00:00:00+00:00,1228.066,1228.122,1226.754,1227.274,2225
2018-10-22 00:00:00+00:00,1227.297,1229.485,1220.088,1222.323,51754
2018-10-23 00:00:00+00:00,1222.321,1239.675,1221.89,1230.884,57730
2018-10-24 00:00:00+00:00,1230.866,1235.205,1225.607,1235.166,59119
2018-10-25 00:00:00+00:00,1235.207,1239.116,1228.072,1231.772,60178
2018-10-26 00:00:00+00:00,1231.742,1243.354,1230.045,1233.594,66020
2018-10-28 00:00:00+00:00,1233.097,1233.928,1232.671,1232.738,2118
2018-10-29 00:00:00+00:00,1232.757,1235.328,1224.317,1230.052,71621
2018-10-30 00:00:00+00:00,1230.065,1230.548,1219.892,1222.556,62889
2018-10-31 00:00:00+00:00,1222.56,1222.812,1211.958,1216.016,60780
2018-11-01 00:00:00+00:00,1216.016,1237.33,1215.883,1232.947,64135
2018-11-02 00:00:00+00:00,1232.959,1236.396,1229.748,1232.876,65481
2018-11-04 00:00:00+00:00,1233.117,1234.183,1233.117,1234.042,1462
2018-11-05 00:00:00+00:00,1234.076,1235.088,1226.875,1231.021,56561
2018-11-06 00:00:00+00:00,1231.026,1235.855,1223.466,1227.877,55311
2018-11-07 00:00:00+00:00,1227.878,1236.346,1222.912,1226.04,66695
2018-11-08 00:00:00+00:00,1226.03,1226.861,1220.112,1223.048,60967
2018-11-09 00:00:00+00:00,1223.047,1223.248,1206.739,1209.584,59529
2018-11-11 00:00:00+00:00,1209.544,1210.727,1209.217,1210.726,1424
2018-11-12 00:00:00+00:00,1210.723,1211.388,1200.085,1202.29,54901
2018-11-13 00:00:00+00:00,1202.296,1205.123,1196.294,1203.024,60926
2018-11-14 00:00:00+00:00,1203.022,1216.282,1197.669,1210.97,65356
2018-11-15 00:00:00+00:00,1210.959,1216.339,1207.648,1213.946,65255
2018-11-16 00:00:00+00:00,1213.961,1225.238,1213.826,1221.559,58274
2018-11-18 00:00:00+00:00,1221.955,1222.686,1221.555,1222.522,1336
2018-11-19 00:00:00+00:00,1222.523,1225.16,1218.009,1224.101,56687
2018-11-20 00:00:00+00:00,1224.1,1228.706,1219.922,1221.625,60471
2018-11-21 00:00:00+00:00,1221.627,1230.015,1219.783,1225.745,54353
2018-11-22 00:00:00+00:00,1225.748,1229.014,1224.873,1227.373,36160
2018-11-23 00:00:00+00:00,1227.372,1228.48,1220.299,1222.983,41975
2018-11-25 00:00:00+00:00,1223.581,1224.339,1223.283,1224.3,1429
2018-11-26 00:00:00+00:00,1224.301,1227.983,1221.685,1222.612,50919
2018-11-27 00:00:00+00:00,1222.626,1225.205,1211.898,1214.449,53272
2018-11-28 00:00:00+00:00,1214.449,1226.609,1211.169,1221.009,55028
2018-11-29 00:00:00+00:00,1221.008,1228.931,1220.668,1224.258,57062
2018-11-30 00:00:00+00:00,1224.262,1225.493,1216.663,1222.016,50161
2018-12-02 00:00:00+00:00,1223.023,1223.174,1221.97,1222.05,1600
2018-12-03 00:00:00+00:00,1222.058,1234.883,1221.28,1231.169,58330
2018-12-04 00:00:00+00:00,1231.176,1241.896,1230.498,1238.768,61145
2018-12-05 00:00:00+00:00,1238.722,1238.987,1233.326,1238.256,44104
2018-12-06 00:00:00+00:00,1238.251,1244.259,1234.732,1237.38,63674
2018-12-07 00:00:00+00:00,1237.366,1249.978,1237.29,1248.211,57352
2018-12-09 00:00:00+00:00,1250.188,1250.477,1248.844,1248.988,1765
2018-12-10 00:00:00+00:00,1248.988,1250.265,1241.6,1244.106,58091
2018-12-11 00:00:00+00:00,1244.11,1249.461,1241.008,1243.09,56509
2018-12-12 00:00:00+00:00,1243.089,1247.163,1241.987,1246.085,55675
2018-12-13 00:00:00+00:00,1246.086,1246.679,1240.099,1242.442,54043
2018-12-14 00:00:00+00:00,1242.445,1242.975,1232.889,1238.244,52015
2018-12-16 00:00:00+00:00,1237.299,1237.913,1236.962,1237.071,1175
2018-12-17 00:00:00+00:00,1237.075,1248.032,1235.793,1245.848,51607
2018-12-18 00:00:00+00:00,1245.848,1250.309,1245.033,1249.468,53870
2018-12-19 00:00:00+00:00,1249.474,1257.967,1241.503,1244.137,62019
2018-12-20 00:00:00+00:00,1244.113,1266.419,1242.739,1261.947,68973
2018-12-21 00:00:00+00:00,1261.961,1262.697,1253.951,1255.655,59029
2018-12-23 00:00:00+00:00,1258.6,1259.027,1257.98,1258.858,1537
2018-12-24 00:00:00+00:00,1258.847,1269.488,1258.768,1268.232,46075
2018-12-26 00:00:00+00:00,1273.719,1278.99,1264.572,1269.12,61059
2018-12-27 00:00:00+00:00,1269.123,1278.876,1266.638,1274.689,65920
2018-12-28 00:00:00+00:00,1274.668,1282.053,1274.251,1280.724,59272
2018-12-30 00:00:00+00:00,1280.074,1280.074,1278.913,1279.756,1305
2018-12-31 00:00:00+00:00,1279.756,1284.009,1277.432,1282.507,46010
2019-01-02 00:00:00+00:00,1281.143,1290.153,1278.603,1285.846,60195
2019-01-03 00:00:00+00:00,1285.835,1295.181,1284.588,1295.159,67129
2019-01-04 00:00:00+00:00,1295.157,1298.467,1276.643,1284.718,65550
2019-01-06 00:00:00+00:00,1285.549,1285.938,1284.114,1284.203,1584
2019-01-07 00:00:00+00:00,1284.201,1295.0,1282.631,1288.844,59536
2019-01-08 00:00:00+00:00,1288.845,1290.159,1279.375,1285.131,58849
2019-01-09 00:00:00+00:00,1285.13,1293.82,1280.111,1292.864,61732
2019-01-10 00:00:00+00:00,1292.873,1297.004,1286.093,1287.914,60141
2019-01-11 00:00:00+00:00,1287.925,1295.105,1286.982,1287.468,55036
2019-01-13 00:00:00+00:00,1288.078,1288.572,1287.884,1288.107,1332
2019-01-14 00:00:00+00:00,1288.102,1295.802,1287.934,1291.468,55337
2019-01-15 00:00:00+00:00,1291.471,1294.617,1286.724,1289.585,59561
2019-01-16 00:00:00+00:00,1289.586,1294.911,1287.899,1292.943,55501
2019-01-17 00:00:00+00:00,1292.943,1295.299,1288.779,1292.281,56047
2019-01-18 00:00:00+00:00,1292.283,1292.398,1280.615,1281.482,53929
2019-01-20 00:00:00+00:00,1282.538,1283.237,1282.464,1282.578,1277
2019-01-21 00:00:00+00:00,1282.587,1283.519,1276.77,1279.645,37332
2019-01-22 00:00:00+00:00,1279.649,1285.441,1277.405,1284.553,53101
2019-01-23 00:00:00+00:00,1284.559,1286.46,1278.67,1283.727,52297
2019-01-24 00:00:00+00:00,1283.723,1284.749,1276.792,1281.339,54623
2019-01-25 00:00:00+00:00,1281.338,1303.585,1279.946,1303.105,54425
2019-01-27 00:00:00+00:00,1302.403,1302.517,1299.918,1300.004,1515
2019-01-28 00:00:00+00:00,1300.002,1304.369,1297.679,1303.816,52473
2019-01-29 00:00:00+00:00,1303.823,1311.923,1302.677,1310.694,53551
2019-01-30 00:00:00+00:00,1310.7,1323.308,1309.012,1319.211,58029
2019-01-31 00:00:00+00:00,1319.211,1326.176,1317.425,1321.024,57271
2019-02-01 00:00:00+00:00,1321.026,1323.471,1316.102,1317.652,53919
2019-02-03 00:00:00+00:00,1317.638,1317.886,1316.529,1317.116,1317
2019-02-04 00:00:00+00:00,1317.133,1317.485,1308.627,1311.736,51850
2019-02-05 00:00:00+00:00,1311.737,1316.817,1310.721,1314.953,50701
2019-02-06 00:00:00+00:00,1314.948,1315.779,1305.718,1306.605,51436
2019-02-07 00:00:00+00:00,1306.596,1311.889,1302.797,1310.419,54701
2019-02-08 00:00:00+00:00,1310.427,1315.583,1307.77,1313.957,49509
2019-02-10 00:00:00+00:00,1313.52,1313.932,1313.372,1313.651,1182
2019-02-11 00:00:00+00:00,1313.637,1314.82,1303.694,1307.749,51997
2019-02-12 00:00:00+00:00,1307.748,1314.713,1306.502,1310.253,52814
2019-02-13 00:00:00+00:00,1310.25,1318.083,1305.036,1307.607,55255
2019-02-14 00:00:00+00:00,1307.612,1314.308,1302.365,1311.89,57632
2019-02-15 00:00:00+00:00,1311.891,1322.507,1311.365,1321.083,51942
2019-02-17 00:00:00+00:00,1320.975,1321.303,1320.583,1321.084,1460
2019-02-18 00:00:00+00:00,1321.101,1327.572,1320.844,1326.386,37424
2019-02-19 00:00:00+00:00,1326.386,1341.724,1322.82,1339.516,54530
2019-02-20 00:00:00+00:00,1339.516,1346.657,1336.863,1340.575,59232
2019-02-21 00:00:00+00:00,1340.573,1341.444,1320.91,1325.818,62332
2019-02-22 00:00:00+00:00,1325.818,1333.047,1321.512,1327.794,54698
2019-02-24 00:00:00+00:00,1327.607,1328.511,1327.511,1327.71,1341
2019-02-25 00:00:00+00:00,1327.717,1332.513,1325.132,1327.498,55306
2019-02-26 00:00:00+00:00,1327.502,1330.145,1323.487,1329.22,54852
2019-02-27 00:00:00+00:00,1329.212,1329.852,1316.911,1321.107,52795
2019-02-28 00:00:00+00:00,1321.086,1327.241,1312.565,1314.18,57159
2019-03-01 00:00:00+00:00,1314.18,1315.118,1290.161,1293.279,58635
2019-03-03 00:00:00+00:00,1295.386,1296.153,1295.016,1295.19,1688
2019-03-04 00:00:00+00:00,1295.206,1297.002,1282.833,1287.066,57075
2019-03-05 00:00:00+00:00,1287.065,1289.509,1281.209,1287.907,55833
2019-03-06 00:00:00+00:00,1287.909,1290.858,1283.601,1287.071,55293
2019-03-07 00:00:00+00:00,1287.096,1288.961,1280.832,1285.953,55667
2019-03-08 00:00:00+00:00,1285.971,1300.681,1285.198,1298.274,58795
2019-03-10 00:00:00+00:00,1296.869,1297.359,1296.613,1297.21,1290
2019-03-11 00:00:00+00:00,1297.214,1299.054,1290.453,1292.538,48100
2019-03-12 00:00:00+00:00,1292.576,1302.114,1292.422,1301.879,50404
2019-03-13 00:00:00+00:00,1301.908,1311.195,1301.674,1309.352,49645
2019-03-14 00:00:00+00:00,1309.353,1309.757,1292.842,1296.08,52470
2019-03-15 00:00:00+00:00,1296.081,1306.327,1293.963,1302.208,49179
2019-03-17 00:00:00+00:00,1302.109,1302.301,1300.568,1300.579,2298
2019-03-18 00:00:00+00:00,1300.586,1306.64,1298.185,1303.442,47914
2019-03-19 00:00:00+00:00,1303.445,1310.827,1303.414,1306.199,48476
2019-03-20 00:00:00+00:00,1306.189,1316.902,1298.671,1315.391,56333
2019-03-21 00:00:00+00:00,1315.392,1320.305,1303.262,1308.571,55424
2019-03-22 00:00:00+00:00,1308.575,1314.894,1306.82,1313.223,53581
2019-03-24 00:00:00+00:00,1313.47,1313.771,1311.644,1311.644,2419
2019-03-25 00:00:00+00:00,1311.608,1324.425,1310.994,1321.287,52107
2019-03-26 00:00:00+00:00,1321.3,1322.142,1312.681,1316.399,53373
2019-03-27 00:00:00+00:00,1316.408,1319.235,1308.129,1309.363,56269
2019-03-28 00:00:00+00:00,1309.36,1312.26,1288.539,1291.52,55807
2019-03-29 00:00:00+00:00,1291.526,1299.724,1286.575,1292.057,52863
2019-03-31 00:00:00+00:00,1292.237,1293.188,1291.446,1291.714,2637
2019-04-01 00:00:00+00:00,1291.725,1296.942,1286.498,1287.363,53127
2019-04-02 00:00:00+00:00,1287.366,1292.826,1285.247,1291.736,49161
2019-04-03 00:00:00+00:00,1291.734,1294.476,1288.39,1291.814,48576
2019-04-04 00:00:00+00:00,1291.813,1294.318,1280.894,1292.117,49369
2019-04-05 00:00:00+00:00,1292.125,1293.106,1284.39,1291.374,46681
2019-04-07 00:00:00+00:00,1292.246,1293.615,1291.401,1291.755,2246
2019-04-08 00:00:00+00:00,1291.725,1303.639,1291.659,1297.977,45640
2019-04-09 00:00:00+00:00,1297.973,1306.112,1296.566,1304.616,47301
2019-04-10 00:00:00+00:00,1304.609,1310.529,1300.937,1308.043,49247
2019-04-11 00:00:00+00:00,1308.044,1308.315,1289.673,1292.195,50991
2019-04-12 00:00:00+00:00,1292.165,1295.691,1290.021,1290.433,46020
2019-04-14 00:00:00+00:00,1291.299,1291.907,1289.32,1289.732,2451
2019-04-15 00:00:00+00:00,1289.732,1290.324,1282.493,1288.357,48413
2019-04-16 00:00:00+00:00,1288.355,1288.36,1272.935,1276.587,49849
2019-04-17 00:00:00+00:00,1276.568,1279.72,1273.014,1274.169,46917
2019-04-18 00:00:00+00:00,1274.169,1277.605,1271.069,1275.593,44975
2019-04-22 00:00:00+00:00,1276.818,1279.736,1273.789,1274.59,36682
2019-04-23 00:00:00+00:00,1274.59,1276.436,1266.285,1271.399,44013
2019-04-24 00:00:00+00:00,1271.414,1278.443,1268.69,1274.664,46660
2019-04-25 00:00:00+00:00,1274.667,1282.534,1273.354,1278.608,46953
2019-04-26 00:00:00+00:00,1278.573,1288.629,1274.502,1285.879,47720
2019-04-28 00:00:00+00:00,1285.979,1286.616,1285.712,1285.822,1862
2019-04-29 00:00:00+00:00,1285.823,1286.58,1278.063,1280.369,42626
2019-04-30 00:00:00+00:00,1280.367,1286.142,1279.854,1283.142,46707
2019-05-01 00:00:00+00:00,1283.119,1287.164,1273.002,1277.049,48767
2019-05-02 00:00:00+00:00,1277.05,1277.372,1266.24,1270.734,47793
2019-05-03 00:00:00+00:00,1270.733,1282.498,1268.47,1278.982,43446
2019-05-05 00:00:00+00:00,1282.584,1285.752,1281.669,1284.203,5129
2019-05-06 00:00:00+00:00,1284.199,1285.111,1276.985,1282.85,50082
2019-05-07 00:00:00+00:00,1282.852,1286.016,1278.185,1284.785,49689
2019-05-08 00:00:00+00:00,1284.785,1291.395,1279.357,1281.319,50498
2019-05-09 00:00:00+00:00,1281.318,1288.114,1279.337,1283.708,53765
2019-05-10 00:00:00+00:00,1283.712,1289.351,1283.144,1285.684,52004
2019-05-12 00:00:00+00:00,1287.211,1288.026,1286.841,1287.176,2574
2019-05-13 00:00:00+00:00,1287.182,1301.69,1281.943,1301.69,49999
2019-05-14 00:00:00+00:00,1301.694,1303.24,1293.705,1297.074,46626
2019-05-15 00:00:00+00:00,1297.042,1300.817,1293.005,1296.476,48430
2019-05-16 00:00:00+00:00,1296.477,1298.663,1284.072,1285.838,46607
2019-05-17 00:00:00+00:00,1285.808,1288.879,1274.87,1277.647,45524
2019-05-19 00:00:00+00:00,1278.353,1278.841,1276.969,1277.713,2226
2019-05-20 00:00:00+00:00,1277.709,1278.891,1273.647,1277.401,44567
2019-05-21 00:00:00+00:00,1277.401,1277.41,1269.472,1274.591,42728
2019-05-22 00:00:00+00:00,1274.59,1277.217,1272.455,1274.226,41408
2019-05-23 00:00:00+00:00,1274.218,1287.194,1272.774,1284.127,48452
2019-05-24 00:00:00+00:00,1284.094,1285.154,1280.742,1284.805,42818
2019-05-26 00:00:00+00:00,1285.418,1285.576,1284.1,1284.679,2000
2019-05-27 00:00:00+00:00,1284.675,1287.325,1283.743,1285.687,27498
2019-05-28 00:00:00+00:00,1285.694,1286.519,1276.128,1279.875,47324
2019-05-29 00:00:00+00:00,1279.875,1285.447,1279.065,1279.836,51163
2019-05-30 00:00:00+00:00,1279.841,1290.554,1274.984,1290.435,47850
2019-05-31 00:00:00+00:00,1290.427,1306.834,1290.347,1305.484,53984
2019-06-02 00:00:00+00:00,1306.676,1309.387,1306.44,1309.259,3541
2019-06-03 00:00:00+00:00,1309.255,1327.91,1308.503,1325.116,57396
2019-06-04 00:00:00+00:00,1325.116,1328.977,1319.935,1325.293,56645
2019-06-05 00:00:00+00:00,1325.289,1343.99,1325.289,1330.876,61616
2019-06-06 00:00:00+00:00,1330.873,1339.718,1327.219,1333.393,56601
2019-06-07 00:00:00+00:00,1333.396,1348.18,1330.178,1340.699,52114
2019-06-09 00:00:00+00:00,1334.655,1335.765,1333.279,1334.981,3508
2019-06-10 00:00:00+00:00,1334.964,1337.615,1325.084,1329.238,52004
2019-06-11 00:00:00+00:00,1329.241,1329.791,1319.857,1327.709,50056
2019-06-12 00:00:00+00:00,1327.712,1338.259,1325.99,1333.523,54077
2019-06-13 00:00:00+00:00,1333.52,1344.552,1332.371,1344.433,53544
2019-06-14 00:00:00+00:00,1344.434,1358.042,1337.781,1341.217,57375
2019-06-16 00:00:00+00:00,1341.811,1341.999,1338.505,1338.532,2700
2019-06-17 00:00:00+00:00,1338.534,1343.424,1332.97,1339.654,54101
2019-06-18 00:00:00+00:00,1339.654,1354.524,1338.59,1345.447,61520
2019-06-19 00:00:00+00:00,1345.447,1362.504,1341.317,1357.883,66327
2019-06-20 00:00:00+00:00,1357.89,1393.816,1357.89,1390.81,80147
2019-06-21 00:00:00+00:00,1390.79,1411.56,1382.379,1399.452,77485
2019-06-23 00:00:00+00:00,1400.407,1410.164,1400.295,1406.811,6390
2019-06-24 00:00:00+00:00,1406.811,1425.953,1400.695,1425.209,69848
2019-06-25 00:00:00+00:00,1425.223,1439.001,1411.903,1418.335,91662
2019-06-26 00:00:00+00:00,1418.358,1420.489,1401.959,1410.685,77391
2019-06-27 00:00:00+00:00,1410.7,1411.999,1398.53,1411.055,66727
2019-06-28 00:00:00+00:00,1411.014,1424.526,1405.67,1409.677,63383
2019-06-30 00:00:00+00:00,1392.789,1397.69,1389.255,1392.085,7788
2019-07-01 00:00:00+00:00,1392.04,1396.989,1381.774,1385.483,70140
2019-07-02 00:00:00+00:00,1385.489,1436.051,1383.866,1431.221,73120
2019-07-03 00:00:00+00:00,1431.263,1437.668,1412.029,1418.383,74620
2019-07-04 00:00:00+00:00,1418.394,1424.11,1410.205,1420.899,45666
2019-07-05 00:00:00+00:00,1420.909,1421.301,1386.529,1398.739,67080
2019-07-07 00:00:00+00:00,1399.279,1399.306,1392.706,1395.651,4869
2019-07-08 00:00:00+00:00,1395.637,1407.526,1391.726,1394.305,59984
2019-07-09 00:00:00+00:00,1394.281,1399.945,1385.732,1395.216,58928
2019-07-10 00:00:00+00:00,1395.241,1422.438,1389.917,1421.981,67763
2019-07-11 00:00:00+00:00,1421.965,1427.032,1400.823,1403.926,66695
2019-07-12 00:00:00+00:00,1403.949,1416.79,1403.075,1415.346,56836
2019-07-14 00:00:00+00:00,1416.621,1419.668,1412.835,1416.199,4437
2019-07-15 00:00:00+00:00,1416.2,1418.197,1407.713,1415.433,55714
2019-07-16 00:00:00+00:00,1415.422,1416.205,1400.935,1405.188,58840
2019-07-17 00:00:00+00:00,1405.167,1428.505,1400.082,1424.592,59156
2019-07-18 00:00:00+00:00,1424.629,1452.884,1414.55,1442.887,74477
2019-07-19 00:00:00+00:00,1442.892,1445.205,1420.192,1425.402,68485
2019-07-21 00:00:00+00:00,1426.629,1427.068,1423.581,1425.038,3545
2019-07-22 00:00:00+00:00,1425.04,1429.939,1422.251,1423.655,56953
2019-07-23 00:00:00+00:00,1423.647,1429.963,1414.109,1417.011,60827
2019-07-24 00:00:00+00:00,1417.011,1429.391,1416.505,1425.282,54050
2019-07-25 00:00:00+00:00,1425.248,1433.723,1411.072,1415.008,59087
2019-07-26 00:00:00+00:00,1415.009,1424.753,1413.451,1418.343,48792
2019-07-28 00:00:00+00:00,1420.739,1420.858,1419.289,1420.079,2221
2019-07-29 00:00:00+00:00,1420.086,1428.062,1414.68,1424.462,47932
2019-07-30 00:00:00+00:00,1424.46,1433.146,1422.268,1430.766,47211
2019-07-31 00:00:00+00:00,1430.785,1434.227,1410.546,1412.164,64840
2019-08-01 00:00:00+00:00,1412.168,1446.613,1400.49,1438.129,76038
2019-08-02 00:00:00+00:00,1438.118,1447.895,1430.254,1440.772,74312
2019-08-04 00:00:00+00:00,1440.304,1441.167,1436.728,1439.554,3103
2019-08-05 00:00:00+00:00,1439.575,1474.68,1438.704,1473.969,82939
2019-08-06 00:00:00+00:00,1473.956,1477.268,1456.421,1476.792,72067
2019-08-07 00:00:00+00:00,1476.772,1510.312,1474.569,1501.585,90920
2019-08-08 00:00:00+00:00,1501.585,1509.418,1489.833,1504.156,76356
2019-08-09 00:00:00+00:00,1504.153,1507.929,1494.751,1497.137,61915
2019-08-11 00:00:00+00:00,1496.193,1501.473,1494.538,1500.747,3500
2019-08-12 00:00:00+00:00,1500.786,1519.962,1487.335,1512.067,62845
2019-08-13 00:00:00+00:00,1512.061,1534.92,1479.833,1500.84,89151
2019-08-14 00:00:00+00:00,1500.839,1523.938,1494.162,1516.954,86568
2019-08-15 00:00:00+00:00,1516.931,1527.065,1507.809,1526.553,88177
2019-08-16 00:00:00+00:00,1526.535,1527.913,1503.709,1512.967,62562
2019-08-18 00:00:00+00:00,1509.674,1512.896,1509.05,1509.341,2974
2019-08-19 00:00:00+00:00,1509.376,1512.655,1492.957,1496.091,59154
2019-08-20 00:00:00+00:00,1496.059,1508.491,1494.344,1506.127,50985
2019-08-21 00:00:00+00:00,1506.128,1507.391,1496.514,1502.554,50615
2019-08-22 00:00:00+00:00,1502.559,1504.539,1492.448,1497.441,49626
2019-08-23 00:00:00+00:00,1497.442,1530.178,1493.504,1526.632,62133
2019-08-25 00:00:00+00:00,1546.31,1554.998,1543.391,1547.301,9366
2019-08-26 00:00:00+00:00,1547.299,1549.096,1525.003,1528.528,77423
2019-08-27 00:00:00+00:00,1528.526,1544.548,1525.568,1543.5,57850
2019-08-28 00:00:00+00:00,1543.477,1546.76,1531.905,1538.687,60930
2019-08-29 00:00:00+00:00,1538.674,1550.322,1519.642,1528.719,68252
2019-08-30 00:00:00+00:00,1528.664,1533.061,1517.002,1520.228,60971
2019-09-01 00:00:00+00:00,1529.614,1533.446,1528.299,1529.069,3903
2019-09-02 00:00:00+00:00,1529.103,1531.098,1519.344,1526.219,39705
2019-09-03 00:00:00+00:00,1526.22,1549.833,1521.608,1549.094,64877
2019-09-04 00:00:00+00:00,1549.056,1556.943,1533.825,1551.234,65523
2019-09-05 00:00:00+00:00,1551.208,1551.629,1505.819,1518.291,73932
2019-09-06 00:00:00+00:00,1518.333,1527.789,1502.426,1506.738,79783
2019-09-08 00:00:00+00:00,1505.025,1507.613,1503.375,1505.81,3825
2019-09-09 00:00:00+00:00,1505.777,1515.394,1495.433,1496.221,63348
2019-09-10 00:00:00+00:00,1496.172,1500.824,1484.457,1486.972,65923
2019-09-11 00:00:00+00:00,1486.969,1498.189,1486.846,1492.98,56015
2019-09-12 00:00:00+00:00,1492.984,1524.109,1489.231,1497.695,71123
2019-09-13 00:00:00+00:00,1497.728,1508.927,1485.772,1488.691,58489
2019-09-15 00:00:00+00:00,1500.527,1507.757,1498.627,1506.059,7207
2019-09-16 00:00:00+00:00,1506.096,1512.025,1495.879,1497.941,64297
2019-09-17 00:00:00+00:00,1497.967,1507.018,1493.178,1500.767,59505
2019-09-18 00:00:00+00:00,1500.771,1511.346,1483.001,1491.123,69565
2019-09-19 00:00:00+00:00,1491.122,1504.384,1488.772,1499.613,62689
2019-09-20 00:00:00+00:00,1499.595,1516.923,1498.3,1516.302,56766
2019-09-22 00:00:00+00:00,1512.952,1514.344,1511.696,1514.329,4316
2019-09-23 00:00:00+00:00,1514.332,1526.722,1511.437,1520.782,63807
2019-09-24 00:00:00+00:00,1520.78,1535.578,1515.597,1531.6,69250
2019-09-25 00:00:00+00:00,1531.552,1535.021,1500.255,1506.433,71547
2019-09-26 00:00:00+00:00,1506.434,1512.24,1500.368,1506.724,65074
2019-09-27 00:00:00+00:00,1506.756,1507.334,1486.852,1496.761,70092
2019-09-29 00:00:00+00:00,1496.467,1500.435,1496.033,1496.222,3686
2019-09-30 00:00:00+00:00,1496.224,1497.156,1464.466,1473.569,70434
2019-10-01 00:00:00+00:00,1473.577,1487.141,1459.052,1481.475,77024
2019-10-02 00:00:00+00:00,1481.513,1504.974,1474.508,1499.975,72162
2019-10-03 00:00:00+00:00,1499.983,1519.49,1495.789,1508.279,78148
2019-10-04 00:00:00+00:00,1508.246,1515.927,1495.826,1504.414,69816
2019-10-06 00:00:00+00:00,1508.319,1508.602,1505.394,1508.064,2559
2019-10-07 00:00:00+00:00,1508.069,1509.211,1488.078,1492.029,60364
2019-10-08 00:00:00+00:00,1492.016,1509.594,1486.904,1508.699,76743
2019-10-09 00:00:00+00:00,1508.71,1516.982,1499.793,1511.551,70155
2019-10-10 00:00:00+00:00,1511.568,1513.81,1491.134,1494.003,75541
2019-10-11 00:00:00+00:00,1493.986,1503.07,1473.972,1488.118,75716
2019-10-13 00:00:00+00:00,1486.82,1487.23,1482.815,1484.586,3656
2019-10-14 00:00:00+00:00,1484.634,1496.997,1483.727,1491.185,55798
2019-10-15 00:00:00+00:00,1491.218,1498.345,1477.203,1481.926,59669
2019-10-16 00:00:00+00:00,1481.926,1491.518,1477.01,1490.028,61871
2019-10-17 00:00:00+00:00,1490.03,1497.259,1483.406,1492.825,58480
2019-10-18 00:00:00+00:00,1492.787,1493.324,1484.85,1490.403,51434
2019-10-20 00:00:00+00:00,1491.988,1492.132,1490.489,1491.538,2774
2019-10-21 00:00:00+00:00,1491.541,1495.147,1481.54,1484.105,52388
2019-10-22 00:00:00+00:00,1484.107,1489.215,1480.846,1488.727,52564
2019-10-23 00:00:00+00:00,1488.738,1496.2,1487.687,1492.078,51932
2019-10-24 00:00:00+00:00,1492.076,1503.911,1487.961,1502.668,52202
2019-10-25 00:00:00+00:00,1502.68,1517.861,1500.591,1504.378,53602
2019-10-27 00:00:00+00:00,1502.711,1504.1,1502.212,1503.947,2241
2019-10-28 00:00:00+00:00,1503.955,1508.124,1490.002,1491.688,53170
2019-10-29 00:00:00+00:00,1491.688,1494.711,1483.555,1487.257,53008
2019-10-30 00:00:00+00:00,1487.249,1496.499,1481.144,1495.176,59084
2019-10-31 00:00:00+00:00,1495.193,1514.123,1493.92,1512.171,59494
2019-11-01 00:00:00+00:00,1512.182,1515.894,1503.321,1514.124,53872
2019-11-03 00:00:00+00:00,1512.838,1513.146,1512.227,1512.852,1265
2019-11-04 00:00:00+00:00,1512.851,1514.707,1504.384,1506.683,51987
2019-11-05 00:00:00+00:00,1506.687,1507.747,1479.308,1484.364,60666
2019-11-06 00:00:00+00:00,1484.398,1494.115,1482.94,1490.152,55562
2019-11-07 00:00:00+00:00,1490.175,1492.117,1460.63,1468.651,64358
2019-11-08 00:00:00+00:00,1468.616,1472.878,1456.2,1458.943,62333
2019-11-10 00:00:00+00:00,1460.307,1461.038,1459.98,1460.966,1448
2019-11-11 00:00:00+00:00,1460.973,1466.367,1448.205,1455.583,50732
2019-11-12 00:00:00+00:00,1455.581,1460.348,1445.578,1458.243,62446
2019-11-13 00:00:00+00:00,1458.265,1466.995,1457.204,1463.483,59300
2019-11-14 00:00:00+00:00,1463.479,1474.549,1461.113,1469.183,57436
2019-11-15 00:00:00+00:00,1469.19,1469.813,1462.402,1467.719,51512
2019-11-17 00:00:00+00:00,1467.963,1469.539,1467.65,1469.001,1330
2019-11-18 00:00:00+00:00,1469.01,1473.833,1456.334,1471.683,54714
2019-11-19 00:00:00+00:00,1471.666,1475.259,1464.773,1474.484,56231
2019-11-20 00:00:00+00:00,1474.477,1478.743,1465.81,1474.363,60904
2019-11-21 00:00:00+00:00,1474.382,1475.555,1462.357,1465.083,61030
2019-11-22 00:00:00+00:00,1465.047,1473.12,1461.334,1461.986,53220
2019-11-24 00:00:00+00:00,1460.59,1460.928,1459.64,1460.412,1493
2019-11-25 00:00:00+00:00,1460.401,1462.041,1453.615,1453.832,49500
2019-11-26 00:00:00+00:00,1453.84,1462.764,1449.895,1460.485,49717
2019-11-27 00:00:00+00:00,1460.45,1461.141,1452.534,1456.845,48888
2019-11-28 00:00:00+00:00,1456.817,1458.191,1454.194,1456.016,31323
2019-11-29 00:00:00+00:00,1456.024,1466.444,1452.991,1463.914,41400
2019-12-01 00:00:00+00:00,1462.603,1462.603,1461.559,1461.778,1604
2019-12-02 00:00:00+00:00,1461.746,1465.735,1453.917,1462.598,55645
2019-12-03 00:00:00+00:00,1462.609,1481.689,1459.793,1476.582,60953
2019-12-04 00:00:00+00:00,1476.593,1483.956,1471.408,1475.523,61313
2019-12-05 00:00:00+00:00,1475.524,1480.262,1472.87,1475.925,55198
2019-12-06 00:00:00+00:00,1475.942,1479.211,1458.659,1459.856,52962
2019-12-08 00:00:00+00:00,1458.717,1459.945,1458.71,1459.899,1533
2019-12-09 00:00:00+00:00,1459.893,1465.306,1459.057,1461.044,46173
2019-12-10 00:00:00+00:00,1461.038,1469.082,1460.008,1463.853,51513
2019-12-11 00:00:00+00:00,1463.814,1478.821,1462.703,1474.533,51963
2019-12-12 00:00:00+00:00,1474.542,1486.641,1461.868,1465.021,62262
2019-12-13 00:00:00+00:00,1465.06,1477.957,1464.768,1475.616,62447
2019-12-15 00:00:00+00:00,1474.939,1474.987,1473.729,1474.073,1686
2019-12-16 00:00:00+00:00,1474.096,1479.786,1473.141,1475.303,48458
2019-12-17 00:00:00+00:00,1475.307,1480.418,1474.185,1475.58,46623
2019-12-18 00:00:00+00:00,1475.577,1479.229,1470.436,1475.724,45443
2019-12-19 00:00:00+00:00,1475.721,1481.614,1473.248,1478.396,45813
2019-12-20 00:00:00+00:00,1478.414,1480.893,1475.817,1477.897,40933
2019-12-22 00:00:00+00:00,1477.946,1478.58,1477.448,1478.463,1329
2019-12-23 00:00:00+00:00,1478.461,1486.068,1478.382,1485.406,42660
2019-12-24 00:00:00+00:00,1485.44,1500.412,1484.343,1499.587,35710
2019-12-26 00:00:00+00:00,1504.34,1512.501,1502.695,1511.122,35982
2019-12-27 00:00:00+00:00,1511.118,1515.222,1507.309,1510.913,47361
2019-12-29 00:00:00+00:00,1511.309,1513.889,1511.012,1513.466,1803
2019-12-30 00:00:00+00:00,1513.459,1516.028,1510.741,1514.854,44922
2019-12-31 00:00:00+00:00,1514.854,1525.185,1514.769,1522.657,39708
2020-01-02 00:00:00+00:00,1518.464,1531.275,1517.172,1528.743,49227
2020-01-03 00:00:00+00:00,1528.725,1553.419,1528.725,1551.883,66506
2020-01-05 00:00:00+00:00,1577.36,1582.102,1566.855,1569.216,5727
2020-01-06 00:00:00+00:00,1569.151,1579.966,1560.818,1563.706,71962
2020-01-07 00:00:00+00:00,1563.723,1598.344,1555.277,1595.013,74597
2020-01-08 00:00:00+00:00,1594.963,1611.365,1552.222,1558.022,102199
2020-01-09 00:00:00+00:00,1558.016,1561.257,1540.211,1552.626,69282
2020-01-10 00:00:00+00:00,1552.59,1563.049,1545.667,1561.958,59424
2020-01-12 00:00:00+00:00,1559.741,1560.563,1557.998,1559.187,1862
2020-01-13 00:00:00+00:00,1559.187,1559.957,1544.911,1545.188,56753
2020-01-14 00:00:00+00:00,1545.196,1549.935,1535.834,1549.498,62787
2020-01-15 00:00:00+00:00,1549.489,1558.082,1546.34,1556.252,59092
2020-01-16 00:00:00+00:00,1556.272,1558.037,1547.955,1552.144,53711
2020-01-17 00:00:00+00:00,1552.147,1561.156,1549.343,1557.33,53162
2020-01-19 00:00:00+00:00,1558.947,1558.947,1556.292,1556.98,1808
2020-01-20 00:00:00+00:00,1556.975,1562.65,1556.627,1561.177,35364
2020-01-21 00:00:00+00:00,1561.174,1568.507,1546.314,1556.466,62737
2020-01-22 00:00:00+00:00,1556.421,1563.677,1550.135,1561.367,54440
2020-01-23 00:00:00+00:00,1561.378,1567.864,1551.892,1560.889,57507
2020-01-24 00:00:00+00:00,1560.883,1575.728,1556.513,1571.333,54198
2020-01-26 00:00:00+00:00,1581.234,1588.516,1581.234,1582.664,4435
2020-01-27 00:00:00+00:00,1582.704,1586.182,1575.831,1581.06,64194
2020-01-28 00:00:00+00:00,1581.057,1582.959,1565.52,1568.436,58785
2020-01-29 00:00:00+00:00,1568.45,1577.879,1563.318,1577.019,53987
2020-01-30 00:00:00+00:00,1577.001,1585.868,1572.23,1575.1,66345
2020-01-31 00:00:00+00:00,1575.101,1590.317,1570.919,1588.804,61502
2020-02-02 00:00:00+00:00,1588.544,1592.017,1587.972,1589.412,3041
2020-02-03 00:00:00+00:00,1589.377,1589.979,1569.346,1578.756,64774
2020-02-04 00:00:00+00:00,1578.768,1579.535,1549.005,1554.073,60412
2020-02-05 00:00:00+00:00,1554.056,1562.305,1547.479,1556.064,61769
2020-02-06 00:00:00+00:00,1556.024,1568.148,1552.461,1565.753,55277
2020-02-07 00:00:00+00:00,1565.757,1573.935,1560.256,1570.145,57104
2020-02-09 00:00:00+00:00,1569.258,1576.551,1569.028,1574.764,2835
2020-02-10 00:00:00+00:00,1574.725,1576.918,1567.939,1571.928,51544
2020-02-11 00:00:00+00:00,1571.929,1573.923,1562.134,1567.034,51215
2020-02-12 00:00:00+00:00,1566.989,1571.314,1561.82,1569.83,49406
2020-02-13 00:00:00+00:00,1569.767,1578.198,1569.1,1577.307,56505
2020-02-14 00:00:00+00:00,1577.266,1584.899,1573.014,1583.991,47731
2020-02-16 00:00:00+00:00,1581.444,1583.045,1580.429,1582.913,1721
2020-02-17 00:00:00+00:00,1582.92,1585.381,1578.824,1584.221,29368
2020-02-18 00:00:00+00:00,1584.228,1605.016,1584.178,1600.794,53279
2020-02-19 00:00:00+00:00,1600.79,1612.845,1599.466,1610.321,56964
2020-02-20 00:00:00+00:00,1610.317,1623.635,1603.853,1622.098,64208
2020-02-21 00:00:00+00:00,1622.072,1649.102,1618.908,1643.319,66614
2020-02-23 00:00:00+00:00,1659.6,1680.967,1657.703,1665.512,5111
2020-02-24 00:00:00+00:00,1665.489,1689.213,1650.801,1653.9,95174
2020-02-25 00:00:00+00:00,1653.86,1658.684,1624.934,1639.815,107202
2020-02-26 00:00:00+00:00,1639.809,1654.877,1624.966,1643.493,94220
2020-02-27 00:00:00+00:00,1643.507,1660.254,1635.286,1645.695,98678
2020-02-28 00:00:00+00:00,1645.667,1648.052,1562.889,1586.023,130833
2020-03-01 00:00:00+00:00,1582.112,1588.335,1575.451,1584.992,4753
2020-03-02 00:00:00+00:00,1584.922,1610.863,1581.675,1591.957,103082
2020-03-03 00:00:00+00:00,1591.903,1652.804,1589.641,1645.697,110332
2020-03-04 00:00:00+00:00,1645.687,1649.283,1631.719,1636.644,86947
2020-03-05 00:00:00+00:00,1636.576,1674.86,1635.574,1674.536,79386
2020-03-06 00:00:00+00:00,1674.495,1691.979,1642.218,1674.32,136886
2020-03-08 00:00:00+00:00,1696.28,1703.179,1679.712,1700.043,12185
2020-03-09 00:00:00+00:00,1700.049,1702.965,1657.45,1666.506,155214
2020-03-10 00:00:00+00:00,1666.535,1671.382,1641.572,1652.331,122479
2020-03-11 00:00:00+00:00,1652.318,1671.183,1633.07,1643.612,102451
2020-03-12 00:00:00+00:00,1643.655,1650.253,1560.721,1576.856,175118
2020-03-13 00:00:00+00:00,1576.861,1597.735,1504.669,1529.245,186921
2020-03-15 00:00:00+00:00,1551.879,1575.37,1540.122,1557.51,20015
2020-03-16 00:00:00+00:00,1557.594,1560.771,1451.281,1507.227,242853
2020-03-17 00:00:00+00:00,1507.234,1553.769,1465.592,1537.77,190988
2020-03-18 00:00:00+00:00,1537.79,1539.831,1472.753,1498.045,213582
2020-03-19 00:00:00+00:00,1498.087,1498.644,1455.292,1471.367,166323
2020-03-20 00:00:00+00:00,1471.35,1515.982,1471.017,1498.718,130889
2020-03-22 00:00:00+00:00,1503.099,1507.935,1482.773,1491.601,12440
2020-03-23 00:00:00+00:00,1491.591,1567.641,1485.073,1567.125,141811
2020-03-24 00:00:00+00:00,1567.119,1636.988,1558.059,1629.148,83609
2020-03-25 00:00:00+00:00,1628.485,1631.432,1596.185,1607.418,54654
2020-03-26 00:00:00+00:00,1607.758,1641.8,1593.913,1624.864,50233
2020-03-27 00:00:00+00:00,1625.069,1628.856,1611.31,1622.911,46500
2020-03-29 00:00:00+00:00,1625.946,1630.463,1616.408,1627.402,3820
2020-03-30 00:00:00+00:00,1627.07,1628.197,1610.471,1616.282,50960
2020-03-31 00:00:00+00:00,1616.122,1618.266,1569.183,1578.851,60095
2020-04-01 00:00:00+00:00,1578.95,1598.554,1571.348,1590.982,57011
2020-04-02 00:00:00+00:00,1591.25,1618.812,1581.922,1612.393,64635
2020-04-03 00:00:00+00:00,1612.393,1624.359,1605.667,1615.567,60102
2020-04-05 00:00:00+00:00,1614.34,1618.872,1607.546,1618.872,3001
2020-04-06 00:00:00+00:00,1618.7,1671.195,1614.971,1661.375,64215
2020-04-07 00:00:00+00:00,1661.333,1666.946,1641.89,1648.142,59284
2020-04-08 00:00:00+00:00,1648.153,1655.344,1641.045,1647.133,50832
2020-04-09 00:00:00+00:00,1647.127,1689.431,1645.841,1682.944,71422
2020-04-12 00:00:00+00:00,1684.546,1691.291,1683.195,1686.821,2905
2020-04-13 00:00:00+00:00,1686.627,1722.211,1679.798,1717.28,73313
2020-04-14 00:00:00+00:00,1717.163,1746.579,1708.479,1725.543,88951
2020-04-15 00:00:00+00:00,1725.542,1730.654,1707.411,1715.654,86746
2020-04-16 00:00:00+00:00,1715.828,1738.091,1701.989,1715.15,112909
2020-04-17 00:00:00+00:00,1715.137,1717.949,1679.135,1683.655,110070
2020-04-19 00:00:00+00:00,1682.92,1683.235,1673.878,1675.506,4868
2020-04-20 00:00:00+00:00,1675.538,1701.963,1671.277,1690.808,101229
2020-04-21 00:00:00+00:00,1690.812,1697.277,1660.127,1687.417,102667
2020-04-22 00:00:00+00:00,1687.625,1718.218,1679.53,1711.447,115742
2020-04-23 00:00:00+00:00,1711.452,1738.308,1705.969,1727.918,137656
2020-04-24 00:00:00+00:00,1727.925,1736.069,1710.08,1727.93,109819
2020-04-26 00:00:00+00:00,1721.139,1725.615,1718.583,1724.978,4682
2020-04-27 00:00:00+00:00,1724.975,1726.275,1705.618,1709.572,98900
2020-04-28 00:00:00+00:00,1709.351,1713.601,1691.429,1704.711,128272
2020-04-29 00:00:00+00:00,1704.444,1716.769,1697.46,1713.271,106038
2020-04-30 00:00:00+00:00,1713.13,1721.174,1680.724,1687.709,97646
2020-05-01 00:00:00+00:00,1687.443,1705.106,1670.131,1700.028,129372
2020-05-03 00:00:00+00:00,1698.438,1699.649,1691.575,1699.269,5046
2020-05-04 00:00:00+00:00,1699.123,1711.163,1694.678,1703.549,95850
2020-05-05 00:00:00+00:00,1703.562,1711.345,1691.198,1703.8,92857
2020-05-06 00:00:00+00:00,1703.838,1707.818,1681.89,1689.582,88102
2020-05-07 00:00:00+00:00,1689.678,1721.793,1684.097,1714.229,85721
2020-05-08 00:00:00+00:00,1714.234,1722.819,1701.296,1702.329,87645
2020-05-10 00:00:00+00:00,1702.39,1707.454,1701.274,1706.479,5617
2020-05-11 00:00:00+00:00,1706.472,1712.031,1686.864,1697.759,86561
2020-05-12 00:00:00+00:00,1697.721,1710.515,1693.297,1702.424,80916
2020-05-13 00:00:00+00:00,1702.351,1719.371,1698.868,1718.317,90958
2020-05-14 00:00:00+00:00,1718.287,1736.004,1710.464,1732.716,84145
2020-05-15 00:00:00+00:00,1732.708,1750.93,1728.336,1741.974,86128
2020-05-17 00:00:00+00:00,1747.558,1759.776,1743.217,1758.137,8901
2020-05-18 00:00:00+00:00,1758.06,1764.715,1726.823,1734.704,89739
2020-05-19 00:00:00+00:00,1734.711,1747.382,1725.316,1745.97,84547
2020-05-20 00:00:00+00:00,1745.978,1753.684,1742.035,1747.365,81280
2020-05-21 00:00:00+00:00,1747.47,1747.47,1716.751,1725.824,83833
2020-05-22 00:00:00+00:00,1725.953,1739.314,1724.152,1734.06,72211
2020-05-24 00:00:00+00:00,1731.241,1733.303,1729.697,1730.676,3110
2020-05-25 00:00:00+00:00,1730.682,1732.456,1720.967,1726.56,45997
2020-05-26 00:00:00+00:00,1726.542,1735.055,1708.228,1712.678,78481
2020-05-27 00:00:00+00:00,1712.658,1715.746,1693.423,1710.852,80885
2020-05-28 00:00:00+00:00,1710.856,1727.014,1708.767,1721.686,80001
2020-05-29 00:00:00+00:00,1721.66,1737.277,1712.361,1729.475,84149
2020-05-31 00:00:00+00:00,1734.657,1740.011,1731.393,1739.611,5348
2020-06-01 00:00:00+00:00,1739.507,1744.323,1726.744,1741.504,85220
2020-06-02 00:00:00+00:00,1741.58,1744.836,1721.363,1726.591,85191
2020-06-03 00:00:00+00:00,1726.58,1729.312,1689.147,1700.516,97516
2020-06-04 00:00:00+00:00,1700.402,1721.22,1696.548,1712.394,90855
2020-06-05 00:00:00+00:00,1712.41,1715.794,1670.51,1685.512,103971
2020-06-07 00:00:00+00:00,1680.835,1682.98,1677.301,1681.323,4523
2020-06-08 00:00:00+00:00,1681.327,1700.46,1680.698,1697.243,89279
2020-06-09 00:00:00+00:00,1697.238,1720.669,1691.911,1713.099,87625
2020-06-10 00:00:00+00:00,1713.143,1739.586,1707.819,1735.483,93023
2020-06-11 00:00:00+00:00,1735.522,1744.536,1721.451,1726.573,91057
2020-06-12 00:00:00+00:00,1726.524,1742.82,1721.69,1730.552,81008
2020-06-14 00:00:00+00:00,1730.629,1733.37,1729.536,1732.553,3962
2020-06-15 00:00:00+00:00,1732.499,1733.879,1703.902,1724.066,91716
2020-06-16 00:00:00+00:00,1724.084,1732.606,1716.455,1726.328,88241
2020-06-17 00:00:00+00:00,1726.328,1730.079,1712.327,1727.483,78107
2020-06-18 00:00:00+00:00,1727.536,1736.909,1717.376,1723.432,86551
2020-06-19 00:00:00+00:00,1723.433,1745.142,1722.353,1743.537,82390
2020-06-21 00:00:00+00:00,1747.082,1749.969,1743.864,1749.125,5407
2020-06-22 00:00:00+00:00,1749.088,1762.99,1742.326,1755.265,93388
2020-06-23 00:00:00+00:00,1755.303,1770.887,1747.356,1768.606,98295
2020-06-24 00:00:00+00:00,1768.563,1779.247,1754.347,1762.084,99662
2020-06-25 00:00:00+00:00,1762.071,1768.808,1755.362,1765.644,85371
2020-06-26 00:00:00+00:00,1765.647,1771.841,1747.25,1771.28,81713
2020-06-28 00:00:00+00:00,1770.599,1775.047,1769.991,1771.212,4592
2020-06-29 00:00:00+00:00,1771.293,1774.752,1765.607,1772.865,78704
2020-06-30 00:00:00+00:00,1772.864,1785.729,1764.12,1782.721,80823
2020-07-01 00:00:00+00:00,1782.729,1789.089,1759.142,1768.221,88416
2020-07-02 00:00:00+00:00,1768.223,1779.439,1757.464,1775.646,82321
2020-07-03 00:00:00+00:00,1775.599,1777.034,1772.377,1775.703,44696
2020-07-05 00:00:00+00:00,1773.537,1775.963,1773.263,1775.327,2819
2020-07-06 00:00:00+00:00,1775.252,1786.933,1769.855,1785.747,82277
2020-07-07 00:00:00+00:00,1785.785,1797.243,1773.385,1794.333,81022
2020-07-08 00:00:00+00:00,1794.315,1817.833,1791.401,1809.054,78449
2020-07-09 00:00:00+00:00,1809.051,1815.792,1795.289,1803.825,85946
2020-07-10 00:00:00+00:00,1803.829,1810.344,1794.025,1798.621,74484
2020-07-12 00:00:00+00:00,1799.343,1801.095,1797.908,1800.013,3404
2020-07-13 00:00:00+00:00,1799.994,1813.303,1799.771,1802.27,81819
2020-07-14 00:00:00+00:00,1802.282,1810.786,1790.404,1809.434,89401
2020-07-15 00:00:00+00:00,1809.412,1814.553,1802.364,1813.023,74772
2020-07-16 00:00:00+00:00,1813.025,1813.223,1794.869,1798.28,73676
2020-07-17 00:00:00+00:00,1798.282,1811.75,1795.73,1809.765,62092
2020-07-19 00:00:00+00:00,1808.109,1810.619,1807.808,1808.998,3049
2020-07-20 00:00:00+00:00,1808.969,1820.348,1805.658,1817.921,69566
2020-07-21 00:00:00+00:00,1817.913,1847.042,1815.563,1842.981,84559
2020-07-22 00:00:00+00:00,1842.947,1874.261,1842.306,1869.876,113312
2020-07-23 00:00:00+00:00,1869.872,1898.19,1863.526,1885.395,110417
2020-07-24 00:00:00+00:00,1885.396,1906.4,1880.996,1901.143,88411
2020-07-26 00:00:00+00:00,1902.646,1914.58,1902.646,1913.493,7344
2020-07-27 00:00:00+00:00,1913.495,1966.211,1912.295,1964.98,118781
2020-07-28 00:00:00+00:00,1964.873,1980.652,1906.579,1956.072,145260
2020-07-29 00:00:00+00:00,1956.072,1980.601,1941.314,1966.483,112992
2020-07-30 00:00:00+00:00,1966.487,1970.332,1938.975,1956.91,117775
2020-07-31 00:00:00+00:00,1956.926,1982.318,1955.863,1974.958,114787
2020-08-02 00:00:00+00:00,1982.988,1984.734,1977.002,1981.738,7693
2020-08-03 00:00:00+00:00,1981.698,1982.133,1960.418,1975.265,90063
2020-08-04 00:00:00+00:00,1975.174,2030.712,1967.369,2030.712,101940
2020-08-05 00:00:00+00:00,2030.64,2055.403,2009.131,2036.29,128525
2020-08-06 00:00:00+00:00,2036.338,2073.682,2034.336,2069.007,124983
2020-08-07 00:00:00+00:00,2069.1,2071.992,2015.465,2034.818,153841
2020-08-09 00:00:00+00:00,2026.671,2030.778,2018.676,2027.12,7583
2020-08-10 00:00:00+00:00,2027.119,2049.797,2019.265,2028.128,121431
2020-08-11 00:00:00+00:00,2028.129,2028.129,1901.422,1909.025,213203
2020-08-12 00:00:00+00:00,1908.997,1949.171,1863.593,1921.874,214392
2020-08-13 00:00:00+00:00,1921.844,1966.192,1919.895,1957.332,157498
2020-08-14 00:00:00+00:00,1957.304,1961.402,1931.973,1944.376,134341
2020-08-16 00:00:00+00:00,1944.835,1951.221,1931.853,1932.534,6366
2020-08-17 00:00:00+00:00,1932.533,1990.594,1929.205,1983.634,125342
2020-08-18 00:00:00+00:00,1983.647,2015.39,1975.958,2005.186,141901
2020-08-19 00:00:00+00:00,2005.155,2005.869,1924.638,1927.748,171161
2020-08-20 00:00:00+00:00,1927.717,1955.078,1924.085,1952.707,160309
2020-08-21 00:00:00+00:00,1952.789,1955.744,1911.464,1940.113,141278
2020-08-23 00:00:00+00:00,1936.426,1938.261,1929.819,1935.019,5598
2020-08-24 00:00:00+00:00,1935.006,1961.712,1923.666,1929.749,117271
2020-08-25 00:00:00+00:00,1929.699,1937.326,1914.211,1929.596,115242
2020-08-26 00:00:00+00:00,1929.564,1954.68,1902.613,1953.415,121151
2020-08-27 00:00:00+00:00,1953.414,1976.439,1909.707,1928.053,147853
2020-08-28 00:00:00+00:00,1927.921,1973.742,1922.773,1964.591,110684
2020-08-30 00:00:00+00:00,1968.915,1975.843,1968.82,1973.073,6148
2020-08-31 00:00:00+00:00,1973.011,1976.279,1954.269,1967.705,106288
2020-09-01 00:00:00+00:00,1967.778,1992.297,1962.63,1972.465,134390
2020-09-02 00:00:00+00:00,1972.496,1973.171,1932.408,1944.68,142873
2020-09-03 00:00:00+00:00,1944.693,1950.736,1921.824,1927.772,146372
2020-09-04 00:00:00+00:00,1927.73,1948.158,1916.114,1933.518,142551
2020-09-06 00:00:00+00:00,1932.511,1937.574,1932.506,1934.348,4378
2020-09-07 00:00:00+00:00,1934.349,1941.118,1924.114,1930.578,69072
2020-09-08 00:00:00+00:00,1930.577,1940.722,1906.368,1930.233,136362
2020-09-09 00:00:00+00:00,1930.198,1950.741,1919.879,1947.264,105787
2020-09-10 00:00:00+00:00,1947.368,1966.486,1941.211,1943.839,96009
2020-09-11 00:00:00+00:00,1943.722,1954.698,1936.791,1939.938,75392
2020-09-13 00:00:00+00:00,1937.168,1943.02,1937.136,1942.747,3422
2020-09-14 00:00:00+00:00,1942.75,1962.387,1939.74,1957.196,67739
2020-09-15 00:00:00+00:00,1957.187,1972.102,1948.096,1953.851,75606
2020-09-16 00:00:00+00:00,1953.712,1973.421,1949.635,1959.642,89105
2020-09-17 00:00:00+00:00,1959.75,1959.858,1932.831,1947.081,89012
2020-09-18 00:00:00+00:00,1947.082,1959.913,1944.894,1950.013,70384
2020-09-20 00:00:00+00:00,1949.641,1950.829,1946.445,1948.398,3877
2020-09-21 00:00:00+00:00,1948.398,1955.412,1882.213,1917.104,108681
2020-09-22 00:00:00+00:00,1917.115,1919.502,1894.498,1904.223,105769
2020-09-23 00:00:00+00:00,1904.211,1905.083,1853.127,1854.816,120210
2020-09-24 00:00:00+00:00,1854.816,1876.977,1848.076,1867.664,116397
2020-09-25 00:00:00+00:00,1867.544,1874.995,1851.922,1861.155,91078
2020-09-27 00:00:00+00:00,1862.899,1865.865,1860.887,1862.341,3710
2020-09-28 00:00:00+00:00,1862.376,1883.493,1848.204,1882.594,89169
2020-09-29 00:00:00+00:00,1882.546,1899.263,1875.167,1896.775,81510
2020-09-30 00:00:00+00:00,1896.76,1902.169,1881.332,1887.634,100403
2020-10-01 00:00:00+00:00,1887.621,1912.109,1884.618,1903.161,95984
2020-10-02 00:00:00+00:00,1903.158,1916.982,1889.744,1898.723,96361
2020-10-04 00:00:00+00:00,1903.345,1904.29,1898.045,1902.902,4541
2020-10-05 00:00:00+00:00,1902.894,1918.623,1886.933,1912.687,76190
2020-10-06 00:00:00+00:00,1912.683,1921.032,1874.761,1880.067,96499
2020-10-07 00:00:00+00:00,1880.114,1897.899,1872.69,1886.948,88785
2020-10-08 00:00:00+00:00,1886.918,1900.527,1881.839,1895.177,80524
2020-10-09 00:00:00+00:00,1895.168,1930.444,1894.872,1930.147,72851
2020-10-11 00:00:00+00:00,1926.646,1933.178,1926.617,1929.087,5304
2020-10-12 00:00:00+00:00,1929.109,1931.899,1918.214,1925.059,79342
2020-10-13 00:00:00+00:00,1925.013,1925.013,1886.399,1893.336,94912
2020-10-14 00:00:00+00:00,1893.287,1912.786,1882.401,1898.178,83572
2020-10-15 00:00:00+00:00,1898.18,1908.971,1889.438,1906.36,93394
2020-10-16 00:00:00+00:00,1906.311,1913.878,1897.747,1898.825,77680
2020-10-18 00:00:00+00:00,1899.865,1902.928,1898.642,1900.779,3896
2020-10-19 00:00:00+00:00,1900.732,1918.39,1896.993,1902.952,78631
2020-10-20 00:00:00+00:00,1902.96,1914.025,1894.593,1910.682,80998
2020-10-21 00:00:00+00:00,1910.677,1931.281,1910.05,1921.292,84557
2020-10-22 00:00:00+00:00,1921.247,1922.15,1893.928,1904.989,80014
2020-10-23 00:00:00+00:00,1904.943,1914.153,1894.332,1901.602,69601
2020-10-25 00:00:00+00:00,1901.513,1902.021,1891.277,1898.453,5742
2020-10-26 00:00:00+00:00,1898.476,1908.478,1894.839,1902.156,78848
2020-10-27 00:00:00+00:00,1902.102,1911.271,1897.779,1905.187,68662
2020-10-28 00:00:00+00:00,1905.188,1910.77,1869.262,1879.542,92397
2020-10-29 00:00:00+00:00,1879.547,1884.871,1859.815,1868.359,93519
2020-10-30 00:00:00+00:00,1868.353,1889.683,1864.356,1878.858,86879
2020-11-01 00:00:00+00:00,1879.301,1879.301,1875.215,1877.049,2328
2020-11-02 00:00:00+00:00,1877.0,1896.112,1873.364,1894.658,71690
2020-11-03 00:00:00+00:00,1894.66,1916.211,1886.897,1914.392,74540
2020-11-04 00:00:00+00:00,1914.398,1916.311,1881.432,1904.79,140467
2020-11-05 00:00:00+00:00,1904.788,1952.651,1902.405,1946.123,97100
2020-11-06 00:00:00+00:00,1946.169,1960.238,1935.574,1951.855,95289
2020-11-08 00:00:00+00:00,1957.117,1959.741,1955.222,1958.496,2833
2020-11-09 00:00:00+00:00,1958.449,1965.419,1850.423,1870.837,152563
2020-11-10 00:00:00+00:00,1870.883,1890.315,1867.351,1876.657,99712
2020-11-11 00:00:00+00:00,1876.62,1884.333,1856.273,1865.515,80557
2020-11-12 00:00:00+00:00,1865.559,1883.734,1862.647,1875.74,76795
2020-11-13 00:00:00+00:00,1875.733,1896.728,1873.937,1889.358,66632
2020-11-15 00:00:00+00:00,1887.92,1891.535,1887.778,1890.357,2041
2020-11-16 00:00:00+00:00,1890.413,1899.0,1865.134,1889.757,83912
2020-11-17 00:00:00+00:00,1889.711,1893.378,1876.901,1882.577,69746
2020-11-18 00:00:00+00:00,1882.527,1884.719,1863.608,1871.332,78669
2020-11-19 00:00:00+00:00,1871.281,1872.743,1852.547,1863.101,83896
2020-11-20 00:00:00+00:00,1863.156,1879.697,1860.858,1870.923,72894
2020-11-22 00:00:00+00:00,1870.778,1872.086,1870.128,1872.049,1232
2020-11-23 00:00:00+00:00,1872.05,1875.988,1830.81,1835.567,81817
2020-11-24 00:00:00+00:00,1835.614,1836.234,1800.174,1809.11,98960
2020-11-25 00:00:00+00:00,1809.056,1817.625,1801.594,1808.131,79555
2020-11-26 00:00:00+00:00,1808.175,1818.211,1805.714,1809.176,49810
2020-11-27 00:00:00+00:00,1809.18,1813.698,1774.248,1786.899,70152
2020-11-29 00:00:00+00:00,1789.439,1789.747,1785.301,1786.606,1478
2020-11-30 00:00:00+00:00,1786.561,1787.351,1764.16,1778.707,93719
2020-12-01 00:00:00+00:00,1778.729,1817.205,1776.74,1811.217,81557
2020-12-02 00:00:00+00:00,1811.17,1832.344,1807.415,1830.598,80955
2020-12-03 00:00:00+00:00,1830.597,1843.846,1823.686,1839.765,80819
2020-12-04 00:00:00+00:00,1839.771,1848.052,1828.964,1839.01,76150
2020-12-06 00:00:00+00:00,1836.609,1837.985,1832.954,1835.276,2201
2020-12-07 00:00:00+00:00,1835.282,1868.386,1822.532,1863.919,79677
2020-12-08 00:00:00+00:00,1863.919,1875.208,1860.192,1870.053,77253
2020-12-09 00:00:00+00:00,1870.066,1870.427,1825.426,1834.328,94046
2020-12-10 00:00:00+00:00,1834.298,1849.949,1828.597,1836.638,88140
2020-12-11 00:00:00+00:00,1836.639,1847.615,1823.838,1839.55,76150
2020-12-13 00:00:00+00:00,1837.111,1837.993,1835.841,1837.892,1738
2020-12-14 00:00:00+00:00,1837.893,1838.956,1818.532,1827.373,73868
2020-12-15 00:00:00+00:00,1827.325,1855.25,1825.418,1852.296,76859
2020-12-16 00:00:00+00:00,1852.298,1865.631,1844.708,1864.442,91795
2020-12-17 00:00:00+00:00,1864.444,1896.101,1861.948,1883.607,88534
2020-12-18 00:00:00+00:00,1883.606,1889.58,1877.341,1881.271,80607
2020-12-20 00:00:00+00:00,1882.823,1884.935,1882.445,1883.035,1958
2020-12-21 00:00:00+00:00,1883.035,1906.667,1854.984,1879.018,130595
2020-12-22 00:00:00+00:00,1878.972,1884.196,1858.882,1864.211,94646
2020-12-23 00:00:00+00:00,1864.262,1878.493,1856.843,1872.517,87587
2020-12-24 00:00:00+00:00,1872.518,1880.507,1869.428,1879.016,57490
2020-12-27 00:00:00+00:00,1888.893,1889.77,1885.718,1888.248,2554
2020-12-28 00:00:00+00:00,1888.294,1900.127,1869.025,1876.696,92990
2020-12-29 00:00:00+00:00,1876.682,1886.313,1871.64,1878.69,76967
2020-12-30 00:00:00+00:00,1878.689,1895.329,1876.071,1894.947,73041
2020-12-31 00:00:00+00:00,1894.929,1900.29,1885.389,1894.387,63352
2021-01-03 00:00:00+00:00,1909.308,1914.896,1907.729,1913.094,3730
2021-01-04 00:00:00+00:00,1913.048,1945.563,1909.942,1941.686,98678
2021-01-05 00:00:00+00:00,1941.687,1953.14,1934.267,1950.228,94085
2021-01-06 00:00:00+00:00,1950.279,1959.29,1900.692,1923.991,128899
2021-01-07 00:00:00+00:00,1923.943,1927.597,1906.796,1916.548,101216
2021-01-08 00:00:00+00:00,1916.499,1916.605,1828.156,1849.37,140422
2021-01-10 00:00:00+00:00,1855.038,1855.537,1841.553,1844.71,4881
2021-01-11 00:00:00+00:00,1844.68,1855.472,1816.935,1847.233,126206
2021-01-12 00:00:00+00:00,1847.186,1863.726,1836.532,1858.743,102713
2021-01-13 00:00:00+00:00,1858.696,1862.935,1841.859,1848.318,86519
2021-01-14 00:00:00+00:00,1848.315,1857.455,1830.107,1846.836,97648
2021-01-15 00:00:00+00:00,1846.783,1856.935,1823.284,1826.975,89955
2021-01-17 00:00:00+00:00,1827.947,1829.232,1802.438,1810.655,6818
2021-01-18 00:00:00+00:00,1810.726,1840.697,1810.429,1837.213,70741
2021-01-19 00:00:00+00:00,1837.216,1845.426,1832.998,1840.911,73955
2021-01-20 00:00:00+00:00,1840.913,1872.313,1832.342,1869.862,90441
2021-01-21 00:00:00+00:00,1869.91,1874.996,1858.279,1869.551,83966
2021-01-22 00:00:00+00:00,1869.551,1869.85,1837.298,1855.732,91721
2021-01-24 00:00:00+00:00,1858.206,1859.405,1856.571,1856.851,2045
2021-01-25 00:00:00+00:00,1856.871,1867.825,1847.064,1855.39,89145
2021-01-26 00:00:00+00:00,1855.387,1861.62,1848.222,1851.233,75824
2021-01-27 00:00:00+00:00,1851.252,1853.036,1831.211,1839.889,89647
2021-01-28 00:00:00+00:00,1839.936,1864.035,1833.967,1843.81,110592
2021-01-29 00:00:00+00:00,1843.855,1875.519,1839.535,1847.839,119776
2021-01-31 00:00:00+00:00,1855.282,1859.901,1851.596,1855.826,7055
2021-02-01 00:00:00+00:00,1855.772,1871.716,1849.044,1857.582,129007
2021-02-02 00:00:00+00:00,1857.627,1864.005,1829.457,1836.362,111148
2021-02-03 00:00:00+00:00,1836.376,1844.825,1829.505,1834.236,82822
2021-02-04 00:00:00+00:00,1834.218,1834.601,1784.866,1795.793,101171
2021-02-05 00:00:00+00:00,1795.84,1815.038,1792.013,1814.135,87280
2021-02-07 00:00:00+00:00,1817.259,1818.709,1815.763,1817.97,2414
2021-02-08 00:00:00+00:00,1817.923,1839.044,1807.705,1830.481,83431
2021-02-09 00:00:00+00:00,1830.478,1848.472,1829.92,1836.087,82579
2021-02-10 00:00:00+00:00,1836.085,1855.299,1833.996,1841.956,85380
2021-02-11 00:00:00+00:00,1841.956,1847.46,1820.983,1826.652,77499
2021-02-12 00:00:00+00:00,1826.655,1830.614,1810.436,1824.229,73522
2021-02-14 00:00:00+00:00,1824.898,1825.77,1820.1,1820.939,2485
2021-02-15 00:00:00+00:00,1820.988,1826.927,1816.013,1818.654,53783
2021-02-16 00:00:00+00:00,1818.651,1826.391,1786.855,1788.348,101690
2021-02-17 00:00:00+00:00,1788.298,1795.091,1769.408,1778.143,103061
2021-02-18 00:00:00+00:00,1778.142,1789.559,1768.345,1771.659,90338
2021-02-19 00:00:00+00:00,1771.609,1791.504,1760.626,1784.049,105173
2021-02-21 00:00:00+00:00,1786.332,1788.083,1781.291,1783.358,3526
2021-02-22 00:00:00+00:00,1783.408,1812.551,1780.648,1810.406,99802
2021-02-23 00:00:00+00:00,1810.41,1815.906,1795.606,1805.766,92458
2021-02-24 00:00:00+00:00,1805.795,1813.717,1783.473,1802.995,101166
2021-02-25 00:00:00+00:00,1803.002,1804.143,1765.136,1769.86,143949
2021-02-26 00:00:00+00:00,1769.909,1775.714,1717.03,1734.649,192982
2021-02-28 00:00:00+00:00,1737.962,1739.94,1735.286,1739.239,4222
2021-03-01 00:00:00+00:00,1739.206,1759.715,1719.641,1724.988,131756
2021-03-02 00:00:00+00:00,1724.957,1740.464,1707.039,1736.558,138751
2021-03-03 00:00:00+00:00,1736.547,1737.475,1701.613,1710.468,141388
2021-03-04 00:00:00+00:00,1710.464,1723.1,1690.443,1694.31,178878
2021-03-05 00:00:00+00:00,1694.277,1707.631,1687.18,1700.836,153035
2021-03-07 00:00:00+00:00,1706.301,1713.915,1706.268,1707.726,4835
2021-03-08 00:00:00+00:00,1707.706,1714.253,1676.627,1684.653,129373
2021-03-09 00:00:00+00:00,1684.62,1720.566,1680.179,1715.881,125434
2021-03-10 00:00:00+00:00,1715.864,1727.104,1708.131,1726.691,120247
2021-03-11 00:00:00+00:00,1726.699,1739.804,1719.025,1722.645,114329
2021-03-12 00:00:00+00:00,1722.676,1729.171,1699.094,1726.749,122265
2021-03-14 00:00:00+00:00,1728.251,1728.348,1724.244,1725.335,5279
2021-03-15 00:00:00+00:00,1725.33,1734.524,1721.616,1730.698,105663
2021-03-16 00:00:00+00:00,1730.665,1741.077,1725.847,1731.595,101536
2021-03-17 00:00:00+00:00,1731.546,1751.549,1723.856,1748.465,116973
2021-03-18 00:00:00+00:00,1748.464,1755.478,1719.08,1735.193,140629
2021-03-19 00:00:00+00:00,1735.188,1746.644,1728.484,1745.127,116359
2021-03-21 00:00:00+00:00,1743.714,1744.315,1737.981,1738.214,5931
2021-03-22 00:00:00+00:00,1738.182,1743.047,1727.126,1739.306,103430
2021-03-23 00:00:00+00:00,1739.3,1742.509,1724.663,1727.082,104768
2021-03-24 00:00:00+00:00,1727.097,1738.364,1723.546,1734.483,93612
2021-03-25 00:00:00+00:00,1734.492,1745.401,1721.498,1727.293,109149
2021-03-26 00:00:00+00:00,1727.316,1736.683,1721.448,1732.329,86065
2021-03-28 00:00:00+00:00,1731.377,1732.549,1730.611,1730.999,3566
2021-03-29 00:00:00+00:00,1731.014,1732.835,1705.736,1711.932,92570
2021-03-30 00:00:00+00:00,1711.938,1714.342,1678.392,1685.489,115453
2021-03-31 00:00:00+00:00,1685.488,1715.214,1677.769,1707.403,107528
2021-04-01 00:00:00+00:00,1707.405,1730.545,1705.761,1729.75,103831
2021-04-04 00:00:00+00:00,1728.462,1729.917,1726.908,1728.011,4923
2021-04-05 00:00:00+00:00,1727.974,1733.491,1721.285,1729.367,92761
2021-04-06 00:00:00+00:00,1729.367,1745.434,1727.505,1743.252,104288
2021-04-07 00:00:00+00:00,1743.217,1743.332,1730.607,1736.836,93823
2021-04-08 00:00:00+00:00,1736.806,1758.645,1733.133,1754.148,94174
2021-04-09 00:00:00+00:00,1754.178,1757.281,1731.102,1743.842,102691
2021-04-11 00:00:00+00:00,1742.481,1743.475,1740.49,1741.591,3770
2021-04-12 00:00:00+00:00,1741.557,1744.932,1727.324,1731.898,97822
2021-04-13 00:00:00+00:00,1731.902,1748.878,1723.591,1746.581,114901
2021-04-14 00:00:00+00:00,1746.575,1749.367,1732.473,1736.625,102970
2021-04-15 00:00:00+00:00,1736.595,1769.581,1734.297,1763.901,113908
2021-04-16 00:00:00+00:00,1763.87,1783.789,1759.729,1776.523,101046
2021-04-18 00:00:00+00:00,1775.64,1778.053,1774.762,1776.723,3640
2021-04-19 00:00:00+00:00,1776.692,1789.987,1766.526,1772.112,106751
2021-04-20 00:00:00+00:00,1772.115,1780.365,1763.547,1776.737,114285
2021-04-21 00:00:00+00:00,1776.742,1797.549,1776.454,1793.57,96336
2021-04-22 00:00:00+00:00,1793.619,1797.756,1777.332,1783.136,103024
2021-04-23 00:00:00+00:00,1783.126,1795.879,1769.753,1777.023,95581
2021-04-25 00:00:00+00:00,1775.596,1775.98,1773.86,1774.789,2881
2021-04-26 00:00:00+00:00,1774.803,1783.439,1768.539,1780.04,96253
2021-04-27 00:00:00+00:00,1780.046,1785.514,1773.492,1775.436,93515
2021-04-28 00:00:00+00:00,1775.43,1783.905,1762.458,1783.818,111860
2021-04-29 00:00:00+00:00,1783.782,1789.896,1755.874,1773.221,110915
2021-04-30 00:00:00+00:00,1773.22,1773.22,1764.164,1768.776,102953
2021-05-02 00:00:00+00:00,1767.058,1769.024,1766.046,1769.017,3263
2021-05-03 00:00:00+00:00,1768.98,1797.826,1767.314,1792.472,87090
2021-05-04 00:00:00+00:00,1792.425,1798.951,1770.571,1778.627,106706
2021-05-05 00:00:00+00:00,1778.595,1787.898,1770.306,1785.219,96111
2021-05-06 00:00:00+00:00,1785.22,1817.973,1781.934,1814.725,90328
2021-05-07 00:00:00+00:00,1814.715,1843.262,1812.845,1830.979,117988
2021-05-09 00:00:00+00:00,1832.896,1836.787,1831.996,1836.162,4195
2021-05-10 00:00:00+00:00,1836.184,1845.322,1829.947,1836.043,94451
2021-05-11 00:00:00+00:00,1836.045,1841.709,1817.796,1835.433,98093
2021-05-12 00:00:00+00:00,1835.438,1843.462,1813.23,1817.489,116434
2021-05-13 00:00:00+00:00,1817.443,1828.609,1808.675,1825.024,97603
2021-05-14 00:00:00+00:00,1825.026,1845.923,1819.661,1843.486,85594
2021-05-16 00:00:00+00:00,1843.784,1847.964,1843.784,1847.074,3884
2021-05-17 00:00:00+00:00,1847.049,1868.974,1843.54,1868.913,83399
2021-05-18 00:00:00+00:00,1868.871,1874.875,1863.164,1870.086,83198
2021-05-19 00:00:00+00:00,1870.085,1889.986,1852.125,1865.806,113425
2021-05-20 00:00:00+00:00,1865.852,1883.77,1863.801,1873.961,86644
2021-05-21 00:00:00+00:00,1873.94,1889.284,1870.065,1881.659,80927
2021-05-23 00:00:00+00:00,1880.985,1883.761,1880.148,1883.459,3016
2021-05-24 00:00:00+00:00,1883.457,1886.973,1875.167,1877.361,74684
2021-05-25 00:00:00+00:00,1877.323,1900.177,1872.613,1898.083,83832
2021-05-26 00:00:00+00:00,1898.082,1912.616,1890.655,1896.06,83218
2021-05-27 00:00:00+00:00,1896.07,1903.53,1888.111,1897.969,81577
2021-05-28 00:00:00+00:00,1897.992,1905.947,1882.063,1903.706,78735
2021-05-30 00:00:00+00:00,1903.805,1904.75,1903.214,1903.798,2422
2021-05-31 00:00:00+00:00,1903.845,1910.544,1902.063,1907.978,49864
2021-06-01 00:00:00+00:00,1907.987,1916.446,1892.35,1898.747,80275
2021-06-02 00:00:00+00:00,1898.751,1909.474,1894.25,1907.752,71644
2021-06-03 00:00:00+00:00,1907.756,1909.463,1863.442,1870.865,90377
2021-06-04 00:00:00+00:00,1870.856,1896.047,1855.573,1891.138,81372
2021-06-06 00:00:00+00:00,1889.994,1890.631,1888.646,1889.265,2289
2021-06-07 00:00:00+00:00,1889.246,1900.028,1881.455,1898.633,71255
2021-06-08 00:00:00+00:00,1898.622,1903.673,1883.74,1893.327,75925
2021-06-09 00:00:00+00:00,1893.315,1898.912,1887.254,1888.618,68567
2021-06-10 00:00:00+00:00,1888.632,1899.808,1869.798,1898.318,89758
2021-06-11 00:00:00+00:00,1898.294,1902.856,1874.321,1877.401,75860
2021-06-13 00:00:00+00:00,1876.16,1877.608,1873.194,1873.652,3792
2021-06-14 00:00:00+00:00,1873.604,1873.737,1844.212,1866.768,81551
2021-06-15 00:00:00+00:00,1866.757,1869.046,1851.529,1857.846,78065
2021-06-16 00:00:00+00:00,1857.892,1863.506,1803.264,1818.733,107445
2021-06-17 00:00:00+00:00,1818.758,1825.188,1766.982,1776.719,137725
2021-06-18 00:00:00+00:00,1776.672,1797.122,1760.86,1764.562,134267
2021-06-20 00:00:00+00:00,1768.728,1770.029,1767.355,1769.324,5081
2021-06-21 00:00:00+00:00,1769.32,1787.564,1766.41,1783.5,122405
2021-06-22 00:00:00+00:00,1783.49,1790.051,1772.255,1777.581,99541
2021-06-23 00:00:00+00:00,1777.578,1794.85,1773.162,1777.32,95711
2021-06-24 00:00:00+00:00,1777.32,1787.958,1772.832,1775.204,90167
2021-06-25 00:00:00+00:00,1775.204,1790.271,1773.694,1781.361,85909
2021-06-27 00:00:00+00:00,1781.264,1782.753,1780.545,1781.905,2852
2021-06-28 00:00:00+00:00,1781.858,1785.669,1770.538,1778.108,88786
2021-06-29 00:00:00+00:00,1778.097,1778.94,1750.621,1761.441,106264
2021-06-30 00:00:00+00:00,1761.456,1774.372,1753.297,1768.131,98720
2021-07-01 00:00:00+00:00,1768.132,1782.757,1765.633,1775.505,97488
2021-07-02 00:00:00+00:00,1775.495,1794.983,1774.291,1787.446,95209
2021-07-04 00:00:00+00:00,1787.277,1787.581,1785.461,1786.184,2628
2021-07-05 00:00:00+00:00,1786.187,1794.547,1784.426,1791.224,49857
2021-07-06 00:00:00+00:00,1791.212,1814.961,1789.852,1795.55,88126
2021-07-07 00:00:00+00:00,1795.503,1809.674,1793.869,1803.285,82074
2021-07-08 00:00:00+00:00,1803.28,1818.312,1793.986,1803.723,91982
2021-07-09 00:00:00+00:00,1803.736,1812.27,1796.594,1808.222,75885
2021-07-11 00:00:00+00:00,1808.049,1808.455,1806.301,1806.405,2559
2021-07-12 00:00:00+00:00,1806.452,1810.773,1791.409,1807.082,72140
2021-07-13 00:00:00+00:00,1807.079,1816.915,1798.539,1805.994,78929
2021-07-14 00:00:00+00:00,1805.999,1829.707,1804.457,1826.376,77983
2021-07-15 00:00:00+00:00,1826.388,1834.039,1820.217,1829.45,73499
2021-07-16 00:00:00+00:00,1829.45,1831.446,1808.937,1812.007,75863
2021-07-18 00:00:00+00:00,1811.224,1815.844,1810.351,1815.7,3341
2021-07-19 00:00:00+00:00,1815.7,1817.25,1794.815,1811.304,83666
2021-07-20 00:00:00+00:00,1811.325,1824.88,1804.85,1809.737,79682
2021-07-21 00:00:00+00:00,1809.735,1813.643,1794.42,1802.54,75126
2021-07-22 00:00:00+00:00,1802.492,1808.426,1792.692,1807.081,72800
2021-07-23 00:00:00+00:00,1807.077,1810.26,1789.193,1802.126,66689
2021-07-25 00:00:00+00:00,1802.274,1802.712,1800.053,1800.344,2119
2021-07-26 00:00:00+00:00,1800.329,1811.448,1796.276,1797.55,65298
2021-07-27 00:00:00+00:00,1797.556,1805.172,1793.332,1799.873,69728
2021-07-28 00:00:00+00:00,1799.828,1810.216,1792.394,1809.307,77673
2021-07-29 00:00:00+00:00,1809.275,1832.548,1808.585,1830.189,68562
2021-07-30 00:00:00+00:00,1830.198,1831.257,1810.141,1813.934,60203
2021-08-01 00:00:00+00:00,1814.431,1814.955,1812.009,1813.79,2616
2021-08-02 00:00:00+00:00,1813.796,1819.432,1805.525,1812.447,64914
2021-08-03 00:00:00+00:00,1812.492,1814.924,1806.999,1811.071,54660
2021-08-04 00:00:00+00:00,1811.063,1831.657,1806.308,1811.614,67323
2021-08-05 00:00:00+00:00,1811.606,1814.766,1797.515,1803.396,60256
2021-08-06 00:00:00+00:00,1803.351,1803.601,1758.355,1763.819,87376
2021-08-08 00:00:00+00:00,1761.426,1762.323,1686.694,1719.053,34634
2021-08-09 00:00:00+00:00,1719.031,1752.663,1705.881,1731.457,148338
2021-08-10 00:00:00+00:00,1731.45,1738.24,1717.704,1726.89,91854
2021-08-11 00:00:00+00:00,1726.899,1754.404,1723.979,1752.326,101103
2021-08-12 00:00:00+00:00,1752.311,1758.105,1741.322,1753.415,86809
2021-08-13 00:00:00+00:00,1753.382,1779.901,1751.651,1779.509,71797
2021-08-15 00:00:00+00:00,1779.017,1779.976,1778.408,1778.763,2836
2021-08-16 00:00:00+00:00,1778.734,1789.175,1770.84,1787.457,74456
2021-08-17 00:00:00+00:00,1787.424,1795.519,1780.495,1786.126,71102
2021-08-18 00:00:00+00:00,1786.121,1793.685,1777.122,1787.381,72338
2021-08-19 00:00:00+00:00,1787.379,1792.366,1774.043,1778.97,81124
2021-08-20 00:00:00+00:00,1779.033,1788.339,1778.279,1781.235,62966
2021-08-22 00:00:00+00:00,1781.378,1782.284,1777.329,1778.626,2941
2021-08-23 00:00:00+00:00,1778.613,1806.232,1776.413,1804.758,64203
2021-08-24 00:00:00+00:00,1804.712,1809.502,1800.678,1801.705,56414
2021-08-25 00:00:00+00:00,1801.715,1802.593,1782.309,1791.52,66042
2021-08-26 00:00:00+00:00,1791.518,1798.112,1779.77,1793.451,66010
2021-08-27 00:00:00+00:00,1793.4,1819.125,1784.41,1816.778,77017
2021-08-29 00:00:00+00:00,1817.936,1819.111,1817.133,1818.39,2766
2021-08-30 00:00:00+00:00,1818.386,1823.157,1807.65,1810.386,53953
2021-08-31 00:00:00+00:00,1810.341,1819.047,1801.544,1814.435,64913
2021-09-01 00:00:00+00:00,1814.426,1819.911,1808.588,1813.02,61467
2021-09-02 00:00:00+00:00,1813.018,1817.008,1804.63,1809.364,51470
2021-09-03 00:00:00+00:00,1809.362,1833.859,1808.878,1827.573,64099
2021-09-05 00:00:00+00:00,1828.089,1830.149,1827.417,1827.555,2797
2021-09-06 00:00:00+00:00,1827.545,1828.416,1821.315,1823.52,33686
2021-09-07 00:00:00+00:00,1823.475,1827.179,1792.28,1795.591,66486
2021-09-08 00:00:00+00:00,1795.589,1802.087,1782.3,1790.683,71161
2021-09-09 00:00:00+00:00,1790.694,1800.893,1783.752,1794.695,70735
2021-09-10 00:00:00+00:00,1794.67,1803.772,1787.08,1787.614,64258
2021-09-12 00:00:00+00:00,1787.288,1788.683,1786.96,1787.29,2333
2021-09-13 00:00:00+00:00,1787.245,1798.314,1783.302,1792.955,64475
2021-09-14 00:00:00+00:00,1792.956,1808.59,1780.279,1803.691,69514
2021-09-15 00:00:00+00:00,1803.701,1806.763,1790.604,1795.002,64394
2021-09-16 00:00:00+00:00,1794.956,1796.083,1745.019,1753.841,101355
2021-09-17 00:00:00+00:00,1753.851,1767.452,1747.306,1754.536,89910
2021-09-19 00:00:00+00:00,1754.698,1755.162,1751.188,1754.118,5273
2021-09-20 00:00:00+00:00,1754.088,1766.923,1741.681,1764.948,85249
2021-09-21 00:00:00+00:00,1764.917,1781.613,1757.869,1774.882,77168
2021-09-22 00:00:00+00:00,1774.886,1787.164,1764.582,1766.984,98346
2021-09-23 00:00:00+00:00,1767.014,1776.51,1737.392,1746.235,99084
2021-09-24 00:00:00+00:00,1746.247,1757.561,1740.411,1750.494,79903
2021-09-26 00:00:00+00:00,1750.033,1750.774,1748.214,1749.526,2905
2021-09-27 00:00:00+00:00,1749.536,1760.795,1744.808,1751.215,82724
2021-09-28 00:00:00+00:00,1751.213,1754.411,1728.069,1735.3,106454
2021-09-29 00:00:00+00:00,1735.309,1745.472,1721.571,1728.823,94762
2021-09-30 00:00:00+00:00,1728.854,1764.08,1722.212,1753.039,98475
2021-10-01 00:00:00+00:00,1753.006,1764.191,1749.685,1760.466,95099
2021-10-03 00:00:00+00:00,1760.954,1765.195,1760.954,1763.118,4733
2021-10-04 00:00:00+00:00,1763.088,1770.487,1747.675,1768.073,91638
2021-10-05 00:00:00+00:00,1768.042,1768.32,1748.561,1759.285,83830
2021-10-06 00:00:00+00:00,1759.317,1765.063,1745.822,1763.946,96089
2021-10-07 00:00:00+00:00,1763.913,1766.891,1751.935,1755.097,78481
2021-10-08 00:00:00+00:00,1755.098,1781.292,1753.32,1757.212,94050
2021-10-10 00:00:00+00:00,1757.272,1757.764,1750.915,1753.953,5682
2021-10-11 00:00:00+00:00,1753.956,1760.948,1750.128,1753.295,67170
2021-10-12 00:00:00+00:00,1753.334,1769.3,1750.573,1760.362,86508
2021-10-13 00:00:00+00:00,1760.331,1795.969,1757.826,1791.698,90119
2021-10-14 00:00:00+00:00,1791.671,1800.406,1786.625,1795.327,60960
2021-10-15 00:00:00+00:00,1795.277,1796.369,1764.652,1767.427,79640
2021-10-17 00:00:00+00:00,1766.961,1772.013,1764.565,1770.952,4852
2021-10-18 00:00:00+00:00,1770.983,1772.007,1760.276,1763.964,90635
2021-10-19 00:00:00+00:00,1763.995,1785.062,1763.269,1768.661,85459
2021-10-20 00:00:00+00:00,1768.664,1788.368,1766.839,1781.408,81134
2021-10-21 00:00:00+00:00,1781.376,1789.316,1776.245,1784.594,86070
2021-10-22 00:00:00+00:00,1784.561,1813.56,1782.595,1792.853,80469
2021-10-24 00:00:00+00:00,1792.926,1794.371,1792.388,1794.347,2853
2021-10-25 00:00:00+00:00,1794.376,1809.913,1792.182,1807.792,65583
2021-10-26 00:00:00+00:00,1807.777,1807.848,1782.191,1793.554,77614
2021-10-27 00:00:00+00:00,1793.571,1799.027,1783.447,1796.583,90869
2021-10-28 00:00:00+00:00,1796.552,1810.38,1791.986,1799.575,108982
2021-10-29 00:00:00+00:00,1799.559,1799.944,1771.896,1783.296,108281
2021-10-31 00:00:00+00:00,1783.269,1783.269,1779.055,1780.02,3101
2021-11-01 00:00:00+00:00,1779.988,1795.686,1779.988,1792.077,77580
2021-11-02 00:00:00+00:00,1792.107,1796.349,1786.172,1787.125,77102
2021-11-03 00:00:00+00:00,1787.099,1787.579,1758.534,1777.368,111417
2021-11-04 00:00:00+00:00,1777.398,1798.894,1770.712,1791.317,87569
2021-11-05 00:00:00+00:00,1791.322,1818.269,1784.842,1818.127,101610
2021-11-07 00:00:00+00:00,1815.75,1818.072,1815.47,1815.82,2370
2021-11-08 00:00:00+00:00,1815.83,1826.395,1812.403,1824.498,81654
2021-11-09 00:00:00+00:00,1824.463,1832.624,1819.069,1829.822,88085
2021-11-10 00:00:00+00:00,1829.849,1868.473,1822.256,1848.511,113417
2021-11-11 00:00:00+00:00,1848.493,1865.917,1842.86,1862.059,82046
2021-11-12 00:00:00+00:00,1862.018,1868.574,1845.229,1864.361,86426
2021-11-14 00:00:00+00:00,1866.804,1867.783,1865.24,1865.476,2251
2021-11-15 00:00:00+00:00,1865.49,1870.267,1856.308,1862.291,78175
2021-11-16 00:00:00+00:00,1862.259,1877.067,1849.644,1850.41,99146
2021-11-17 00:00:00+00:00,1850.379,1868.063,1849.53,1866.636,78553
2021-11-18 00:00:00+00:00,1866.651,1870.883,1855.023,1859.578,83780
2021-11-19 00:00:00+00:00,1859.585,1865.621,1842.813,1846.196,101460
2021-11-21 00:00:00+00:00,1842.207,1847.169,1841.485,1844.909,3841
2021-11-22 00:00:00+00:00,1844.934,1849.046,1802.202,1808.997,114437
2021-11-23 00:00:00+00:00,1809.027,1812.37,1781.914,1791.231,112713
2021-11-24 00:00:00+00:00,1791.262,1796.27,1778.15,1789.698,98747
2021-11-25 00:00:00+00:00,1789.676,1795.027,1787.851,1792.628,44287
2021-11-26 00:00:00+00:00,1792.616,1815.467,1780.054,1787.433,94172
2021-11-28 00:00:00+00:00,1788.597,1795.644,1780.188,1795.377,6526
2021-11-29 00:00:00+00:00,1795.346,1799.361,1781.122,1786.826,98892
2021-11-30 00:00:00+00:00,1786.816,1808.561,1769.831,1773.206,139380
2021-12-01 00:00:00+00:00,1773.209,1794.267,1772.598,1781.914,121649
2021-12-02 00:00:00+00:00,1781.925,1781.971,1761.841,1768.985,104071
2021-12-03 00:00:00+00:00,1768.994,1786.072,1766.078,1783.414,109984
2021-12-05 00:00:00+00:00,1782.102,1784.094,1780.691,1782.901,2235
2021-12-06 00:00:00+00:00,1782.933,1787.683,1775.556,1780.864,77848
2021-12-07 00:00:00+00:00,1780.836,1787.791,1771.948,1784.617,74359
2021-12-08 00:00:00+00:00,1784.607,1793.061,1779.58,1783.474,79004
2021-12-09 00:00:00+00:00,1783.472,1787.554,1773.417,1776.327,77338
2021-12-10 00:00:00+00:00,1776.329,1789.283,1770.069,1782.805,76673
2021-12-12 00:00:00+00:00,1782.732,1784.389,1782.71,1783.216,1672
2021-12-13 00:00:00+00:00,1783.217,1791.581,1781.775,1785.754,62154
2021-12-14 00:00:00+00:00,1785.757,1789.462,1766.419,1772.485,74133
2021-12-15 00:00:00+00:00,1772.515,1781.409,1753.053,1779.528,104229
2021-12-16 00:00:00+00:00,1779.56,1799.621,1775.504,1798.738,83382
2021-12-17 00:00:00+00:00,1798.77,1814.191,1795.794,1798.064,76773
2021-12-19 00:00:00+00:00,1800.61,1801.676,1799.386,1800.171,2264
2021-12-20 00:00:00+00:00,1800.202,1804.089,1788.286,1791.492,72725
2021-12-21 00:00:00+00:00,1791.51,1800.288,1784.748,1790.438,68139
2021-12-22 00:00:00+00:00,1790.468,1804.962,1785.846,1803.592,61580
2021-12-23 00:00:00+00:00,1803.558,1810.687,1798.609,1808.451,57442
2021-12-26 00:00:00+00:00,1806.207,1808.526,1805.977,1807.26,1460
2021-12-27 00:00:00+00:00,1807.282,1813.384,1802.85,1812.329,53327
2021-12-28 00:00:00+00:00,1812.36,1820.191,1805.006,1806.557,58094
2021-12-29 00:00:00+00:00,1806.524,1807.626,1789.212,1804.526,66338
2021-12-30 00:00:00+00:00,1804.533,1817.117,1796.118,1815.704,61977
2021-12-31 00:00:00+00:00,1815.737,1828.722,1814.704,1827.615,57542
2022-01-02 00:00:00+00:00,1830.615,1831.73,1828.021,1828.453,1680
2022-01-03 00:00:00+00:00,1828.422,1831.542,1798.304,1804.101,76069
2022-01-04 00:00:00+00:00,1804.127,1816.68,1798.452,1813.873,78919
2022-01-05 00:00:00+00:00,1813.885,1829.591,1808.259,1810.306,79757
2022-01-06 00:00:00+00:00,1810.339,1811.475,1786.332,1791.365,98877
2022-01-07 00:00:00+00:00,1791.381,1798.604,1782.289,1796.899,85416
2022-01-09 00:00:00+00:00,1794.898,1796.069,1794.505,1795.087,1989
2022-01-10 00:00:00+00:00,1795.117,1802.899,1790.033,1801.225,77478
2022-01-11 00:00:00+00:00,1801.195,1823.249,1801.195,1820.681,77466
2022-01-12 00:00:00+00:00,1820.647,1828.061,1814.465,1825.28,74718
2022-01-13 00:00:00+00:00,1825.249,1828.107,1812.206,1820.817,71760
2022-01-14 00:00:00+00:00,1820.785,1829.045,1814.63,1817.639,79454
2022-01-16 00:00:00+00:00,1817.663,1818.081,1815.859,1816.379,1623
2022-01-17 00:00:00+00:00,1816.377,1823.141,1813.109,1819.029,41145
2022-01-18 00:00:00+00:00,1818.985,1822.726,1805.73,1814.231,92130
2022-01-19 00:00:00+00:00,1814.262,1843.326,1810.042,1838.495,84062
2022-01-20 00:00:00+00:00,1838.496,1847.796,1835.726,1838.889,81864
2022-01-21 00:00:00+00:00,1838.895,1843.095,1828.186,1834.664,85210
2022-01-23 00:00:00+00:00,1833.144,1837.088,1833.123,1834.669,2717
2022-01-24 00:00:00+00:00,1834.699,1844.124,1829.487,1843.521,91028
2022-01-25 00:00:00+00:00,1843.527,1853.785,1834.667,1849.526,86212
2022-01-26 00:00:00+00:00,1849.505,1849.51,1814.84,1821.928,107635
2022-01-27 00:00:00+00:00,1821.924,1821.949,1791.76,1797.205,109585
2022-01-28 00:00:00+00:00,1797.232,1799.343,1780.165,1791.634,97736
2022-01-30 00:00:00+00:00,1789.345,1790.575,1788.327,1789.464,2523
2022-01-31 00:00:00+00:00,1789.494,1799.841,1785.425,1797.738,81420
2022-02-01 00:00:00+00:00,1797.736,1808.524,1795.718,1800.694,81768
2022-02-02 00:00:00+00:00,1800.711,1810.736,1794.218,1807.83,73932
2022-02-03 00:00:00+00:00,1807.797,1808.931,1788.521,1805.719,88834
2022-02-04 00:00:00+00:00,1805.691,1814.862,1792.076,1807.732,93010
2022-02-06 00:00:00+00:00,1808.436,1811.438,1807.877,1810.028,2355
2022-02-07 00:00:00+00:00,1810.035,1823.503,1808.628,1822.004,75588
2022-02-08 00:00:00+00:00,1821.979,1828.737,1815.347,1826.134,67268
2022-02-09 00:00:00+00:00,1825.759,1835.783,1824.344,1832.541,64087
2022-02-10 00:00:00+00:00,1832.543,1841.879,1821.482,1826.796,105641
2022-02-11 00:00:00+00:00,1826.765,1865.332,1820.541,1858.955,126030
2022-02-13 00:00:00+00:00,1855.638,1861.547,1855.387,1859.56,4307
2022-02-14 00:00:00+00:00,1859.538,1874.102,1850.562,1871.048,110678
2022-02-15 00:00:00+00:00,1871.07,1879.466,1844.121,1852.964,102306
2022-02-16 00:00:00+00:00,1852.951,1872.512,1850.275,1869.906,84930
2022-02-17 00:00:00+00:00,1869.938,1900.989,1867.772,1899.944,117575
2022-02-18 00:00:00+00:00,1899.977,1902.395,1886.288,1897.807,90032
2022-02-20 00:00:00+00:00,1903.076,1906.406,1900.349,1904.863,3826
2022-02-21 00:00:00+00:00,1904.861,1914.018,1887.562,1909.377,78560
2022-02-22 00:00:00+00:00,1909.376,1913.754,1891.161,1898.158,103220
2022-02-23 00:00:00+00:00,1898.156,1911.524,1889.367,1910.758,84987
2022-02-24 00:00:00+00:00,1910.754,1974.331,1877.772,1906.5,248409
2022-02-25 00:00:00+00:00,1906.531,1921.484,1882.823,1889.003,146899
2022-02-27 00:00:00+00:00,1920.95,1927.279,1904.347,1910.214,13716
2022-02-28 00:00:00+00:00,1910.181,1919.182,1890.826,1906.268,142190
2022-03-01 00:00:00+00:00,1906.236,1949.979,1901.217,1942.269,137936
2022-03-02 00:00:00+00:00,1942.264,1947.706,1913.468,1928.835,156325
2022-03-03 00:00:00+00:00,1928.805,1941.243,1921.838,1934.87,121881
2022-03-04 00:00:00+00:00,1934.879,1970.844,1929.366,1970.317,152725
2022-03-06 00:00:00+00:00,1981.416,1991.349,1981.269,1988.583,11613
2022-03-07 00:00:00+00:00,1988.6,2002.716,1960.799,1998.703,222824
2022-03-08 00:00:00+00:00,1998.736,2070.292,1980.856,2043.828,317420
2022-03-09 00:00:00+00:00,2043.799,2059.01,1975.866,1989.867,262576
2022-03-10 00:00:00+00:00,1989.862,2009.102,1970.412,1995.387,206027
2022-03-11 00:00:00+00:00,1995.388,1997.308,1958.366,1988.214,163022
2022-03-13 00:00:00+00:00,1980.342,1983.847,1970.76,1974.302,8522
2022-03-14 00:00:00+00:00,1974.263,1978.865,1949.352,1952.184,132435
2022-03-15 00:00:00+00:00,1952.176,1952.208,1906.916,1918.085,154230
2022-03-16 00:00:00+00:00,1918.082,1929.424,1894.75,1926.898,152631
2022-03-17 00:00:00+00:00,1926.899,1949.689,1925.557,1943.947,117789
2022-03-18 00:00:00+00:00,1943.915,1945.34,1917.946,1921.271,113298
2022-03-20 00:00:00+00:00,1925.067,1926.334,1918.261,1918.985,4780
2022-03-21 00:00:00+00:00,1919.007,1941.097,1917.662,1935.506,98940
2022-03-22 00:00:00+00:00,1935.543,1938.331,1910.378,1919.665,109093
2022-03-23 00:00:00+00:00,1919.663,1948.282,1915.575,1946.104,93583
2022-03-24 00:00:00+00:00,1946.106,1966.151,1937.434,1959.217,111431
2022-03-25 00:00:00+00:00,1959.236,1964.253,1943.079,1958.248,99757
2022-03-27 00:00:00+00:00,1955.588,1957.911,1954.787,1957.222,4351
2022-03-28 00:00:00+00:00,1957.209,1958.405,1916.898,1924.041,130401
2022-03-29 00:00:00+00:00,1924.04,1929.272,1890.113,1916.354,135007
2022-03-30 00:00:00+00:00,1916.363,1938.489,1915.905,1934.017,107123
2022-03-31 00:00:00+00:00,1934.044,1949.76,1918.817,1936.702,110771
2022-04-01 00:00:00+00:00,1936.704,1939.493,1917.848,1924.495,111591
2022-04-03 00:00:00+00:00,1924.673,1924.995,1921.444,1924.674,3323
2022-04-04 00:00:00+00:00,1924.635,1936.808,1915.19,1931.493,98316
2022-04-05 00:00:00+00:00,1931.51,1944.555,1917.767,1920.617,106538
2022-04-06 00:00:00+00:00,1920.618,1933.482,1914.737,1923.806,123710
2022-04-07 00:00:00+00:00,1923.783,1937.653,1920.496,1932.938,100050
2022-04-08 00:00:00+00:00,1932.968,1948.146,1927.668,1947.868,91436
2022-04-10 00:00:00+00:00,1948.292,1950.0,1943.18,1944.606,4962
2022-04-11 00:00:00+00:00,1944.61,1969.585,1939.925,1952.799,114353
2022-04-12 00:00:00+00:00,1952.772,1978.253,1949.605,1965.922,112665
2022-04-13 00:00:00+00:00,1965.899,1981.532,1962.745,1977.083,97551
2022-04-14 00:00:00+00:00,1977.082,1980.198,1960.42,1973.111,95792
2022-04-17 00:00:00+00:00,1972.91,1987.767,1971.978,1986.477,7360
2022-04-18 00:00:00+00:00,1986.494,1998.178,1976.208,1977.131,100495
2022-04-19 00:00:00+00:00,1977.161,1981.76,1943.618,1949.718,115161
2022-04-20 00:00:00+00:00,1949.748,1958.332,1939.088,1956.797,111133
2022-04-21 00:00:00+00:00,1956.794,1957.397,1936.478,1950.905,109301
2022-04-22 00:00:00+00:00,1950.899,1955.483,1926.267,1931.5,122261
2022-04-24 00:00:00+00:00,1932.305,1934.435,1929.527,1932.663,4920
2022-04-25 00:00:00+00:00,1932.661,1932.726,1891.134,1899.39,142707
2022-04-26 00:00:00+00:00,1899.375,1911.179,1895.449,1906.528,119602
2022-04-27 00:00:00+00:00,1906.529,1906.789,1881.037,1885.633,120990
2022-04-28 00:00:00+00:00,1885.625,1896.735,1871.9,1895.515,122058
2022-04-29 00:00:00+00:00,1895.526,1919.762,1894.415,1896.72,112171
2022-05-01 00:00:00+00:00,1899.389,1899.899,1896.106,1897.236,6224
2022-05-02 00:00:00+00:00,1897.206,1898.451,1854.428,1863.149,110239
2022-05-03 00:00:00+00:00,1863.117,1877.892,1850.192,1868.33,100201
2022-05-04 00:00:00+00:00,1868.298,1894.144,1861.388,1893.782,120296
2022-05-05 00:00:00+00:00,1893.821,1909.551,1872.327,1874.231,135684
2022-05-06 00:00:00+00:00,1874.199,1892.504,1865.888,1883.631,115754
2022-05-08 00:00:00+00:00,1883.561,1885.697,1879.889,1881.256,5207
2022-05-09 00:00:00+00:00,1881.244,1882.073,1851.677,1854.636,116544
2022-05-10 00:00:00+00:00,1854.605,1865.301,1833.108,1833.584,123399
2022-05-11 00:00:00+00:00,1833.614,1857.973,1831.974,1854.064,129735
2022-05-12 00:00:00+00:00,1854.063,1858.745,1810.519,1821.379,138220
2022-05-13 00:00:00+00:00,1821.414,1828.472,1798.81,1811.491,105512
2022-05-15 00:00:00+00:00,1813.943,1814.561,1809.718,1813.161,5868
2022-05-16 00:00:00+00:00,1813.19,1829.184,1786.381,1826.353,109857
2022-05-17 00:00:00+00:00,1826.388,1836.051,1812.886,1814.521,102817
2022-05-18 00:00:00+00:00,1814.49,1824.673,1807.231,1816.015,96091
2022-05-19 00:00:00+00:00,1816.029,1849.115,1810.833,1842.072,111098
2022-05-20 00:00:00+00:00,1842.064,1849.365,1832.312,1846.487,90597
2022-05-22 00:00:00+00:00,1848.976,1849.587,1843.478,1846.283,5062
2022-05-23 00:00:00+00:00,1846.284,1865.372,1845.756,1853.883,87087
2022-05-24 00:00:00+00:00,1853.919,1869.656,1849.303,1867.329,80538
2022-05-25 00:00:00+00:00,1867.361,1867.995,1841.3,1853.974,82339
2022-05-26 00:00:00+00:00,1853.944,1854.26,1840.804,1852.779,83104
2022-05-27 00:00:00+00:00,1852.748,1862.113,1847.933,1853.024,77108
2022-05-29 00:00:00+00:00,1852.618,1853.909,1848.158,1849.849,3394
2022-05-30 00:00:00+00:00,1849.872,1863.953,1848.661,1852.384,53671
2022-05-31 00:00:00+00:00,1852.416,1857.07,1835.015,1836.404,92851
2022-06-01 00:00:00+00:00,1836.437,1849.923,1828.429,1845.949,96121
2022-06-02 00:00:00+00:00,1845.953,1870.543,1844.065,1869.855,82913
2022-06-03 00:00:00+00:00,1869.886,1873.967,1847.249,1850.96,77386
2022-06-05 00:00:00+00:00,1850.955,1853.237,1850.103,1851.478,2805
2022-06-06 00:00:00+00:00,1851.48,1857.898,1837.957,1839.385,73857
2022-06-07 00:00:00+00:00,1839.404,1855.484,1836.939,1853.566,79488
2022-06-08 00:00:00+00:00,1853.569,1859.61,1844.488,1852.692,74411
2022-06-09 00:00:00+00:00,1852.695,1855.255,1840.008,1846.918,81415
2022-06-10 00:00:00+00:00,1846.945,1875.847,1825.079,1871.532,115442
2022-06-12 00:00:00+00:00,1878.07,1878.832,1874.666,1876.949,6102
2022-06-13 00:00:00+00:00,1876.93,1877.351,1809.14,1821.013,138261
2022-06-14 00:00:00+00:00,1820.98,1831.57,1805.064,1810.902,123222
2022-06-15 00:00:00+00:00,1810.872,1841.828,1808.642,1833.827,151096
2022-06-16 00:00:00+00:00,1833.811,1857.493,1815.391,1850.809,130439
2022-06-17 00:00:00+00:00,1850.821,1852.917,1833.817,1840.248,109101
2022-06-19 00:00:00+00:00,1836.197,1840.32,1834.725,1838.432,5130
2022-06-20 00:00:00+00:00,1838.436,1846.093,1835.153,1839.091,63606
2022-06-21 00:00:00+00:00,1839.053,1843.581,1828.531,1831.32,90405
2022-06-22 00:00:00+00:00,1831.288,1847.815,1823.291,1836.562,103024
2022-06-23 00:00:00+00:00,1836.593,1846.058,1822.481,1824.582,102434
2022-06-24 00:00:00+00:00,1824.585,1831.621,1816.879,1827.1,94125
2022-06-26 00:00:00+00:00,1836.268,1836.298,1829.99,1831.005,7001
2022-06-27 00:00:00+00:00,1830.973,1840.818,1820.729,1823.494,87970
2022-06-28 00:00:00+00:00,1823.506,1829.452,1818.256,1818.377,79623
2022-06-29 00:00:00+00:00,1818.347,1833.03,1811.898,1818.883,89393
2022-06-30 00:00:00+00:00,1818.896,1825.133,1802.627,1806.548,100828
2022-07-01 00:00:00+00:00,1806.552,1809.394,1784.473,1809.341,112101
2022-07-03 00:00:00+00:00,1810.342,1810.937,1808.034,1808.071,4033
2022-07-04 00:00:00+00:00,1808.062,1814.091,1803.948,1809.285,56439
2022-07-05 00:00:00+00:00,1809.287,1812.081,1763.729,1769.527,109591
2022-07-06 00:00:00+00:00,1769.524,1772.784,1732.221,1739.958,124549
2022-07-07 00:00:00+00:00,1739.989,1748.998,1736.482,1741.722,89351
2022-07-08 00:00:00+00:00,1741.754,1752.349,1732.813,1742.249,93331
2022-07-10 00:00:00+00:00,1741.119,1744.589,1740.873,1741.965,3889
2022-07-11 00:00:00+00:00,1741.998,1743.548,1731.223,1733.238,80153
2022-07-12 00:00:00+00:00,1733.236,1743.94,1723.036,1725.287,99125
2022-07-13 00:00:00+00:00,1725.317,1745.318,1707.071,1731.99,124098
2022-07-14 00:00:00+00:00,1731.972,1733.521,1697.565,1711.655,129549
2022-07-15 00:00:00+00:00,1711.692,1716.563,1698.927,1707.44,99116
2022-07-17 00:00:00+00:00,1706.571,1710.646,1706.536,1710.292,4179
2022-07-18 00:00:00+00:00,1710.261,1723.834,1706.616,1708.215,87737
2022-07-19 00:00:00+00:00,1708.198,1718.373,1705.3,1709.954,78373
2022-07-20 00:00:00+00:00,1709.924,1714.476,1692.191,1695.406,83285
2022-07-21 00:00:00+00:00,1695.357,1720.269,1680.811,1718.076,117457
2022-07-22 00:00:00+00:00,1718.046,1739.229,1712.809,1727.469,94925
2022-07-24 00:00:00+00:00,1726.25,1727.089,1724.282,1724.673,3980
2022-07-25 00:00:00+00:00,1724.676,1736.012,1714.721,1718.99,81380
2022-07-26 00:00:00+00:00,1719.03,1728.145,1713.605,1717.929,79872
2022-07-27 00:00:00+00:00,1717.896,1740.307,1711.358,1738.764,95606
2022-07-28 00:00:00+00:00,1738.733,1757.039,1733.993,1754.908,113789
2022-07-29 00:00:00+00:00,1754.898,1767.905,1752.116,1766.178,95370
2022-07-31 00:00:00+00:00,1765.356,1765.39,1760.893,1762.141,3687
2022-08-01 00:00:00+00:00,1762.172,1775.302,1758.22,1772.228,88755
2022-08-02 00:00:00+00:00,1772.261,1787.973,1754.784,1756.675,112400
2022-08-03 00:00:00+00:00,1756.669,1772.769,1754.321,1763.586,92445
2022-08-04 00:00:00+00:00,1763.617,1794.882,1763.358,1793.38,86654
2022-08-05 00:00:00+00:00,1793.347,1794.863,1764.955,1775.628,98373
2022-08-07 00:00:00+00:00,1773.369,1775.046,1772.643,1774.558,3684
2022-08-08 00:00:00+00:00,1774.562,1790.631,1771.119,1789.176,73981
2022-08-09 00:00:00+00:00,1789.146,1800.41,1783.177,1794.082,75716
2022-08-10 00:00:00+00:00,1794.086,1807.831,1787.574,1791.66,91473
2022-08-11 00:00:00+00:00,1791.675,1799.215,1783.471,1788.95,82896
2022-08-12 00:00:00+00:00,1788.923,1802.198,1784.86,1801.884,74534
2022-08-14 00:00:00+00:00,1801.505,1801.765,1798.969,1799.103,3025
2022-08-15 00:00:00+00:00,1799.072,1801.693,1772.949,1778.509,84793
2022-08-16 00:00:00+00:00,1778.547,1783.068,1771.198,1775.556,73288
2022-08-17 00:00:00+00:00,1775.564,1782.159,1759.7,1764.909,91793
2022-08-18 00:00:00+00:00,1764.911,1772.362,1755.304,1758.387,80126
2022-08-19 00:00:00+00:00,1758.39,1758.55,1745.49,1747.376,77223
2022-08-21 00:00:00+00:00,1745.586,1748.094,1744.969,1745.664,3670
2022-08-22 00:00:00+00:00,1745.668,1748.992,1727.749,1735.22,84063
2022-08-23 00:00:00+00:00,1735.227,1754.057,1730.786,1745.97,85342
2022-08-24 00:00:00+00:00,1745.972,1755.904,1742.431,1750.98,78538
2022-08-25 00:00:00+00:00,1750.974,1765.437,1749.921,1756.377,78251
2022-08-26 00:00:00+00:00,1756.379,1758.757,1734.13,1737.998,101769
2022-08-28 00:00:00+00:00,1734.774,1738.525,1733.125,1734.735,6173
2022-08-29 00:00:00+00:00,1734.741,1745.407,1720.28,1739.526,90790
2022-08-30 00:00:00+00:00,1739.51,1740.474,1721.131,1723.304,84207
2022-08-31 00:00:00+00:00,1723.302,1726.483,1705.48,1708.952,93068
2022-09-01 00:00:00+00:00,1708.919,1708.919,1688.723,1697.174,97164
2022-09-02 00:00:00+00:00,1697.165,1717.932,1696.266,1712.532,91250
2022-09-04 00:00:00+00:00,1711.024,1711.509,1707.899,1707.958,3100
2022-09-05 00:00:00+00:00,1707.929,1715.705,1707.72,1713.927,51594
2022-09-06 00:00:00+00:00,1713.921,1726.337,1699.751,1703.478,95465
2022-09-07 00:00:00+00:00,1703.475,1719.426,1691.358,1716.553,95638
2022-09-08 00:00:00+00:00,1716.548,1728.138,1703.864,1710.648,106170
2022-09-09 00:00:00+00:00,1710.618,1729.336,1709.683,1717.186,87222
2022-09-11 00:00:00+00:00,1718.402,1720.155,1716.742,1718.396,3416
2022-09-12 00:00:00+00:00,1718.365,1735.081,1711.946,1725.246,92494
2022-09-13 00:00:00+00:00,1725.236,1731.772,1696.993,1702.097,114580
2022-09-14 00:00:00+00:00,1702.141,1707.068,1693.596,1697.512,99562
2022-09-15 00:00:00+00:00,1697.494,1697.775,1660.181,1662.336,103864
2022-09-16 00:00:00+00:00,1662.338,1680.361,1654.095,1675.286,95581
2022-09-18 00:00:00+00:00,1674.412,1679.963,1673.966,1677.946,4036
2022-09-19 00:00:00+00:00,1677.914,1678.74,1659.457,1675.752,84650
2022-09-20 00:00:00+00:00,1675.744,1679.43,1659.913,1666.4,87178
2022-09-21 00:00:00+00:00,1666.392,1688.033,1653.772,1667.043,141336
2022-09-22 00:00:00+00:00,1667.04,1684.833,1655.368,1672.724,138885
2022-09-23 00:00:00+00:00,1672.737,1675.933,1639.714,1643.877,118540
2022-09-25 00:00:00+00:00,1643.172,1645.673,1640.355,1644.085,5575
2022-09-26 00:00:00+00:00,1644.082,1649.598,1621.048,1627.669,150756
2022-09-27 00:00:00+00:00,1627.637,1642.384,1626.649,1628.797,114230
2022-09-28 00:00:00+00:00,1628.795,1662.66,1614.427,1656.115,147585
2022-09-29 00:00:00+00:00,1656.147,1665.171,1641.435,1664.567,132548
2022-09-30 00:00:00+00:00,1664.576,1675.424,1659.198,1660.963,121497
2022-10-02 00:00:00+00:00,1664.009,1665.394,1663.255,1664.152,4625
2022-10-03 00:00:00+00:00,1664.122,1702.553,1659.578,1700.996,126185
2022-10-04 00:00:00+00:00,1701.0,1729.469,1695.125,1725.563,120521
2022-10-05 00:00:00+00:00,1725.562,1727.552,1700.495,1718.379,118208
2022-10-06 00:00:00+00:00,1718.416,1725.491,1706.888,1711.869,108881
2022-10-07 00:00:00+00:00,1711.89,1714.764,1690.453,1695.001,116044
2022-10-09 00:00:00+00:00,1696.236,1699.857,1695.794,1696.694,4572
2022-10-10 00:00:00+00:00,1696.695,1697.232,1665.618,1670.131,101537
2022-10-11 00:00:00+00:00,1670.1,1683.879,1660.867,1664.037,122726
2022-10-12 00:00:00+00:00,1664.015,1678.298,1661.379,1674.483,118122
2022-10-13 00:00:00+00:00,1674.46,1682.36,1642.337,1663.441,152379
2022-10-14 00:00:00+00:00,1663.418,1671.694,1640.123,1644.267,126306
2022-10-16 00:00:00+00:00,1646.163,1647.656,1644.094,1647.47,4635
2022-10-17 00:00:00+00:00,1647.455,1668.389,1646.361,1650.698,97294
2022-10-18 00:00:00+00:00,1650.73,1660.853,1645.81,1652.305,104396
2022-10-19 00:00:00+00:00,1652.304,1653.366,1626.464,1627.097,103988
2022-10-20 00:00:00+00:00,1627.064,1645.57,1622.403,1626.98,107874
2022-10-21 00:00:00+00:00,1626.979,1658.087,1616.856,1657.806,154343
2022-10-23 00:00:00+00:00,1659.975,1670.606,1656.61,1661.251,20029
2022-10-24 00:00:00+00:00,1661.219,1663.306,1643.903,1651.742,126312
2022-10-25 00:00:00+00:00,1651.773,1662.281,1638.121,1652.755,107108
2022-10-26 00:00:00+00:00,1652.765,1674.834,1649.733,1667.513,110063
2022-10-27 00:00:00+00:00,1667.524,1670.754,1654.798,1661.862,122403
2022-10-28 00:00:00+00:00,1661.861,1666.992,1637.811,1644.628,109931
2022-10-30 00:00:00+00:00,1643.727,1645.373,1643.003,1643.446,4695
2022-10-31 00:00:00+00:00,1643.413,1645.56,1631.677,1632.419,86334
2022-11-01 00:00:00+00:00,1632.452,1656.969,1630.689,1646.772,109646
2022-11-02 00:00:00+00:00,1646.804,1669.428,1631.8,1633.721,137225
2022-11-03 00:00:00+00:00,1633.718,1640.911,1616.624,1629.737,115067
2022-11-04 00:00:00+00:00,1629.771,1681.665,1629.315,1680.966,133196
2022-11-06 00:00:00+00:00,1675.168,1680.309,1672.277,1672.66,5338
2022-11-07 00:00:00+00:00,1672.698,1681.865,1666.852,1674.072,103128
2022-11-08 00:00:00+00:00,1674.084,1716.901,1664.665,1711.587,118524
2022-11-09 00:00:00+00:00,1711.583,1722.291,1702.124,1706.45,124416
2022-11-10 00:00:00+00:00,1706.469,1757.196,1703.98,1752.196,145419
2022-11-11 00:00:00+00:00,1752.192,1772.822,1747.23,1771.096,129640
2022-11-13 00:00:00+00:00,1763.488,1764.891,1761.422,1763.439,4142
2022-11-14 00:00:00+00:00,1763.447,1775.007,1753.101,1769.481,114630
2022-11-15 00:00:00+00:00,1769.516,1786.472,1767.047,1780.746,154449
2022-11-16 00:00:00+00:00,1780.774,1784.992,1770.272,1773.843,121911
2022-11-17 00:00:00+00:00,1773.862,1774.762,1754.443,1760.058,111269
2022-11-18 00:00:00+00:00,1760.026,1767.674,1747.487,1750.852,93341
2022-11-20 00:00:00+00:00,1751.196,1752.595,1750.869,1752.261,2432
2022-11-21 00:00:00+00:00,1752.256,1752.986,1732.473,1738.506,101152
2022-11-22 00:00:00+00:00,1738.513,1749.613,1737.008,1741.139,89700
2022-11-23 00:00:00+00:00,1741.14,1753.378,1726.349,1752.271,106094
2022-11-24 00:00:00+00:00,1752.302,1758.565,1752.297,1755.189,62917
2022-11-25 00:00:00+00:00,1755.375,1761.12,1745.947,1755.969,74199
2022-11-27 00:00:00+00:00,1753.479,1754.215,1749.919,1750.9,1548
2022-11-28 00:00:00+00:00,1750.883,1763.703,1739.601,1741.231,103654
2022-11-29 00:00:00+00:00,1741.252,1758.929,1740.23,1748.884,96409
2022-11-30 00:00:00+00:00,1748.92,1773.44,1744.645,1773.332,121965
2022-12-01 00:00:00+00:00,1773.354,1804.439,1771.933,1802.253,122288
2022-12-02 00:00:00+00:00,1802.284,1802.96,1778.425,1797.945,117900
2022-12-04 00:00:00+00:00,1795.131,1799.341,1794.397,1798.946,3012
2022-12-05 00:00:00+00:00,1798.977,1809.868,1765.756,1769.348,110083
2022-12-06 00:00:00+00:00,1769.314,1780.835,1767.201,1770.915,94680
2022-12-07 00:00:00+00:00,1770.918,1790.489,1768.683,1786.964,105227
2022-12-08 00:00:00+00:00,1786.974,1794.813,1781.372,1789.207,87442
2022-12-09 00:00:00+00:00,1789.21,1806.043,1788.466,1797.425,98102
2022-12-11 00:00:00+00:00,1795.942,1796.635,1794.757,1794.954,2137
2022-12-12 00:00:00+00:00,1794.938,1795.446,1777.541,1781.893,86584
2022-12-13 00:00:00+00:00,1781.894,1824.45,1780.983,1809.588,130049
2022-12-14 00:00:00+00:00,1809.586,1814.085,1795.718,1807.616,129141
2022-12-15 00:00:00+00:00,1807.617,1807.818,1773.434,1776.49,120665
2022-12-16 00:00:00+00:00,1776.456,1794.228,1774.271,1793.062,95319
2022-12-18 00:00:00+00:00,1792.453,1793.006,1790.95,1791.017,2246
2022-12-19 00:00:00+00:00,1790.997,1798.712,1783.783,1787.255,82183
2022-12-20 00:00:00+00:00,1787.224,1821.02,1784.563,1817.199,125528
2022-12-21 00:00:00+00:00,1817.168,1823.76,1811.854,1814.892,90916
2022-12-22 00:00:00+00:00,1814.856,1820.365,1784.764,1793.44,99411
2022-12-23 00:00:00+00:00,1793.461,1803.194,1791.14,1798.469,85412
2022-12-26 00:00:00+00:00,1799.575,1803.087,1799.248,1800.842,1600
2022-12-27 00:00:00+00:00,1800.845,1833.269,1800.238,1812.353,91863
2022-12-28 00:00:00+00:00,1812.377,1814.566,1796.946,1805.765,88179
2022-12-29 00:00:00+00:00,1805.728,1820.145,1804.34,1815.096,81997
2022-12-30 00:00:00+00:00,1815.108,1825.985,1813.339,1823.51,88314
2023-01-02 00:00:00+00:00,1826.216,1830.46,1823.998,1829.131,2382
2023-01-03 00:00:00+00:00,1829.11,1849.902,1826.747,1836.522,123230
2023-01-04 00:00:00+00:00,1836.501,1865.086,1836.185,1854.827,124307
2023-01-05 00:00:00+00:00,1854.794,1858.971,1825.035,1832.799,116569
2023-01-06 00:00:00+00:00,1832.8,1869.783,1831.265,1865.989,119653
2023-01-08 00:00:00+00:00,1866.736,1869.889,1866.716,1869.602,3665
2023-01-09 00:00:00+00:00,1869.595,1881.424,1867.099,1870.49,108244
2023-01-10 00:00:00+00:00,1870.477,1880.719,1867.789,1877.167,103805
2023-01-11 00:00:00+00:00,1877.196,1886.576,1867.093,1876.939,100758
2023-01-12 00:00:00+00:00,1876.935,1901.591,1873.263,1898.023,133243
2023-01-13 00:00:00+00:00,1897.993,1921.854,1892.282,1920.251,111565
2023-01-15 00:00:00+00:00,1919.066,1920.45,1916.844,1916.893,2928
2023-01-16 00:00:00+00:00,1916.904,1928.751,1910.813,1917.856,69359
2023-01-17 00:00:00+00:00,1917.882,1918.996,1903.633,1908.691,101941
2023-01-18 00:00:00+00:00,1908.674,1925.862,1896.559,1906.818,129170
2023-01-19 00:00:00+00:00,1906.848,1935.129,1900.95,1931.68,114679
2023-01-20 00:00:00+00:00,1931.683,1937.383,1920.58,1925.883,97928
2023-01-22 00:00:00+00:00,1924.243,1927.327,1924.189,1927.258,2521
2023-01-23 00:00:00+00:00,1927.232,1935.466,1911.296,1931.325,105372
2023-01-24 00:00:00+00:00,1931.313,1942.395,1916.962,1936.963,101119
2023-01-25 00:00:00+00:00,1936.953,1948.739,1919.804,1948.321,107046
2023-01-26 00:00:00+00:00,1948.346,1949.116,1918.41,1930.718,113361
2023-01-27 00:00:00+00:00,1930.679,1935.025,1916.655,1928.265,92726
2023-01-29 00:00:00+00:00,1926.746,1928.918,1926.408,1928.854,2430
2023-01-30 00:00:00+00:00,1928.859,1934.425,1920.627,1922.089,96195
2023-01-31 00:00:00+00:00,1922.121,1931.088,1900.736,1927.336,110416
2023-02-01 00:00:00+00:00,1927.329,1955.951,1920.494,1953.043,138667
2023-02-02 00:00:00+00:00,1953.008,1959.639,1911.211,1915.002,144428
2023-02-03 00:00:00+00:00,1914.998,1918.515,1861.424,1865.705,147066
2023-02-05 00:00:00+00:00,1864.169,1869.894,1863.718,1865.462,4303
2023-02-06 00:00:00+00:00,1865.429,1881.296,1862.982,1868.476,112453
2023-02-07 00:00:00+00:00,1868.507,1884.428,1864.972,1872.894,137566
2023-02-08 00:00:00+00:00,1872.893,1886.342,1868.977,1874.989,102318
2023-02-09 00:00:00+00:00,1874.983,1890.17,1858.842,1862.322,113695
2023-02-10 00:00:00+00:00,1862.353,1872.159,1852.744,1865.314,115674
2023-02-12 00:00:00+00:00,1863.97,1865.29,1862.633,1862.705,2215
2023-02-13 00:00:00+00:00,1862.739,1866.533,1850.417,1854.376,92838
2023-02-14 00:00:00+00:00,1854.38,1870.322,1843.19,1854.865,155845
2023-02-15 00:00:00+00:00,1854.862,1860.066,1830.262,1836.361,117910
2023-02-16 00:00:00+00:00,1836.353,1845.266,1827.567,1834.272,114973
2023-02-17 00:00:00+00:00,1834.288,1843.547,1818.861,1842.499,107726
2023-02-19 00:00:00+00:00,1841.163,1841.687,1838.386,1838.659,2114
2023-02-20 00:00:00+00:00,1838.666,1847.39,1837.282,1841.705,51903
2023-02-21 00:00:00+00:00,1841.659,1843.801,1830.204,1835.548,100276
2023-02-22 00:00:00+00:00,1835.552,1845.972,1823.473,1825.075,102613
2023-02-23 00:00:00+00:00,1825.086,1833.723,1817.218,1823.166,99240
2023-02-24 00:00:00+00:00,1823.197,1827.755,1808.9,1810.778,100816
2023-02-26 00:00:00+00:00,1811.892,1813.078,1811.23,1811.74,2184
2023-02-27 00:00:00+00:00,1811.728,1820.087,1806.176,1817.137,89208
2023-02-28 00:00:00+00:00,1817.138,1831.104,1804.393,1825.551,94264
2023-03-01 00:00:00+00:00,1825.552,1844.574,1823.042,1836.554,103946
2023-03-02 00:00:00+00:00,1836.53,1838.932,1829.947,1837.818,96438
2023-03-03 00:00:00+00:00,1837.787,1856.278,1837.756,1855.265,90685
2023-03-05 00:00:00+00:00,1853.694,1854.076,1852.152,1852.294,1832
2023-03-06 00:00:00+00:00,1852.302,1858.123,1845.066,1846.323,84795
2023-03-07 00:00:00+00:00,1846.303,1851.468,1812.67,1813.936,110332
2023-03-08 00:00:00+00:00,1813.935,1824.235,1809.372,1815.196,96065
2023-03-09 00:00:00+00:00,1815.209,1835.548,1811.922,1831.569,90830
2023-03-10 00:00:00+00:00,1831.565,1870.031,1827.702,1867.109,141680
2023-03-12 00:00:00+00:00,1883.412,1894.368,1875.749,1877.746,25379
2023-03-13 00:00:00+00:00,1877.716,1914.577,1871.496,1912.025,197343
2023-03-14 00:00:00+00:00,1912.055,1914.113,1895.228,1903.064,152966
2023-03-15 00:00:00+00:00,1903.055,1937.287,1885.584,1921.155,195734
2023-03-16 00:00:00+00:00,1921.145,1933.443,1907.298,1921.294,165436
2023-03-17 00:00:00+00:00,1921.306,1988.311,1918.196,1988.129,151331
2023-03-19 00:00:00+00:00,1985.925,1988.132,1975.037,1976.936,11961
2023-03-20 00:00:00+00:00,1976.968,2009.668,1965.627,1976.585,190905
2023-03-21 00:00:00+00:00,1976.581,1985.121,1935.343,1943.106,139958
2023-03-22 00:00:00+00:00,1943.074,1978.802,1934.057,1969.706,164684
2023-03-23 00:00:00+00:00,1969.755,2003.277,1966.317,1991.324,156340
2023-03-24 00:00:00+00:00,1991.292,2002.989,1975.165,1978.777,158797
2023-03-26 00:00:00+00:00,1976.4,1976.735,1969.153,1975.691,7621
2023-03-27 00:00:00+00:00,1975.658,1978.691,1943.944,1958.071,122548
2023-03-28 00:00:00+00:00,1958.04,1975.255,1949.141,1971.898,105019
2023-03-29 00:00:00+00:00,1971.93,1972.854,1958.55,1963.201,94574
2023-03-30 00:00:00+00:00,1963.222,1984.251,1955.195,1978.386,100053
2023-03-31 00:00:00+00:00,1978.412,1987.544,1966.806,1969.376,102318
2023-04-02 00:00:00+00:00,1966.275,1967.407,1956.964,1957.027,9069
2023-04-03 00:00:00+00:00,1957.063,1990.476,1949.542,1984.935,111861
2023-04-04 00:00:00+00:00,1984.929,2024.982,1976.814,2021.748,124065
2023-04-05 00:00:00+00:00,2021.716,2032.046,2009.919,2020.287,116544
2023-04-06 00:00:00+00:00,2020.269,2020.907,2000.81,2007.761,97604
2023-04-09 00:00:00+00:00,1997.006,2006.495,1995.817,2005.497,5722
2023-04-10 00:00:00+00:00,2005.529,2005.86,1981.436,1992.389,96569
2023-04-11 00:00:00+00:00,1992.356,2007.41,1988.773,2004.675,84787
2023-04-12 00:00:00+00:00,2004.684,2028.184,2000.987,2018.149,122580
2023-04-13 00:00:00+00:00,2018.118,2048.597,2015.276,2039.713,108079
2023-04-14 00:00:00+00:00,2039.712,2047.392,1992.364,2004.252,132331
2023-04-16 00:00:00+00:00,2001.207,2005.006,1999.651,2002.848,5116
2023-04-17 00:00:00+00:00,2002.866,2014.998,1980.899,1993.906,109442
2023-04-18 00:00:00+00:00,1993.915,2011.823,1991.048,2005.718,97030
2023-04-19 00:00:00+00:00,2005.719,2008.077,1969.176,1993.616,113424
2023-04-20 00:00:00+00:00,1993.651,2012.347,1990.476,2005.313,109834
2023-04-21 00:00:00+00:00,2005.287,2005.508,1971.584,1982.886,118262
2023-04-23 00:00:00+00:00,1982.082,1985.343,1981.789,1984.62,3555
2023-04-24 00:00:00+00:00,1984.618,1996.42,1974.028,1995.016,100105
2023-04-25 00:00:00+00:00,1995.015,2003.83,1976.067,2000.172,125716
2023-04-26 00:00:00+00:00,2000.178,2009.322,1983.348,1991.647,127310
2023-04-27 00:00:00+00:00,1991.617,2003.246,1974.016,1986.914,121208
2023-04-28 00:00:00+00:00,1986.879,1994.994,1976.103,1989.376,121133
2023-04-30 00:00:00+00:00,1989.602,1991.877,1986.62,1986.895,4632
2023-05-01 00:00:00+00:00,1986.927,2005.933,1977.054,1981.373,116660
2023-05-02 00:00:00+00:00,1981.385,2019.31,1978.455,2015.905,122126
2023-05-03 00:00:00+00:00,2015.916,2079.817,2007.655,2051.957,152916
2023-05-04 00:00:00+00:00,2051.959,2059.537,2030.327,2049.922,166005
2023-05-05 00:00:00+00:00,2049.924,2052.957,1999.451,2016.65,127098
2023-05-07 00:00:00+00:00,2016.428,2017.281,2014.174,2016.006,4614
2023-05-08 00:00:00+00:00,2015.976,2029.32,2015.15,2021.237,91200
2023-05-09 00:00:00+00:00,2021.266,2037.561,2019.483,2036.27,93233
2023-05-10 00:00:00+00:00,2036.31,2048.145,2021.356,2031.436,117038
2023-05-11 00:00:00+00:00,2031.411,2040.788,2011.104,2016.346,131662
2023-05-12 00:00:00+00:00,2016.367,2022.461,2000.895,2010.912,107767
2023-05-14 00:00:00+00:00,2008.664,2011.957,2008.664,2009.558,3383
2023-05-15 00:00:00+00:00,2009.551,2022.083,2008.637,2014.4,87552
2023-05-16 00:00:00+00:00,2014.411,2018.279,1985.414,1989.63,108084
2023-05-17 00:00:00+00:00,1989.633,1992.977,1974.734,1982.717,96744
2023-05-18 00:00:00+00:00,1982.731,1985.973,1951.937,1958.356,102467
2023-05-19 00:00:00+00:00,1958.364,1984.186,1954.003,1977.703,113065
2023-05-21 00:00:00+00:00,1978.005,1981.48,1978.005,1980.829,3723
2023-05-22 00:00:00+00:00,1980.827,1982.53,1968.84,1969.784,98372
2023-05-23 00:00:00+00:00,1969.814,1977.739,1954.232,1975.021,114179
2023-05-24 00:00:00+00:00,1975.043,1985.101,1956.683,1959.752,111498
2023-05-25 00:00:00+00:00,1959.748,1964.711,1938.813,1940.515,119455
2023-05-26 00:00:00+00:00,1940.492,1957.219,1936.576,1946.834,101876
2023-05-28 00:00:00+00:00,1943.265,1946.248,1943.227,1943.654,4454
2023-05-29 00:00:00+00:00,1943.687,1949.718,1940.27,1941.683,54792
2023-05-30 00:00:00+00:00,1941.498,1963.479,1932.042,1958.535,104724
2023-05-31 00:00:00+00:00,1958.544,1974.676,1953.625,1966.244,110081
2023-06-01 00:00:00+00:00,1966.275,1983.049,1953.338,1977.03,106037
2023-06-02 00:00:00+00:00,1977.033,1983.332,1947.58,1948.029,103366
2023-06-04 00:00:00+00:00,1947.366,1950.096,1947.297,1949.33,4212
2023-06-05 00:00:00+00:00,1949.344,1964.003,1938.048,1961.224,96579
2023-06-06 00:00:00+00:00,1961.231,1966.376,1954.345,1963.345,89172
2023-06-07 00:00:00+00:00,1963.315,1970.123,1939.839,1944.436,97632
2023-06-08 00:00:00+00:00,1944.433,1970.507,1942.764,1965.313,94452
2023-06-09 00:00:00+00:00,1965.282,1972.771,1956.58,1960.64,84884
2023-06-11 00:00:00+00:00,1959.592,1960.497,1958.014,1959.933,3142
2023-06-12 00:00:00+00:00,1959.941,1966.889,1949.168,1959.94,85963
2023-06-13 00:00:00+00:00,1959.953,1970.599,1939.975,1943.884,103096
2023-06-14 00:00:00+00:00,1943.891,1960.058,1939.673,1945.188,108725
2023-06-15 00:00:00+00:00,1945.146,1960.194,1924.838,1958.223,110031
2023-06-16 00:00:00+00:00,1958.202,1967.848,1953.188,1957.441,91811
2023-06-18 00:00:00+00:00,1958.5,1958.561,1956.235,1957.046,3500
2023-06-19 00:00:00+00:00,1957.075,1958.711,1947.734,1952.197,61239
2023-06-20 00:00:00+00:00,1952.416,1956.727,1929.734,1937.225,99432
2023-06-21 00:00:00+00:00,1937.257,1939.444,1918.898,1933.838,106480
2023-06-22 00:00:00+00:00,1933.87,1934.198,1912.355,1914.439,95120
2023-06-23 00:00:00+00:00,1914.47,1937.231,1910.091,1921.192,95840
2023-06-25 00:00:00+00:00,1922.951,1925.402,1922.682,1925.294,4393
2023-06-26 00:00:00+00:00,1925.293,1933.28,1920.902,1922.485,86293
2023-06-27 00:00:00+00:00,1922.501,1930.639,1910.8,1915.389,89604
2023-06-28 00:00:00+00:00,1915.42,1917.174,1902.74,1909.681,89683
2023-06-29 00:00:00+00:00,1909.712,1913.047,1892.9,1908.661,97296
2023-06-30 00:00:00+00:00,1908.692,1922.693,1900.502,1919.333,91774
2023-07-02 00:00:00+00:00,1918.552,1919.584,1917.464,1918.169,3359
2023-07-03 00:00:00+00:00,1918.164,1930.631,1910.003,1921.181,79021
2023-07-04 00:00:00+00:00,1921.18,1930.645,1920.024,1926.176,55088
2023-07-05 00:00:00+00:00,1926.247,1934.767,1914.765,1916.772,87066
2023-07-06 00:00:00+00:00,1916.784,1927.548,1902.568,1911.516,102466
2023-07-07 00:00:00+00:00,1911.543,1934.845,1909.625,1925.339,93352
2023-07-09 00:00:00+00:00,1925.288,1928.14,1923.842,1924.848,4469
2023-07-10 00:00:00+00:00,1924.858,1926.88,1912.299,1924.821,82802
2023-07-11 00:00:00+00:00,1924.822,1938.404,1924.406,1933.24,81676
2023-07-12 00:00:00+00:00,1933.244,1959.618,1933.171,1957.713,94139
2023-07-13 00:00:00+00:00,1957.714,1963.302,1952.294,1960.134,92704
2023-07-14 00:00:00+00:00,1960.124,1963.671,1950.661,1955.224,88693
2023-07-16 00:00:00+00:00,1954.975,1954.975,1951.354,1953.281,4158
2023-07-17 00:00:00+00:00,1953.281,1959.801,1945.753,1955.398,81285
2023-07-18 00:00:00+00:00,1955.396,1984.251,1954.677,1977.481,102261
2023-07-19 00:00:00+00:00,1977.464,1980.859,1969.742,1977.683,83629
2023-07-20 00:00:00+00:00,1977.661,1987.421,1965.32,1972.197,90618
2023-07-21 00:00:00+00:00,1972.227,1973.735,1956.605,1961.851,82269
2023-07-23 00:00:00+00:00,1962.228,1962.882,1960.351,1961.177,2975
2023-07-24 00:00:00+00:00,1961.172,1967.805,1953.174,1954.393,85842
2023-07-25 00:00:00+00:00,1954.394,1966.193,1951.987,1965.284,82964
2023-07-26 00:00:00+00:00,1965.283,1978.243,1961.962,1972.009,94557
2023-07-27 00:00:00+00:00,1972.012,1982.133,1942.018,1947.443,107132
2023-07-28 00:00:00+00:00,1947.411,1963.46,1946.054,1959.184,106930
2023-07-30 00:00:00+00:00,1959.875,1960.47,1957.373,1958.07,3962
2023-07-31 00:00:00+00:00,1958.054,1972.326,1950.718,1963.907,82320
2023-08-01 00:00:00+00:00,1963.876,1964.628,1941.209,1952.146,91699
2023-08-02 00:00:00+00:00,1952.14,1954.752,1932.864,1936.0,90755
2023-08-03 00:00:00+00:00,1936.025,1938.822,1929.496,1935.774,92181
2023-08-04 00:00:00+00:00,1935.747,1946.752,1925.221,1942.483,88425
2023-08-06 00:00:00+00:00,1942.559,1946.648,1942.415,1943.79,4376
2023-08-07 00:00:00+00:00,1943.785,1945.267,1931.462,1936.732,71969
2023-08-08 00:00:00+00:00,1936.763,1937.305,1922.708,1925.569,80952
2023-08-09 00:00:00+00:00,1925.574,1932.204,1914.027,1916.688,74599
2023-08-10 00:00:00+00:00,1916.688,1929.986,1910.558,1912.358,90707
2023-08-11 00:00:00+00:00,1912.358,1920.882,1911.858,1913.786,72546
2023-08-13 00:00:00+00:00,1913.666,1915.181,1912.345,1913.62,3311
2023-08-14 00:00:00+00:00,1913.62,1916.156,1902.465,1907.557,77695
2023-08-15 00:00:00+00:00,1907.567,1911.563,1896.208,1901.419,89220
2023-08-16 00:00:00+00:00,1901.412,1907.146,1891.67,1893.295,78610
2023-08-17 00:00:00+00:00,1893.298,1903.413,1884.996,1891.227,81669
2023-08-18 00:00:00+00:00,1891.231,1896.549,1886.724,1889.529,71950
2023-08-20 00:00:00+00:00,1889.357,1890.823,1888.8,1889.919,3176
2023-08-21 00:00:00+00:00,1889.934,1898.65,1884.547,1894.664,79727
2023-08-22 00:00:00+00:00,1894.674,1904.41,1889.054,1898.478,73999
2023-08-23 00:00:00+00:00,1898.476,1920.292,1898.432,1917.849,82488
2023-08-24 00:00:00+00:00,1917.82,1923.147,1911.754,1915.847,75291
2023-08-25 00:00:00+00:00,1915.845,1922.208,1903.541,1914.321,80412
2023-08-27 00:00:00+00:00,1915.974,1916.068,1914.322,1915.028,3309
2023-08-28 00:00:00+00:00,1915.029,1925.991,1912.694,1921.186,63478
2023-08-29 00:00:00+00:00,1921.199,1938.12,1914.407,1936.168,74860
2023-08-30 00:00:00+00:00,1936.176,1949.006,1934.94,1944.185,75654
2023-08-31 00:00:00+00:00,1944.195,1947.72,1939.033,1939.824,70633
2023-09-01 00:00:00+00:00,1939.828,1952.801,1934.334,1939.704,77950
2023-09-03 00:00:00+00:00,1939.987,1941.0,1939.406,1940.558,2143
2023-09-04 00:00:00+00:00,1940.537,1946.232,1936.688,1937.659,46359
2023-09-05 00:00:00+00:00,1937.551,1938.927,1925.272,1926.559,72886
2023-09-06 00:00:00+00:00,1926.569,1929.097,1915.243,1917.091,72850
2023-09-07 00:00:00+00:00,1917.086,1923.521,1916.163,1920.247,65702
2023-09-08 00:00:00+00:00,1920.255,1929.639,1917.247,1918.973,64951
2023-09-10 00:00:00+00:00,1919.621,1919.653,1916.576,1918.801,4001
2023-09-11 00:00:00+00:00,1918.795,1930.47,1918.316,1921.627,71025
2023-09-12 00:00:00+00:00,1921.59,1924.447,1907.352,1912.858,69301
2023-09-13 00:00:00+00:00,1912.857,1915.696,1905.465,1909.176,79590
2023-09-14 00:00:00+00:00,1909.169,1912.856,1900.968,1909.735,82533
2023-09-15 00:00:00+00:00,1909.766,1930.372,1909.766,1923.831,75302
2023-09-17 00:00:00+00:00,1924.077,1924.53,1922.547,1923.227,2713
2023-09-18 00:00:00+00:00,1923.227,1934.453,1922.773,1934.04,67187
2023-09-19 00:00:00+00:00,1934.061,1937.345,1929.723,1931.319,61547
2023-09-20 00:00:00+00:00,1931.317,1947.361,1927.837,1929.424,82829
2023-09-21 00:00:00+00:00,1929.428,1930.451,1913.841,1921.353,82598
2023-09-22 00:00:00+00:00,1921.361,1929.046,1921.19,1925.231,66563
2023-09-24 00:00:00+00:00,1926.118,1926.294,1924.402,1924.729,3126
2023-09-25 00:00:00+00:00,1924.73,1927.147,1915.084,1916.207,68715
2023-09-26 00:00:00+00:00,1916.209,1916.447,1899.103,1901.529,71468
2023-09-27 00:00:00+00:00,1901.524,1903.712,1872.507,1877.562,79474
2023-09-28 00:00:00+00:00,1877.583,1879.49,1857.644,1866.7,87839
2023-09-29 00:00:00+00:00,1866.695,1879.801,1846.282,1848.796,88172
2023-10-01 00:00:00+00:00,1847.284,1848.678,1845.687,1848.314,4066
2023-10-02 00:00:00+00:00,1848.314,1848.885,1820.404,1824.944,91696
2023-10-03 00:00:00+00:00,1824.919,1833.344,1815.218,1823.303,112741
2023-10-04 00:00:00+00:00,1823.303,1830.542,1816.556,1822.524,101114
2023-10-05 00:00:00+00:00,1822.472,1829.173,1812.994,1821.272,86949
2023-10-06 00:00:00+00:00,1821.272,1834.832,1810.402,1831.9,96655
2023-10-08 00:00:00+00:00,1853.39,1854.643,1845.525,1847.965,10973
2023-10-09 00:00:00+00:00,1847.992,1863.416,1844.161,1862.536,84496
2023-10-10 00:00:00+00:00,1862.582,1865.278,1852.97,1859.647,88395
2023-10-11 00:00:00+00:00,1859.633,1877.152,1858.59,1875.25,85910
2023-10-12 00:00:00+00:00,1875.251,1884.918,1867.883,1870.555,86449
2023-10-13 00:00:00+00:00,1870.546,1932.593,1870.055,1932.217,101879
2023-10-15 00:00:00+00:00,1927.521,1927.521,1921.177,1925.836,7670
2023-10-16 00:00:00+00:00,1925.842,1925.927,1908.144,1919.386,92375
2023-10-17 00:00:00+00:00,1919.382,1931.523,1912.343,1924.689,92899
2023-10-18 00:00:00+00:00,1924.689,1962.562,1923.755,1950.842,108623
2023-10-19 00:00:00+00:00,1950.783,1982.396,1945.057,1977.138,116084
2023-10-20 00:00:00+00:00,1977.172,1997.115,1971.974,1980.751,113238
2023-10-22 00:00:00+00:00,1972.732,1978.529,1970.062,1971.544,6190
2023-10-23 00:00:00+00:00,1971.505,1982.746,1964.308,1973.557,102780
2023-10-24 00:00:00+00:00,1973.555,1980.836,1953.444,1972.825,101127
2023-10-25 00:00:00+00:00,1972.826,1987.207,1962.998,1982.923,108492
2023-10-26 00:00:00+00:00,1982.941,1993.389,1971.735,1984.379,101346
2023-10-27 00:00:00+00:00,1984.378,2009.327,1976.817,2006.048,100587
2023-10-29 00:00:00+00:00,2002.954,2004.776,1996.868,2002.656,9368
2023-10-30 00:00:00+00:00,2002.684,2006.732,1990.976,1995.492,94987
2023-10-31 00:00:00+00:00,1995.509,2007.849,1978.806,1983.668,101440
2023-11-01 00:00:00+00:00,1983.67,1992.565,1969.83,1985.01,107150
2023-11-02 00:00:00+00:00,1984.989,1990.926,1978.79,1984.965,85335
2023-11-03 00:00:00+00:00,1984.956,2004.003,1983.221,1992.517,95322
2023-11-05 00:00:00+00:00,1991.419,1991.579,1987.146,1988.47,2475
2023-11-06 00:00:00+00:00,1988.474,1993.042,1975.737,1976.681,82670
2023-11-07 00:00:00+00:00,1976.653,1977.001,1956.655,1968.903,89557
2023-11-08 00:00:00+00:00,1968.908,1970.996,1947.335,1950.813,88948
2023-11-09 00:00:00+00:00,1950.815,1965.718,1944.498,1959.058,97838
2023-11-10 00:00:00+00:00,1959.06,1960.713,1932.898,1938.354,85516
2023-11-12 00:00:00+00:00,1941.002,1941.299,1921.37,1940.343,2180
2023-11-13 00:00:00+00:00,1940.374,1949.187,1931.604,1946.399,79730
2023-11-14 00:00:00+00:00,1946.418,1970.954,1937.494,1962.493,90767
2023-11-15 00:00:00+00:00,1962.487,1975.292,1955.428,1960.328,90349
2023-11-16 00:00:00+00:00,1960.333,1987.94,1956.42,1982.671,86906
2023-11-17 00:00:00+00:00,1982.649,1993.421,1978.514,1980.631,85050
2023-11-19 00:00:00+00:00,1977.456,1978.727,1974.119,1974.471,2467
2023-11-20 00:00:00+00:00,1974.58,1985.12,1965.418,1981.169,95965
2023-11-21 00:00:00+00:00,1981.155,2007.497,1980.712,1999.339,102334
2023-11-22 00:00:00+00:00,1999.338,2006.422,1986.85,1990.506,88592
2023-11-23 00:00:00+00:00,1990.515,1998.553,1989.762,1993.981,58353
2023-11-24 00:00:00+00:00,1994.072,2003.606,1991.482,2002.207,69475
2023-11-26 00:00:00+00:00,2000.891,2002.982,2000.483,2002.25,2311
2023-11-27 00:00:00+00:00,2002.364,2018.187,2001.814,2015.215,99762
2023-11-28 00:00:00+00:00,2015.217,2044.573,2011.335,2044.404,94638
2023-11-29 00:00:00+00:00,2044.426,2052.027,2035.228,2044.642,109493
2023-11-30 00:00:00+00:00,2044.64,2047.265,2031.252,2039.918,101362
2023-12-01 00:00:00+00:00,2040.075,2075.277,2033.848,2071.613,107713
2023-12-03 00:00:00+00:00,2074.341,2144.501,2071.646,2117.509,17147
2023-12-04 00:00:00+00:00,2117.934,2120.648,2019.986,2034.088,189356
2023-12-05 00:00:00+00:00,2033.93,2041.172,2009.744,2018.903,134473
2023-12-06 00:00:00+00:00,2018.904,2035.915,2018.684,2027.006,110355
2023-12-07 00:00:00+00:00,2026.977,2039.894,2020.091,2027.916,109404
2023-12-08 00:00:00+00:00,2028.063,2034.014,1994.547,2004.338,127469
2023-12-10 00:00:00+00:00,2005.584,2007.648,2004.562,2007.054,3157
2023-12-11 00:00:00+00:00,2006.993,2007.807,1975.839,1982.961,106063
2023-12-12 00:00:00+00:00,1982.952,1996.709,1977.124,1982.453,104517
2023-12-13 00:00:00+00:00,1982.452,2033.13,1973.033,2032.814,123710
2023-12-14 00:00:00+00:00,2032.855,2047.909,2027.375,2035.553,145127
2023-12-15 00:00:00+00:00,2035.521,2044.909,2015.542,2019.491,116219
2023-12-17 00:00:00+00:00,2019.802,2020.102,2015.893,2017.415,3345
2023-12-18 00:00:00+00:00,2017.414,2033.692,2016.067,2027.604,96920
2023-12-19 00:00:00+00:00,2027.568,2046.969,2021.696,2040.93,98179
2023-12-20 00:00:00+00:00,2040.862,2043.452,2027.383,2032.127,95392
2023-12-21 00:00:00+00:00,2032.103,2055.01,2031.904,2052.779,98526
2023-12-22 00:00:00+00:00,2052.787,2070.612,2046.755,2053.095,106388
2023-12-25 00:00:00+00:00,2057.319,2057.454,2053.147,2054.471,1439
2023-12-26 00:00:00+00:00,2054.832,2069.052,2053.317,2065.53,58274
2023-12-27 00:00:00+00:00,2066.173,2084.424,2061.464,2079.169,88922
2023-12-28 00:00:00+00:00,2079.503,2088.447,2064.456,2066.564,100168
2023-12-29 00:00:00+00:00,2066.742,2074.727,2058.123,2062.838,93964
2024-01-01 00:00:00+00:00,2064.593,2066.002,2062.633,2063.543,1989
2024-01-02 00:00:00+00:00,2063.608,2078.877,2056.099,2059.476,101377
2024-01-03 00:00:00+00:00,2059.578,2065.974,2030.537,2042.666,121011
2024-01-04 00:00:00+00:00,2042.927,2050.971,2036.178,2043.865,97273
2024-01-05 00:00:00+00:00,2044.187,2063.993,2024.389,2045.474,128658
2024-01-07 00:00:00+00:00,2044.635,2045.574,2042.912,2044.207,2606
2024-01-08 00:00:00+00:00,2044.212,2046.581,2016.627,2030.438,111556
2024-01-09 00:00:00+00:00,2030.409,2041.974,2026.015,2030.401,106785
2024-01-10 00:00:00+00:00,2030.403,2040.3,2020.353,2026.358,102681
2024-01-11 00:00:00+00:00,2026.413,2048.205,2013.209,2034.954,134763
2024-01-12 00:00:00+00:00,2035.012,2062.284,2030.026,2049.032,119587
2024-01-14 00:00:00+00:00,2048.13,2048.705,2046.294,2047.586,2671
2024-01-15 00:00:00+00:00,2047.652,2058.626,2045.752,2053.836,73440
2024-01-16 00:00:00+00:00,2053.997,2054.508,2024.186,2027.828,127463
2024-01-17 00:00:00+00:00,2028.101,2032.935,2001.763,2009.247,121654
2024-01-18 00:00:00+00:00,2009.264,2024.229,2005.717,2023.423,100555
2024-01-19 00:00:00+00:00,2023.793,2039.258,2020.307,2029.452,91639
2024-01-21 00:00:00+00:00,2028.529,2028.562,2026.843,2027.505,2802
2024-01-22 00:00:00+00:00,2027.49,2032.074,2016.403,2020.552,95478
2024-01-23 00:00:00+00:00,2020.71,2037.899,2019.559,2029.137,95581
2024-01-24 00:00:00+00:00,2029.27,2036.593,2011.138,2016.101,105299
2024-01-25 00:00:00+00:00,2016.247,2025.23,2009.392,2020.248,98928
2024-01-26 00:00:00+00:00,2020.356,2026.814,2015.867,2018.469,84361
2024-01-28 00:00:00+00:00,2023.424,2028.614,2021.186,2021.831,5029
2024-01-29 00:00:00+00:00,2021.832,2037.561,2019.282,2030.73,90084
2024-01-30 00:00:00+00:00,2030.962,2048.558,2029.029,2036.234,98652
2024-01-31 00:00:00+00:00,2036.4,2055.979,2030.808,2039.786,126354
2024-02-01 00:00:00+00:00,2039.897,2065.458,2029.913,2054.624,120524
2024-02-02 00:00:00+00:00,2054.631,2057.623,2027.741,2039.609,109045
2024-02-04 00:00:00+00:00,2041.781,2042.213,2039.061,2039.715,3232
2024-02-05 00:00:00+00:00,2039.299,2039.819,2014.818,2024.86,98435
2024-02-06 00:00:00+00:00,2024.809,2038.88,2022.802,2035.069,90025
2024-02-07 00:00:00+00:00,2035.25,2044.517,2030.519,2036.228,84000
2024-02-08 00:00:00+00:00,2036.46,2038.687,2020.126,2034.124,89738
2024-02-09 00:00:00+00:00,2034.147,2037.174,2020.233,2024.192,82406
2024-02-11 00:00:00+00:00,2026.346,2026.706,2024.393,2025.266,2166
2024-02-12 00:00:00+00:00,2025.416,2027.565,2011.846,2018.65,77597
2024-02-13 00:00:00+00:00,2018.601,2032.799,1989.965,1991.193,99012
2024-02-14 00:00:00+00:00,1991.332,1996.041,1984.121,1993.452,91543
2024-02-15 00:00:00+00:00,1993.441,2008.224,1990.171,2003.155,87921
2024-02-16 00:00:00+00:00,2003.095,2015.125,1995.058,2013.269,89566
2024-02-18 00:00:00+00:00,2012.706,2019.066,1997.784,2010.604,4243
2024-02-19 00:00:00+00:00,2012.793,2022.957,2009.184,2016.206,63440
2024-02-20 00:00:00+00:00,2016.151,2030.814,2014.956,2024.128,80369
2024-02-21 00:00:00+00:00,2024.183,2032.227,2020.006,2025.566,82587
2024-02-22 00:00:00+00:00,2025.714,2034.833,2019.547,2024.681,88973
2024-02-23 00:00:00+00:00,2024.765,2041.348,2015.981,2035.524,84936
2024-02-25 00:00:00+00:00,2033.24,2034.939,2033.178,2034.224,2092
2024-02-26 00:00:00+00:00,2033.996,2037.014,2024.999,2031.073,80087
2024-02-27 00:00:00+00:00,2030.986,2039.471,2028.687,2030.09,76594
2024-02-28 00:00:00+00:00,2030.103,2037.897,2024.467,2034.303,77571
2024-02-29 00:00:00+00:00,2034.648,2050.657,2028.061,2043.981,88725
2024-03-01 00:00:00+00:00,2044.228,2088.309,2039.039,2083.315,98792
2024-03-03 00:00:00+00:00,2082.522,2086.155,2082.522,2083.44,2896
2024-03-04 00:00:00+00:00,2083.593,2119.884,2079.418,2114.48,99749
2024-03-05 00:00:00+00:00,2114.537,2141.881,2110.401,2128.16,124600
2024-03-06 00:00:00+00:00,2127.982,2152.234,2123.607,2147.192,119540
2024-03-07 00:00:00+00:00,2146.851,2164.753,2144.185,2161.478,123583
2024-03-08 00:00:00+00:00,2161.845,2195.115,2153.945,2178.502,136786
2024-03-10 00:00:00+00:00,2179.559,2183.827,2177.113,2182.226,5670
2024-03-11 00:00:00+00:00,2181.59,2189.01,2174.633,2183.552,102873
2024-03-12 00:00:00+00:00,2183.551,2184.48,2150.484,2156.913,130763
2024-03-13 00:00:00+00:00,2156.907,2179.804,2156.535,2175.362,102049
2024-03-14 00:00:00+00:00,2175.448,2176.968,2152.696,2161.62,105751
2024-03-15 00:00:00+00:00,2161.697,2172.743,2155.094,2155.698,95368
2024-03-17 00:00:00+00:00,2153.279,2156.535,2153.079,2156.514,5009
2024-03-18 00:00:00+00:00,2156.472,2163.613,2146.066,2161.65,93242
2024-03-19 00:00:00+00:00,2162.053,2162.839,2147.147,2157.009,97009
2024-03-20 00:00:00+00:00,2157.052,2211.005,2149.562,2203.501,130293
2024-03-21 00:00:00+00:00,2203.97,2212.563,2166.279,2181.491,142038
2024-03-22 00:00:00+00:00,2181.676,2186.043,2157.007,2165.348,111963
2024-03-24 00:00:00+00:00,2166.313,2168.893,2165.07,2168.332,5574
2024-03-25 00:00:00+00:00,2168.311,2181.256,2163.412,2172.881,102918
2024-03-26 00:00:00+00:00,2172.885,2200.059,2167.545,2179.467,109375
2024-03-27 00:00:00+00:00,2179.463,2197.586,2173.105,2190.968,107818
2024-03-28 00:00:00+00:00,2190.723,2236.293,2187.319,2232.586,123715
2024-03-31 00:00:00+00:00,2239.784,2247.301,2235.568,2244.927,10518
2024-04-01 00:00:00+00:00,2245.957,2265.623,2228.457,2248.942,129139
2024-04-02 00:00:00+00:00,2248.968,2288.236,2246.636,2280.206,151382
2024-04-03 00:00:00+00:00,2279.886,2302.417,2265.367,2297.446,153624
2024-04-04 00:00:00+00:00,2297.497,2305.537,2279.817,2288.89,143558
2024-04-05 00:00:00+00:00,2288.701,2330.526,2267.75,2329.355,173521
2024-04-07 00:00:00+00:00,2327.315,2328.568,2304.018,2311.647,19543
2024-04-08 00:00:00+00:00,2311.297,2354.159,2302.862,2338.79,231613
2024-04-09 00:00:00+00:00,2338.782,2365.338,2337.777,2354.778,184568
2024-04-10 00:00:00+00:00,2354.794,2360.086,2319.238,2335.429,228469
2024-04-11 00:00:00+00:00,2335.489,2379.373,2325.593,2377.001,178925
2024-04-12 00:00:00+00:00,2376.787,2431.527,2333.783,2344.382,305655
2024-04-14 00:00:00+00:00,2369.105,2371.92,2346.783,2364.486,11671
2024-04-15 00:00:00+00:00,2364.665,2392.013,2324.114,2381.833,250823
2024-04-16 00:00:00+00:00,2381.896,2398.252,2362.964,2382.843,237645
2024-04-17 00:00:00+00:00,2382.703,2395.586,2354.546,2367.838,195244
2024-04-18 00:00:00+00:00,2367.837,2392.799,2364.047,2380.004,168178
2024-04-19 00:00:00+00:00,2379.867,2417.905,2372.761,2390.677,255855
2024-04-21 00:00:00+00:00,2384.011,2388.596,2381.878,2386.483,9800
2024-04-22 00:00:00+00:00,2386.506,2386.506,2324.497,2333.737,189227
2024-04-23 00:00:00+00:00,2333.712,2334.377,2291.321,2323.21,218577
2024-04-24 00:00:00+00:00,2323.227,2337.29,2311.699,2316.219,155221
2024-04-25 00:00:00+00:00,2316.223,2344.872,2304.834,2330.62,174284
2024-04-26 00:00:00+00:00,2330.617,2352.555,2326.212,2337.792,141833
2024-04-28 00:00:00+00:00,2333.884,2336.825,2332.476,2335.987,6409
2024-04-29 00:00:00+00:00,2335.937,2346.718,2319.735,2333.173,153551
2024-04-30 00:00:00+00:00,2333.178,2336.113,2284.967,2291.244,156525
2024-05-01 00:00:00+00:00,2291.256,2328.284,2281.557,2323.809,178296
2024-05-02 00:00:00+00:00,2323.848,2326.492,2285.423,2304.247,147895
2024-05-03 00:00:00+00:00,2304.243,2320.712,2277.089,2301.626,171456
2024-05-05 00:00:00+00:00,2302.321,2303.288,2293.26,2293.968,7224
2024-05-06 00:00:00+00:00,2293.929,2332.092,2291.769,2325.943,148917
2024-05-07 00:00:00+00:00,2325.95,2329.926,2309.895,2315.211,117158
2024-05-08 00:00:00+00:00,2315.254,2321.336,2303.584,2308.734,124592
2024-05-09 00:00:00+00:00,2308.774,2348.325,2306.479,2346.524,132397
2024-05-10 00:00:00+00:00,2346.557,2378.476,2345.924,2360.449,146806
2024-05-12 00:00:00+00:00,2361.401,2363.087,2359.715,2360.407,5306
2024-05-13 00:00:00+00:00,2360.447,2364.488,2332.065,2338.408,129057
2024-05-14 00:00:00+00:00,2338.39,2359.593,2334.734,2355.774,131749
2024-05-15 00:00:00+00:00,2355.77,2391.91,2351.746,2391.769,159078
2024-05-16 00:00:00+00:00,2391.764,2397.343,2370.885,2377.726,139681
2024-05-17 00:00:00+00:00,2377.722,2422.741,2373.934,2413.939,137773
2024-05-19 00:00:00+00:00,2425.202,2425.202,2416.739,2420.193,10238
2024-05-20 00:00:00+00:00,2420.204,2450.026,2407.278,2426.133,208300
2024-05-21 00:00:00+00:00,2426.135,2433.944,2406.058,2421.654,171793
2024-05-22 00:00:00+00:00,2421.659,2426.533,2374.942,2382.124,169933
2024-05-23 00:00:00+00:00,2382.156,2383.692,2326.865,2332.012,192029
2024-05-24 00:00:00+00:00,2332.015,2347.385,2325.351,2333.782,122422
2024-05-26 00:00:00+00:00,2335.785,2340.683,2332.184,2337.175,6779
2024-05-27 00:00:00+00:00,2337.188,2358.449,2334.36,2352.371,95298
2024-05-28 00:00:00+00:00,2352.411,2364.082,2340.234,2359.685,146056
2024-05-29 00:00:00+00:00,2359.648,2361.325,2334.508,2338.364,130921
2024-05-30 00:00:00+00:00,2338.378,2351.847,2322.549,2343.907,155637
2024-05-31 00:00:00+00:00,2343.921,2359.695,2320.525,2327.192,154273
2024-06-02 00:00:00+00:00,2328.496,2328.774,2323.334,2325.937,6638
2024-06-03 00:00:00+00:00,2325.967,2354.73,2314.692,2350.629,144175
2024-06-04 00:00:00+00:00,2350.641,2352.798,2315.515,2328.785,147609
2024-06-05 00:00:00+00:00,2328.791,2357.389,2325.857,2355.011,136576
2024-06-06 00:00:00+00:00,2355.01,2378.511,2353.361,2376.73,138113
2024-06-07 00:00:00+00:00,2376.735,2387.702,2286.723,2293.798,196977
2024-06-09 00:00:00+00:00,2290.432,2300.041,2290.377,2298.479,7156
2024-06-10 00:00:00+00:00,2298.529,2313.766,2287.7,2309.93,120063
2024-06-11 00:00:00+00:00,2309.925,2319.95,2297.647,2315.071,131695
2024-06-12 00:00:00+00:00,2315.056,2341.629,2310.705,2320.555,172827
2024-06-13 00:00:00+00:00,2320.57,2326.755,2295.463,2302.335,146217
2024-06-14 00:00:00+00:00,2302.379,2336.559,2301.503,2332.825,127496
2024-06-16 00:00:00+00:00,2331.087,2331.486,2327.412,2328.873,4386
2024-06-17 00:00:00+00:00,2328.918,2328.948,2309.971,2320.645,110371
2024-06-18 00:00:00+00:00,2320.634,2333.087,2306.533,2328.254,120181
2024-06-19 00:00:00+00:00,2328.274,2334.964,2323.68,2329.342,73386
2024-06-20 00:00:00+00:00,2329.361,2365.486,2327.74,2360.745,127662
2024-06-21 00:00:00+00:00,2360.764,2368.743,2316.696,2321.501,135715
2024-06-23 00:00:00+00:00,2321.11,2322.193,2317.688,2319.185,5113
2024-06-24 00:00:00+00:00,2319.175,2334.63,2317.852,2330.877,110164
2024-06-25 00:00:00+00:00,2330.871,2337.091,2315.436,2320.027,117237
2024-06-26 00:00:00+00:00,2319.979,2323.897,2293.559,2298.402,129785
2024-06-27 00:00:00+00:00,2298.412,2330.936,2296.429,2327.72,116414
2024-06-28 00:00:00+00:00,2327.665,2339.809,2319.01,2326.638,115832
2024-06-30 00:00:00+00:00,2322.849,2326.157,2322.84,2324.93,4739
2024-07-01 00:00:00+00:00,2324.952,2338.483,2318.438,2332.222,114714
2024-07-02 00:00:00+00:00,2332.216,2336.763,2319.004,2330.18,112056
2024-07-03 00:00:00+00:00,2330.177,2364.926,2326.782,2358.699,118681
2024-07-04 00:00:00+00:00,2358.721,2362.537,2350.342,2356.721,72097
2024-07-05 00:00:00+00:00,2356.753,2392.941,2344.509,2391.567,127617
2024-07-07 00:00:00+00:00,2389.583,2390.178,2384.766,2386.122,5373
2024-07-08 00:00:00+00:00,2386.067,2391.09,2350.975,2361.711,122092
2024-07-09 00:00:00+00:00,2361.74,2371.583,2349.345,2364.965,121821
2024-07-10 00:00:00+00:00,2364.944,2386.67,2363.302,2372.852,102058
2024-07-11 00:00:00+00:00,2372.834,2424.538,2371.403,2415.851,157283
2024-07-12 00:00:00+00:00,2415.855,2418.233,2391.364,2411.399,121935
2024-07-14 00:00:00+00:00,2411.336,2412.245,2405.666,2408.653,6528
2024-07-15 00:00:00+00:00,2408.657,2439.771,2401.306,2422.494,131885
2024-07-16 00:00:00+00:00,2422.483,2469.967,2419.914,2468.278,147818
2024-07-17 00:00:00+00:00,2468.268,2483.739,2451.407,2461.296,180200
2024-07-18 00:00:00+00:00,2461.334,2474.966,2440.226,2441.25,145189
2024-07-19 00:00:00+00:00,2441.292,2441.343,2393.756,2400.45,172522
2024-07-21 00:00:00+00:00,2403.682,2411.931,2402.487,2411.528,7282
2024-07-22 00:00:00+00:00,2411.496,2412.157,2383.797,2395.783,141412
2024-07-23 00:00:00+00:00,2395.75,2412.001,2388.225,2408.513,129753
2024-07-24 00:00:00+00:00,2408.558,2431.954,2393.033,2398.669,151543
2024-07-25 00:00:00+00:00,2398.72,2399.985,2353.086,2363.801,219854
2024-07-26 00:00:00+00:00,2363.849,2390.799,2355.842,2387.114,141477
2024-07-28 00:00:00+00:00,2387.944,2403.155,2387.857,2397.006,11177
2024-07-29 00:00:00+00:00,2397.045,2402.485,2369.523,2381.143,146801
2024-07-30 00:00:00+00:00,2381.186,2412.799,2376.471,2409.807,149668
2024-07-31 00:00:00+00:00,2409.81,2450.968,2403.876,2445.743,174555
2024-08-01 00:00:00+00:00,2445.725,2462.291,2430.192,2445.844,204237
2024-08-02 00:00:00+00:00,2445.886,2477.722,2410.794,2441.892,265361
2024-08-04 00:00:00+00:00,2441.007,2446.342,2437.915,2440.952,13305
2024-08-05 00:00:00+00:00,2440.984,2458.836,2364.267,2404.837,361745
2024-08-06 00:00:00+00:00,2404.865,2418.307,2381.404,2383.778,233487
2024-08-07 00:00:00+00:00,2383.724,2407.09,2378.941,2384.791,182258
2024-08-08 00:00:00+00:00,2384.835,2427.818,2383.263,2424.589,181522
2024-08-09 00:00:00+00:00,2424.519,2437.011,2416.829,2430.805,149093
2024-08-11 00:00:00+00:00,2428.36,2433.234,2427.247,2427.927,6497
2024-08-12 00:00:00+00:00,2427.928,2476.033,2423.825,2475.536,134703
2024-08-13 00:00:00+00:00,2475.58,2476.963,2458.493,2464.06,142751
2024-08-14 00:00:00+00:00,2464.104,2480.064,2437.995,2449.408,169556
2024-08-15 00:00:00+00:00,2449.396,2470.095,2432.094,2457.303,164604
2024-08-16 00:00:00+00:00,2457.309,2509.783,2450.714,2507.82,160481
2024-08-18 00:00:00+00:00,2506.304,2506.778,2502.271,2506.45,7370
2024-08-19 00:00:00+00:00,2506.439,2507.482,2485.615,2503.544,149283
2024-08-20 00:00:00+00:00,2503.554,2531.668,2497.256,2512.964,163287
2024-08-21 00:00:00+00:00,2512.976,2519.942,2493.672,2512.684,157467
2024-08-22 00:00:00+00:00,2512.732,2514.701,2470.801,2487.564,159972
2024-08-23 00:00:00+00:00,2487.574,2518.35,2486.435,2512.357,157912
2024-08-25 00:00:00+00:00,2512.067,2516.683,2511.076,2515.903,7429
2024-08-26 00:00:00+00:00,2515.89,2527.009,2508.646,2515.512,146735
2024-08-27 00:00:00+00:00,2515.477,2529.062,2503.462,2525.269,154916
2024-08-28 00:00:00+00:00,2525.223,2525.825,2493.498,2508.11,153996
2024-08-29 00:00:00+00:00,2508.08,2528.669,2503.558,2519.613,154795
2024-08-30 00:00:00+00:00,2519.6,2526.914,2494.086,2503.342,167327
2024-09-01 00:00:00+00:00,2502.485,2504.755,2501.942,2502.98,5463
2024-09-02 00:00:00+00:00,2502.983,2507.334,2489.977,2497.242,100377
2024-09-03 00:00:00+00:00,2497.247,2506.249,2473.282,2493.223,190313
2024-09-04 00:00:00+00:00,2493.2,2500.3,2471.868,2495.829,165890
2024-09-05 00:00:00+00:00,2495.827,2523.574,2493.759,2517.282,168810
2024-09-06 00:00:00+00:00,2517.277,2529.204,2485.007,2497.524,235303
2024-09-08 00:00:00+00:00,2497.037,2498.277,2495.492,2496.869,6143
2024-09-09 00:00:00+00:00,2496.871,2507.701,2485.503,2506.813,161021
2024-09-10 00:00:00+00:00,2506.815,2518.868,2500.052,2518.678,148982
2024-09-11 00:00:00+00:00,2518.638,2529.06,2500.844,2511.901,192892
2024-09-12 00:00:00+00:00,2511.824,2560.091,2510.973,2558.422,193162
2024-09-13 00:00:00+00:00,2558.419,2586.12,2556.78,2579.067,173173
2024-09-15 00:00:00+00:00,2578.456,2580.454,2577.543,2579.163,7288
2024-09-16 00:00:00+00:00,2579.17,2589.651,2575.285,2583.659,139506
2024-09-17 00:00:00+00:00,2583.654,2586.956,2560.661,2574.05,165080
2024-09-18 00:00:00+00:00,2574.019,2600.138,2546.828,2559.239,254200
2024-09-19 00:00:00+00:00,2559.239,2594.963,2550.894,2587.282,209256
2024-09-20 00:00:00+00:00,2587.253,2625.754,2584.714,2622.098,185585
2024-09-22 00:00:00+00:00,2620.944,2622.125,2619.652,2620.234,5584
2024-09-23 00:00:00+00:00,2620.202,2634.881,2613.799,2626.3,162093
2024-09-24 00:00:00+00:00,2626.295,2664.366,2622.524,2658.204,201587
2024-09-25 00:00:00+00:00,2658.163,2670.629,2649.566,2656.296,188420
2024-09-26 00:00:00+00:00,2656.359,2685.611,2654.717,2672.61,224107
2024-09-27 00:00:00+00:00,2672.667,2674.266,2642.994,2657.983,209698
2024-09-29 00:00:00+00:00,2661.714,2665.106,2659.762,2663.543,9856
2024-09-30 00:00:00+00:00,2663.58,2666.049,2624.679,2635.634,203110
2024-10-01 00:00:00+00:00,2635.659,2673.197,2633.911,2660.361,202511
2024-10-02 00:00:00+00:00,2660.39,2663.323,2641.038,2660.333,170958
2024-10-03 00:00:00+00:00,2660.299,2662.968,2637.964,2655.804,184490
2024-10-04 00:00:00+00:00,2655.8,2670.167,2632.03,2653.489,203785
2024-10-06 00:00:00+00:00,2651.575,2652.397,2649.672,2650.128,6844
2024-10-07 00:00:00+00:00,2650.109,2659.615,2637.728,2642.944,173975
2024-10-08 00:00:00+00:00,2642.962,2652.982,2604.686,2621.868,242106
2024-10-09 00:00:00+00:00,2621.868,2624.321,2605.116,2608.476,175301
2024-10-10 00:00:00+00:00,2608.438,2636.032,2602.26,2633.149,198218
2024-10-11 00:00:00+00:00,2633.161,2661.462,2631.952,2656.836,151708
2024-10-13 00:00:00+00:00,2650.086,2652.472,2646.866,2648.091,9835
2024-10-14 00:00:00+00:00,2648.131,2666.867,2643.075,2649.351,156174
2024-10-15 00:00:00+00:00,2649.419,2668.93,2637.975,2660.5,174807
2024-10-16 00:00:00+00:00,2660.498,2685.394,2658.722,2674.087,175676
2024-10-17 00:00:00+00:00,2674.122,2696.788,2673.143,2693.709,191682
2024-10-18 00:00:00+00:00,2693.67,2722.633,2692.764,2721.778,182399
2024-10-20 00:00:00+00:00,2723.092,2725.129,2720.186,2723.416,7423
2024-10-21 00:00:00+00:00,2723.457,2740.515,2714.181,2721.483,211252
2024-10-22 00:00:00+00:00,2721.478,2748.905,2720.633,2746.557,170669
2024-10-23 00:00:00+00:00,2746.587,2758.508,2708.604,2721.258,211377
2024-10-24 00:00:00+00:00,2721.219,2743.208,2717.761,2733.844,178566
2024-10-25 00:00:00+00:00,2733.885,2747.774,2716.958,2747.023,158965
2024-10-27 00:00:00+00:00,2733.443,2740.176,2730.34,2735.815,12799
2024-10-28 00:00:00+00:00,2735.783,2745.917,2724.671,2744.427,158965
2024-10-29 00:00:00+00:00,2744.379,2775.397,2743.267,2774.915,180651
2024-10-30 00:00:00+00:00,2774.943,2790.075,2770.83,2785.49,176141
2024-10-31 00:00:00+00:00,2785.489,2790.091,2731.515,2746.691,197660
2024-11-01 00:00:00+00:00,2746.672,2762.25,2733.113,2736.69,186636
2024-11-03 00:00:00+00:00,2732.846,2740.334,2732.581,2738.352,5461
2024-11-04 00:00:00+00:00,2738.379,2748.157,2731.72,2736.006,162191
2024-11-05 00:00:00+00:00,2736.046,2749.917,2724.694,2745.702,157498
2024-11-06 00:00:00+00:00,2745.684,2749.681,2652.335,2664.048,373388
2024-11-07 00:00:00+00:00,2664.035,2710.36,2643.208,2706.866,239740
2024-11-08 00:00:00+00:00,2706.87,2710.418,2680.286,2684.758,201070
2024-11-10 00:00:00+00:00,2683.161,2685.654,2681.526,2685.605,3703
2024-11-11 00:00:00+00:00,2685.638,2686.141,2610.53,2624.038,211002
2024-11-12 00:00:00+00:00,2624.032,2627.19,2589.633,2598.952,234197
2024-11-13 00:00:00+00:00,2599.01,2618.841,2569.214,2570.989,227047
2024-11-14 00:00:00+00:00,2571.012,2577.432,2536.747,2566.899,243440
2024-11-15 00:00:00+00:00,2566.888,2576.067,2554.392,2562.969,203262
2024-11-17 00:00:00+00:00,2568.027,2575.523,2568.027,2571.452,5722
2024-11-18 00:00:00+00:00,2571.424,2615.11,2569.866,2612.704,190924
2024-11-19 00:00:00+00:00,2612.731,2639.432,2611.045,2635.161,199852
2024-11-20 00:00:00+00:00,2635.163,2655.433,2618.839,2652.153,172957
2024-11-21 00:00:00+00:00,2652.202,2673.522,2650.358,2669.159,180007
2024-11-22 00:00:00+00:00,2669.127,2715.662,2668.844,2715.573,214543
2024-11-24 00:00:00+00:00,2711.186,2721.437,2710.748,2719.756,8475
2024-11-25 00:00:00+00:00,2719.719,2720.143,2605.119,2610.456,325197
2024-11-26 00:00:00+00:00,2610.484,2641.986,2608.477,2632.254,231884
2024-11-27 00:00:00+00:00,2632.249,2658.172,2627.017,2637.168,182568
2024-11-28 00:00:00+00:00,2637.123,2649.674,2620.844,2638.765,122287
2024-11-29 00:00:00+00:00,2638.73,2666.383,2633.969,2655.162,154543
2024-12-01 00:00:00+00:00,2649.036,2650.324,2643.057,2645.79,5628
2024-12-02 00:00:00+00:00,2645.826,2651.786,2621.818,2642.211,226672
2024-12-03 00:00:00+00:00,2642.217,2655.66,2634.033,2642.725,183335
2024-12-04 00:00:00+00:00,2642.733,2657.147,2632.33,2650.397,188403
2024-12-05 00:00:00+00:00,2650.404,2655.518,2623.444,2633.713,173692
2024-12-06 00:00:00+00:00,2633.721,2645.733,2612.931,2632.914,205034
2024-12-09 00:00:00+00:00,2647.828,2676.454,2634.553,2660.449,167443
2024-12-10 00:00:00+00:00,2660.486,2698.378,2657.958,2695.991,180921
2024-12-11 00:00:00+00:00,2695.93,2721.055,2675.502,2719.922,185391
2024-12-12 00:00:00+00:00,2719.985,2726.206,2675.078,2680.623,73759
2024-12-13 00:00:00+00:00,2680.617,2692.778,2646.046,2648.392,70325
2024-12-15 00:00:00+00:00,2649.414,2653.127,2648.804,2651.479,1932
2024-12-16 00:00:00+00:00,2651.484,2664.447,2643.493,2651.744,118440
2024-12-17 00:00:00+00:00,2651.762,2658.611,2632.991,2647.378,161417
2024-12-18 00:00:00+00:00,2647.365,2651.707,2583.297,2588.225,184889
2024-12-19 00:00:00+00:00,2588.256,2626.457,2586.951,2593.519,208818
2024-12-20 00:00:00+00:00,2593.496,2631.875,2589.593,2622.841,178809
2024-12-22 00:00:00+00:00,2623.329,2624.92,2621.74,2624.293,1854
2024-12-23 00:00:00+00:00,2624.398,2633.24,2608.078,2615.492,123969
2024-12-24 00:00:00+00:00,2615.546,2621.472,2610.019,2616.713,100992
2024-12-25 00:00:00+00:00,2615.621,2620.115,2615.371,2618.656,2412
2024-12-26 00:00:00+00:00,2618.647,2639.151,2618.615,2632.684,118176
2024-12-27 00:00:00+00:00,2632.689,2638.314,2611.608,2621.623,135715
2024-12-29 00:00:00+00:00,2621.977,2626.156,2621.632,2624.035,4007
2024-12-30 00:00:00+00:00,2624.08,2628.175,2596.042,2606.677,141455
2024-12-31 00:00:00+00:00,2606.717,2627.555,2602.591,2624.381,122394
2025-01-01 00:00:00+00:00,2625.179,2625.839,2621.641,2623.766,3110
2025-01-02 00:00:00+00:00,2623.798,2660.463,2622.72,2658.328,161377
2025-01-03 00:00:00+00:00,2658.371,2665.214,2636.644,2640.37,133678
2025-01-05 00:00:00+00:00,2639.644,2642.394,2639.644,2641.063,3245
2025-01-06 00:00:00+00:00,2641.098,2649.489,2614.426,2634.681,194934
2025-01-07 00:00:00+00:00,2634.634,2664.264,2632.918,2649.807,171054
2025-01-08 00:00:00+00:00,2649.817,2670.053,2645.229,2662.507,162642
2025-01-09 00:00:00+00:00,2662.526,2678.351,2655.471,2669.95,136103
2025-01-10 00:00:00+00:00,2669.978,2698.026,2663.991,2689.565,274125
2025-01-12 00:00:00+00:00,2689.769,2691.364,2687.574,2691.105,5113
2025-01-13 00:00:00+00:00,2691.128,2693.368,2656.768,2667.978,264043
2025-01-14 00:00:00+00:00,2668.013,2678.294,2659.802,2675.589,201897
2025-01-15 00:00:00+00:00,2675.58,2697.97,2669.384,2694.956,219471
2025-01-16 00:00:00+00:00,2694.984,2724.74,2689.907,2714.585,245432
2025-01-17 00:00:00+00:00,2714.618,2717.346,2699.242,2702.879,165287
2025-01-19 00:00:00+00:00,2702.629,2703.086,2691.547,2696.424,4792
2025-01-20 00:00:00+00:00,2696.424,2713.77,2689.397,2710.445,143209
2025-01-21 00:00:00+00:00,2710.433,2745.963,2702.817,2744.259,169521
2025-01-22 00:00:00+00:00,2744.309,2763.43,2742.713,2755.583,221298
2025-01-23 00:00:00+00:00,2755.562,2758.925,2735.77,2754.543,235288
2025-01-24 00:00:00+00:00,2754.546,2786.013,2754.329,2771.079,222354
2025-01-26 00:00:00+00:00,2765.65,2769.721,2765.185,2767.553,8222
2025-01-27 00:00:00+00:00,2767.554,2772.54,2730.478,2741.71,279893
2025-01-28 00:00:00+00:00,2741.743,2765.052,2734.782,2762.699,205353
2025-01-29 00:00:00+00:00,2762.698,2766.271,2744.759,2760.306,227040
2025-01-30 00:00:00+00:00,2760.243,2798.476,2758.683,2796.146,234903
2025-01-31 00:00:00+00:00,2796.183,2817.244,2791.0,2799.348,294844
2025-02-02 00:00:00+00:00,2801.018,2804.653,2784.322,2793.709,37028
2025-02-03 00:00:00+00:00,2793.726,2830.566,2772.154,2814.027,392697
2025-02-04 00:00:00+00:00,2813.989,2845.508,2807.168,2841.21,312243
2025-02-05 00:00:00+00:00,2841.222,2882.429,2839.691,2869.283,290507
2025-02-06 00:00:00+00:00,2869.276,2873.274,2834.055,2857.996,290032
2025-02-07 00:00:00+00:00,2857.99,2886.751,2852.361,2860.969,273532
2025-02-09 00:00:00+00:00,2861.376,2870.59,2860.099,2867.495,7947
2025-02-10 00:00:00+00:00,2867.539,2921.603,2865.822,2917.847,259699
2025-02-11 00:00:00+00:00,2917.894,2942.624,2881.73,2898.562,361680
2025-02-12 00:00:00+00:00,2898.614,2909.267,2864.102,2905.781,269912
2025-02-13 00:00:00+00:00,2905.756,2932.484,2901.437,2931.217,228218
2025-02-14 00:00:00+00:00,2931.192,2940.0,2876.991,2882.809,290578
2025-02-16 00:00:00+00:00,2893.643,2894.033,2878.43,2879.221,15880
2025-02-17 00:00:00+00:00,2879.254,2906.478,2879.254,2899.373,173995
2025-02-18 00:00:00+00:00,2899.325,2936.994,2892.003,2934.061,167360
2025-02-19 00:00:00+00:00,2934.059,2947.049,2918.524,2935.384,195815
2025-02-20 00:00:00+00:00,2935.386,2954.975,2924.08,2941.53,194325
2025-02-21 00:00:00+00:00,2941.57,2949.786,2916.682,2936.453,201037
2025-02-23 00:00:00+00:00,2939.411,2940.547,2936.498,2936.867,6067
2025-02-24 00:00:00+00:00,2936.863,2956.181,2921.332,2949.957,209980
2025-02-25 00:00:00+00:00,2949.993,2952.552,2888.234,2918.604,244827
2025-02-26 00:00:00+00:00,2918.631,2930.141,2890.669,2919.118,192663
2025-02-27 00:00:00+00:00,2919.176,2919.176,2867.74,2876.063,265941
2025-02-28 00:00:00+00:00,2876.069,2885.034,2832.578,2858.242,244753
2025-03-02 00:00:00+00:00,2873.619,2876.994,2863.972,2870.799,14064
2025-03-03 00:00:00+00:00,2870.866,2895.267,2858.83,2890.886,205722
2025-03-04 00:00:00+00:00,2890.863,2927.891,2881.95,2914.363,223191
2025-03-05 00:00:00+00:00,2914.361,2930.042,2894.266,2918.236,264918
2025-03-06 00:00:00+00:00,2918.237,2926.611,2891.159,2910.314,233217
2025-03-07 00:00:00+00:00,2910.245,2930.458,2896.604,2911.256,273090
2025-03-09 00:00:00+00:00,2912.347,2917.051,2909.586,2916.187,10324
2025-03-10 00:00:00+00:00,2916.19,2918.312,2880.166,2884.685,259975
2025-03-11 00:00:00+00:00,2884.724,2922.262,2880.093,2915.551,191246
2025-03-12 00:00:00+00:00,2915.589,2940.545,2906.027,2938.039,202211
2025-03-13 00:00:00+00:00,2938.025,2989.915,2932.92,2986.435,208296
2025-03-14 00:00:00+00:00,2986.473,3004.895,2978.421,2986.37,200377
2025-03-16 00:00:00+00:00,2987.601,2994.118,2986.054,2990.061,7886
2025-03-17 00:00:00+00:00,2990.03,3002.807,2982.158,2999.831,149635
2025-03-18 00:00:00+00:00,2999.803,3038.334,2999.49,3031.774,178519
2025-03-19 00:00:00+00:00,3031.801,3051.996,3022.744,3050.026,176950
2025-03-20 00:00:00+00:00,3050.023,3057.459,3025.626,3046.409,193482
2025-03-21 00:00:00+00:00,3046.335,3047.435,2999.385,3023.493,193681
2025-03-23 00:00:00+00:00,3023.441,3026.292,3022.143,3024.721,6793
2025-03-24 00:00:00+00:00,3024.709,3033.226,3002.465,3009.91,176601
2025-03-25 00:00:00+00:00,3009.945,3035.977,3007.545,3021.041,148206
2025-03-26 00:00:00+00:00,3021.037,3032.042,3012.325,3021.623,154250
2025-03-27 00:00:00+00:00,3021.563,3059.885,3021.522,3055.71,209286
2025-03-28 00:00:00+00:00,3055.726,3086.831,3054.993,3085.146,214058
2025-03-30 00:00:00+00:00,3092.531,3097.834,3087.793,3089.213,13285
2025-03-31 00:00:00+00:00,3089.159,3128.165,3076.79,3120.581,277023
2025-04-01 00:00:00+00:00,3120.569,3149.059,3100.761,3115.16,272755
2025-04-02 00:00:00+00:00,3115.126,3167.792,3104.795,3162.702,319980
2025-04-03 00:00:00+00:00,3162.555,3164.812,3054.052,3112.884,498606
2025-04-04 00:00:00+00:00,3112.908,3136.725,3015.556,3038.506,516887
2025-04-06 00:00:00+00:00,3028.686,3032.445,2977.024,2999.944,46551
2025-04-07 00:00:00+00:00,2999.954,3055.804,2956.302,2981.392,686139
2025-04-08 00:00:00+00:00,2981.366,3022.746,2969.978,2978.398,333401
2025-04-09 00:00:00+00:00,2978.425,3099.665,2972.457,3086.784,458258
2025-04-10 00:00:00+00:00,3086.745,3191.341,3078.448,3188.972,359073
2025-04-11 00:00:00+00:00,3188.993,3245.436,3184.855,3237.519,383237
2025-04-13 00:00:00+00:00,3220.46,3224.747,3213.589,3223.805,19791
2025-04-14 00:00:00+00:00,3223.699,3245.757,3193.552,3212.598,266325
2025-04-15 00:00:00+00:00,3212.634,3251.826,3209.977,3251.78,184927
2025-04-16 00:00:00+00:00,3251.804,3357.758,3251.59,3350.133,295350
2025-04-17 00:00:00+00:00,3350.168,3356.281,3283.822,3327.671,308537
2025-04-20 00:00:00+00:00,3331.849,3353.153,3331.288,3348.078,23649
2025-04-21 00:00:00+00:00,3348.157,3444.267,3347.487,3434.548,296267
2025-04-22 00:00:00+00:00,3434.524,3500.033,3315.828,3336.561,546990
2025-04-23 00:00:00+00:00,3336.607,3386.646,3260.042,3316.384,494281
2025-04-24 00:00:00+00:00,3316.351,3370.789,3306.739,3348.976,350376
2025-04-25 00:00:00+00:00,3348.951,3363.132,3265.072,3318.726,320815
2025-04-27 00:00:00+00:00,3325.64,3330.256,3298.606,3302.739,25730
2025-04-28 00:00:00+00:00,3302.791,3353.021,3268.102,3337.61,306458
2025-04-29 00:00:00+00:00,3337.643,3340.039,3299.649,3317.122,257834
2025-04-30 00:00:00+00:00,3317.122,3327.971,3266.901,3272.887,298166
2025-05-01 00:00:00+00:00,3272.922,3276.314,3201.862,3237.253,319207
2025-05-02 00:00:00+00:00,3237.291,3269.242,3222.721,3240.947,280781
2025-05-04 00:00:00+00:00,3238.49,3252.3,3237.49,3247.922,17299
2025-05-05 00:00:00+00:00,3247.993,3338.052,3241.18,3334.031,263418
2025-05-06 00:00:00+00:00,3334.038,3435.016,3323.139,3400.723,376046
2025-05-07 00:00:00+00:00,3400.765,3401.666,3360.068,3376.488,357265
2025-05-08 00:00:00+00:00,3376.515,3414.851,3288.697,3316.412,386917
2025-05-09 00:00:00+00:00,3316.448,3347.556,3274.664,3326.805,270430
2025-05-11 00:00:00+00:00,3282.238,3292.619,3265.847,3287.534,32376
2025-05-12 00:00:00+00:00,3287.506,3289.998,3207.693,3236.88,398576
2025-05-13 00:00:00+00:00,3236.906,3265.659,3215.861,3254.426,263114
2025-05-14 00:00:00+00:00,3254.388,3254.658,3167.957,3186.008,312325
2025-05-15 00:00:00+00:00,3185.934,3252.132,3120.649,3237.15,310919
2025-05-16 00:00:00+00:00,3237.175,3244.615,3154.231,3202.159,313143
2025-05-18 00:00:00+00:00,3214.226,3245.26,3211.644,3234.91,28708
2025-05-19 00:00:00+00:00,3234.947,3249.812,3206.584,3222.532,267227
2025-05-20 00:00:00+00:00,3222.561,3304.144,3204.535,3290.695,274972
2025-05-21 00:00:00+00:00,3290.734,3324.897,3285.42,3320.082,284528
2025-05-22 00:00:00+00:00,3320.138,3345.43,3279.252,3300.146,302747
2025-05-23 00:00:00+00:00,3300.172,3365.93,3286.942,3356.285,303285
2025-05-25 00:00:00+00:00,3352.093,3352.48,3341.349,3342.691,22906
2025-05-26 00:00:00+00:00,3342.73,3356.859,3323.485,3346.139,165357
2025-05-27 00:00:00+00:00,3346.182,3350.029,3285.089,3309.402,249588
2025-05-28 00:00:00+00:00,3309.431,3325.551,3250.268,3259.895,245334
2025-05-29 00:00:00+00:00,3259.91,3331.253,3245.432,3315.503,268469
2025-05-30 00:00:00+00:00,3315.498,3322.777,3271.526,3289.665,264865
2025-06-01 00:00:00+00:00,3303.113,3316.742,3299.873,3310.255,17010
2025-06-02 00:00:00+00:00,3310.213,3392.238,3301.409,3387.384,234628
2025-06-03 00:00:00+00:00,3387.377,3388.671,3333.103,3359.934,224844
2025-06-04 00:00:00+00:00,3359.989,3384.637,3343.749,3378.042,218053
2025-06-05 00:00:00+00:00,3378.099,3403.592,3339.37,3361.81,319270
2025-06-06 00:00:00+00:00,3361.867,3375.685,3307.053,3311.702,266654
2025-06-08 00:00:00+00:00,3317.819,3321.214,3309.229,3318.038,14563
2025-06-09 00:00:00+00:00,3318.082,3338.216,3293.453,3326.766,200237
2025-06-10 00:00:00+00:00,3326.809,3349.153,3301.933,3327.862,228654
2025-06-11 00:00:00+00:00,3327.899,3373.534,3319.194,3365.376,271560
2025-06-12 00:00:00+00:00,3365.472,3399.045,3338.57,3395.763,280152
2025-06-13 00:00:00+00:00,3395.723,3446.755,3391.719,3433.521,341587
2025-06-15 00:00:00+00:00,3440.955,3451.259,3438.604,3444.141,24944
2025-06-16 00:00:00+00:00,3444.166,3451.252,3382.725,3402.769,275939
2025-06-17 00:00:00+00:00,3402.815,3403.289,3366.079,3387.386,267354
2025-06-18 00:00:00+00:00,3387.295,3399.992,3362.474,3375.023,245532
2025-06-19 00:00:00+00:00,3375.042,3387.896,3347.474,3368.803,96023
2025-06-22 00:00:00+00:00,3384.117,3388.928,3371.173,3372.755,26384
2025-06-23 00:00:00+00:00,3372.776,3393.506,3341.502,3344.27,255217
2025-06-24 00:00:00+00:00,3344.313,3357.912,3295.388,3324.142,256275
2025-06-25 00:00:00+00:00,3324.139,3340.158,3311.894,3339.028,159814
2025-06-26 00:00:00+00:00,3338.987,3350.37,3309.916,3318.758,197781
2025-06-27 00:00:00+00:00,3318.731,3322.055,3255.816,3274.598,241907
2025-06-29 00:00:00+00:00,3272.488,3274.234,3247.921,3263.805,27969
2025-06-30 00:00:00+00:00,3263.775,3314.602,3259.425,3312.441,185034
2025-07-01 00:00:00+00:00,3312.434,3358.015,3309.917,3338.152,187727
2025-07-02 00:00:00+00:00,3338.186,3365.752,3327.587,3349.395,176356
2025-07-03 00:00:00+00:00,3349.442,3363.677,3311.57,3330.871,180371
2025-07-04 00:00:00+00:00,3330.875,3345.127,3325.869,3335.07,97149
2025-07-06 00:00:00+00:00,3341.408,3341.911,3326.187,3328.853,12017
2025-07-07 00:00:00+00:00,3328.83,3345.857,3296.296,3334.653,206363
2025-07-08 00:00:00+00:00,3334.689,3339.5,3287.078,3302.277,195952
2025-07-09 00:00:00+00:00,3302.346,3321.104,3282.626,3317.661,179103
2025-07-10 00:00:00+00:00,3317.559,3330.318,3310.017,3323.808,159185
2025-07-11 00:00:00+00:00,3323.764,3368.732,3323.621,3355.105,187254
2025-07-13 00:00:00+00:00,3361.295,3374.017,3359.658,3367.772,17962
2025-07-14 00:00:00+00:00,3367.731,3375.078,3340.993,3345.337,170334
2025-07-15 00:00:00+00:00,3345.299,3366.356,3320.207,3331.056,177311
2025-07-16 00:00:00+00:00,3331.092,3377.523,3319.529,3346.526,240972
2025-07-17 00:00:00+00:00,3346.556,3347.405,3309.883,3340.16,165352
2025-07-18 00:00:00+00:00,3340.214,3361.212,3331.787,3350.395,137863
2025-07-20 00:00:00+00:00,3348.767,3350.115,3345.011,3349.11,7794
2025-07-21 00:00:00+00:00,3349.168,3402.783,3347.696,3396.532,159281
2025-07-22 00:00:00+00:00,3396.54,3433.507,3383.24,3427.458,182359
2025-07-23 00:00:00+00:00,3427.433,3438.943,3381.375,3390.008,207952
2025-07-24 00:00:00+00:00,3390.047,3393.438,3351.315,3369.419,177442
2025-07-25 00:00:00+00:00,3369.422,3373.554,3324.928,3336.869,151419
2025-07-27 00:00:00+00:00,3329.144,3337.465,3323.817,3333.683,15968
2025-07-28 00:00:00+00:00,3333.675,3345.351,3301.777,3312.468,173443
2025-07-29 00:00:00+00:00,3312.485,3334.162,3307.843,3327.563,172421
2025-07-30 00:00:00+00:00,3327.527,3334.052,3268.034,3285.303,218068
2025-07-31 00:00:00+00:00,3285.257,3314.839,3282.802,3288.651,190523
2025-08-01 00:00:00+00:00,3288.607,3363.566,3281.59,3363.119,223628
2025-08-03 00:00:00+00:00,3364.339,3364.521,3354.561,3361.957,12420
2025-08-04 00:00:00+00:00,3361.99,3385.36,3345.006,3377.407,153502
2025-08-05 00:00:00+00:00,3377.383,3390.452,3349.803,3383.186,149424
2025-08-06 00:00:00+00:00,3383.193,3385.34,3358.091,3370.155,145206
2025-08-07 00:00:00+00:00,3370.205,3409.019,3365.192,3400.47,258428
2025-08-08 00:00:00+00:00,3400.432,3404.261,3376.553,3398.564,358275
2025-08-10 00:00:00+00:00,3400.578,3401.819,3390.292,3391.548,14099
2025-08-11 00:00:00+00:00,3391.592,3391.639,3341.273,3349.027,216565
2025-08-12 00:00:00+00:00,3349.01,3359.211,3331.08,3350.57,207134
2025-08-13 00:00:00+00:00,3350.58,3370.735,3342.678,3362.702,143548
2025-08-14 00:00:00+00:00,3362.723,3374.845,3329.838,3335.551,191010
2025-08-15 00:00:00+00:00,3335.58,3348.747,3332.372,3335.213,137802
2025-08-17 00:00:00+00:00,3334.569,3335.381,3323.503,3327.094,10032
2025-08-18 00:00:00+00:00,3327.08,3358.418,3326.727,3330.978,131933
2025-08-19 00:00:00+00:00,3330.99,3345.3,3312.771,3314.231,143281
2025-08-20 00:00:00+00:00,3314.241,3352.092,3311.476,3346.836,133715
2025-08-21 00:00:00+00:00,3346.906,3348.112,3325.151,3338.411,134573
2025-08-22 00:00:00+00:00,3338.367,3378.869,3321.393,3372.299,158622
2025-08-24 00:00:00+00:00,3368.744,3371.011,3365.848,3369.08,7190
2025-08-25 00:00:00+00:00,3369.041,3376.306,3351.716,3354.892,109482
2025-08-26 00:00:00+00:00,3354.827,3393.583,3351.207,3390.862,161537
2025-08-27 00:00:00+00:00,3390.853,3399.502,3373.698,3395.819,132722
2025-08-28 00:00:00+00:00,3395.75,3423.212,3384.637,3414.819,139574
2025-08-29 00:00:00+00:00,3414.85,3453.924,3404.309,3448.035,138271
2025-08-31 00:00:00+00:00,3445.866,3452.606,3442.459,3447.952,9808
2025-09-01 00:00:00+00:00,3447.912,3489.928,3437.058,3479.211,164748
2025-09-02 00:00:00+00:00,3479.183,3540.122,3470.218,3529.984,247401
2025-09-03 00:00:00+00:00,3530.01,3578.427,3526.806,3560.292,236428
2025-09-04 00:00:00+00:00,3560.341,3563.473,3511.172,3552.552,234131
2025-09-05 00:00:00+00:00,3552.532,3600.076,3544.721,3586.597,238027
2025-09-07 00:00:00+00:00,3591.856,3596.716,3587.112,3591.167,23711
2025-09-08 00:00:00+00:00,3591.11,3646.336,3579.62,3634.992,216201
2025-09-09 00:00:00+00:00,3635.023,3674.544,3623.12,3633.568,271361
2025-09-10 00:00:00+00:00,3633.543,3657.577,3620.18,3644.915,193694
2025-09-11 00:00:00+00:00,3644.875,3649.134,3613.133,3631.842,208991
2025-09-12 00:00:00+00:00,3631.81,3656.62,3630.497,3643.484,160726
2025-09-14 00:00:00+00:00,3644.61,3645.996,3636.772,3638.241,7116
2025-09-15 00:00:00+00:00,3638.237,3685.623,3626.541,3676.989,173003
2025-09-16 00:00:00+00:00,3676.886,3703.145,3674.718,3694.245,180485
2025-09-17 00:00:00+00:00,3694.244,3707.455,3646.057,3669.169,284408
2025-09-18 00:00:00+00:00,3669.1,3673.021,3627.744,3640.239,243477
2025-09-19 00:00:00+00:00,3640.242,3685.2,3632.203,3684.861,189999
2025-09-21 00:00:00+00:00,3687.969,3692.275,3683.776,3686.263,12042
2025-09-22 00:00:00+00:00,3686.222,3749.254,3685.466,3747.797,221696
2025-09-23 00:00:00+00:00,3747.829,3791.097,3736.722,3763.847,279025
2025-09-24 00:00:00+00:00,3763.822,3779.227,3717.427,3742.92,232699
2025-09-25 00:00:00+00:00,3743.0,3761.601,3721.955,3744.717,284584
2025-09-26 00:00:00+00:00,3744.676,3783.85,3734.464,3761.041,235265
2025-09-28 00:00:00+00:00,3764.718,3772.474,3763.322,3766.899,12970
2025-09-29 00:00:00+00:00,3766.858,3834.025,3763.933,3832.835,318413
2025-09-30 00:00:00+00:00,3832.89,3871.698,3793.081,3862.927,358155
2025-10-01 00:00:00+00:00,3862.94,3895.376,3853.344,3863.518,322760
2025-10-02 00:00:00+00:00,3863.475,3897.154,3819.33,3862.41,314377
2025-10-03 00:00:00+00:00,3862.365,3891.638,3838.019,3887.045,266833
2025-10-05 00:00:00+00:00,3888.624,3920.986,3884.037,3909.45,35320
2025-10-06 00:00:00+00:00,3909.487,3976.198,3898.931,3969.514,378513
2025-10-07 00:00:00+00:00,3969.553,3995.946,3940.82,3994.411,347770
2025-10-08 00:00:00+00:00,3994.367,4059.321,3984.502,4011.708,368255
2025-10-09 00:00:00+00:00,4011.706,4057.972,3944.596,3989.932,550344
2025-10-10 00:00:00+00:00,3989.927,4022.825,3946.916,4010.399,517483
2025-10-12 00:00:00+00:00,4014.463,4060.193,4008.645,4035.147,49659
2025-10-13 00:00:00+00:00,4035.195,4132.022,4024.358,4128.045,409461
2025-10-14 00:00:00+00:00,4128.091,4179.719,4090.603,4161.609,643678
2025-10-15 00:00:00+00:00,4161.574,4218.221,4153.803,4209.458,458467
2025-10-16 00:00:00+00:00,4209.563,4380.074,4203.546,4365.805,520918
2025-10-17 00:00:00+00:00,4365.763,4378.554,4186.172,4250.936,984276
2025-10-19 00:00:00+00:00,4264.629,4268.325,4233.246,4237.865,41008
2025-10-20 00:00:00+00:00,4237.839,4381.572,4218.931,4360.442,588512
2025-10-21 00:00:00+00:00,4360.405,4372.296,4080.817,4093.135,905628
2025-10-22 00:00:00+00:00,4093.182,4161.36,4004.185,4087.735,1005897
2025-10-23 00:00:00+00:00,4087.639,4154.684,4065.957,4121.703,534629
2025-10-24 00:00:00+00:00,4121.747,4144.297,4043.978,4113.082,510145
2025-10-26 00:00:00+00:00,4083.589,4109.202,4061.912,4064.458,50194
2025-10-27 00:00:00+00:00,4064.532,4097.768,3971.348,3998.458,569885
2025-10-28 00:00:00+00:00,3998.379,4019.767,3886.588,3964.821,559473
2025-10-29 00:00:00+00:00,3964.85,4030.268,3917.163,3952.879,549232
2025-10-30 00:00:00+00:00,3952.798,4046.422,3915.301,4036.658,538794
2025-10-31 00:00:00+00:00,4036.633,4039.29,3972.406,4001.621,446714
2025-11-02 00:00:00+00:00,3990.719,3998.94,3977.913,3979.797,17544
2025-11-03 00:00:00+00:00,3979.728,4030.646,3962.306,3997.223,412398
2025-11-04 00:00:00+00:00,3997.301,4000.711,3928.81,3934.767,415258
2025-11-05 00:00:00+00:00,3934.793,3990.543,3929.598,3973.671,312421
2025-11-06 00:00:00+00:00,3973.63,4019.609,3964.543,3989.177,302520
2025-11-07 00:00:00+00:00,3989.213,4027.628,3984.058,4001.422,298443
2025-11-09 00:00:00+00:00,4004.876,4012.265,4004.039,4011.86,11873
2025-11-10 00:00:00+00:00,4011.87,4122.693,4011.132,4119.955,319813
2025-11-11 00:00:00+00:00,4119.992,4148.862,4097.107,4142.639,304389
2025-11-12 00:00:00+00:00,4142.646,4211.823,4098.929,4191.097,399619
2025-11-13 00:00:00+00:00,4191.055,4245.332,4145.369,4185.899,501804
2025-11-14 00:00:00+00:00,4185.908,4211.571,4032.197,4084.62,570262
2025-11-16 00:00:00+00:00,4083.755,4106.809,4071.875,4096.457,23002
2025-11-17 00:00:00+00:00,4096.528,4102.102,4006.827,4036.825,496014
2025-11-18 00:00:00+00:00,4036.862,4082.273,3998.037,4076.692,477100
2025-11-19 00:00:00+00:00,4076.806,4132.686,4055.572,4104.662,494700
2025-11-20 00:00:00+00:00,4104.692,4110.341,4038.686,4079.187,601964
2025-11-21 00:00:00+00:00,4079.247,4101.278,4022.258,4066.113,548133
2025-11-23 00:00:00+00:00,4072.469,4077.695,4065.815,4075.117,14669
2025-11-24 00:00:00+00:00,4075.148,4144.411,4039.842,4143.81,376099
2025-11-25 00:00:00+00:00,4143.802,4159.498,4109.156,4133.73,428054
2025-11-26 00:00:00+00:00,4133.809,4173.595,4132.595,4164.965,343228
2025-11-27 00:00:00+00:00,4164.925,4167.313,4142.601,4163.431,206904
2025-11-28 00:00:00+00:00,4163.371,4226.479,4147.529,4219.178,232472
2025-11-30 00:00:00+00:00,4219.887,4225.283,4205.825,4221.933,15787
2025-12-01 00:00:00+00:00,4221.906,4264.562,4215.434,4227.65,428152
2025-12-02 00:00:00+00:00,4227.679,4230.859,4163.551,4212.876,428232
2025-12-03 00:00:00+00:00,4212.913,4241.579,4194.48,4207.165,388215
2025-12-04 00:00:00+00:00,4207.102,4219.486,4174.834,4206.079,353350
2025-12-05 00:00:00+00:00,4206.077,4259.24,4191.863,4198.522,356438
2025-12-07 00:00:00+00:00,4202.426,4208.658,4189.804,4201.389,2185
2025-12-08 00:00:00+00:00,4201.433,4218.963,4176.137,4194.735,267244
2025-12-09 00:00:00+00:00,4194.74,4221.526,4170.097,4210.87,334920
2025-12-10 00:00:00+00:00,4210.804,4238.724,4181.686,4232.47,369346
2025-12-11 00:00:00+00:00,4232.459,4285.959,4204.244,4276.523,581560
2025-12-12 00:00:00+00:00,4276.471,4353.57,4256.958,4300.983,506408
2025-12-14 00:00:00+00:00,4300.525,4308.446,4299.859,4302.412,9947
2025-12-15 00:00:00+00:00,4302.431,4350.352,4285.18,4304.15,360601
2025-12-16 00:00:00+00:00,4304.13,4335.137,4271.599,4307.86,395279
2025-12-17 00:00:00+00:00,4307.905,4349.297,4306.453,4339.201,390619
2025-12-18 00:00:00+00:00,4339.15,4374.645,4308.654,4335.144,415827
2025-12-19 00:00:00+00:00,4335.17,4356.559,4309.221,4339.365,309680
2025-12-21 00:00:00+00:00,4340.907,4356.441,4339.944,4355.375,8010
2025-12-22 00:00:00+00:00,4355.314,4461.751,4355.314,4460.243,302043
2025-12-23 00:00:00+00:00,4460.236,4510.338,4430.554,4503.344,370434
2025-12-24 00:00:00+00:00,4503.359,4525.987,4448.294,4480.715,348074
2025-12-25 00:00:00+00:00,4486.193,4500.036,4484.47,4495.245,9632
2025-12-26 00:00:00+00:00,4495.172,4550.224,4492.254,4532.554,415113
2025-12-28 00:00:00+00:00,4546.214,4548.5,4523.347,4527.184,25397
2025-12-29 00:00:00+00:00,4527.21,4528.008,4302.137,4345.645,687165
2025-12-30 00:00:00+00:00,4345.569,4404.262,4324.366,4338.922,465757
2025-12-31 00:00:00+00:00,4338.977,4373.432,4274.378,4318.848,443289
2026-01-01 00:00:00+00:00,4328.321,4351.549,4327.659,4348.325,8186
2026-01-02 00:00:00+00:00,4348.358,4402.407,4309.669,4331.759,383032
2026-01-04 00:00:00+00:00,4353.486,4375.948,4349.83,4372.57,15713
2026-01-05 00:00:00+00:00,4372.597,4460.318,4370.227,4440.334,451768
2026-01-06 00:00:00+00:00,4440.399,4500.541,4427.675,4493.261,379895
2026-01-07 00:00:00+00:00,4493.308,4495.916,4423.563,4463.418,435612
2026-01-08 00:00:00+00:00,4463.383,4484.205,4407.557,4475.597,420309
2026-01-09 00:00:00+00:00,4475.632,4517.18,4452.819,4509.075,374423
2026-01-11 00:00:00+00:00,4517.918,4545.01,4517.918,4539.96,13230
2026-01-12 00:00:00+00:00,4540.01,4630.124,4536.245,4599.408,486683
2026-01-13 00:00:00+00:00,4599.47,4634.74,4569.234,4597.136,419749
2026-01-14 00:00:00+00:00,4597.181,4643.189,4597.14,4615.294,458890
2026-01-15 00:00:00+00:00,4615.266,4624.902,4580.995,4610.284,442983
2026-01-16 00:00:00+00:00,4610.315,4620.517,4536.744,4596.588,438207
2026-01-18 00:00:00+00:00,4655.358,4690.741,4653.824,4672.573,25553
2026-01-19 00:00:00+00:00,4672.63,4682.114,4653.138,4665.357,260253
2026-01-20 00:00:00+00:00,4665.371,4781.083,4659.461,4775.878,448490
2026-01-21 00:00:00+00:00,4775.829,4888.495,4755.85,4778.37,730554
2026-01-22 00:00:00+00:00,4778.247,4960.589,4772.208,4958.972,461510
2026-01-23 00:00:00+00:00,4959.011,4989.767,4899.542,4988.337,467340
2026-01-25 00:00:00+00:00,5019.847,5040.296,5003.575,5039.789,30665
2026-01-26 00:00:00+00:00,5039.821,5111.173,4989.632,5043.629,848632
2026-01-27 00:00:00+00:00,5043.588,5190.49,5013.485,5172.433,768850
2026-01-28 00:00:00+00:00,5172.389,5570.018,5157.059,5512.989,1051517
2026-01-29 00:00:00+00:00,5513.098,5595.354,5094.978,5438.589,1285757
2026-01-30 00:00:00+00:00,5438.551,5450.917,4682.526,4891.496,2316849
2026-02-01 00:00:00+00:00,4793.519,4819.788,4697.912,4741.527,41009
2026-02-02 00:00:00+00:00,4741.718,4884.887,4402.065,4774.148,1431533
2026-02-03 00:00:00+00:00,4774.235,4993.736,4745.492,4947.177,747232
2026-02-04 00:00:00+00:00,4947.389,5091.855,4852.072,5012.269,568346
2026-02-05 00:00:00+00:00,5012.19,5020.458,4703.352,4703.73,830230
2026-02-06 00:00:00+00:00,4703.682,4971.372,4655.157,4968.204,471005
2026-02-08 00:00:00+00:00,4967.633,5046.837,4964.715,5035.944,13812
2026-02-09 00:00:00+00:00,5036.019,5086.697,4969.128,5031.903,310983
2026-02-10 00:00:00+00:00,5031.829,5078.559,4998.8,5041.55,293742
2026-02-11 00:00:00+00:00,5041.616,5119.179,5018.86,5061.397,283840
2026-02-12 00:00:00+00:00,5061.305,5083.674,4878.413,4920.118,389257
2026-02-13 00:00:00+00:00,4920.033,5046.101,4913.672,5042.605,296364
2026-02-15 00:00:00+00:00,5026.64,5032.109,5010.128,5019.914,9947
2026-02-16 00:00:00+00:00,5019.953,5031.398,4964.573,4989.914,142841
2026-02-17 00:00:00+00:00,4989.879,4991.592,4841.149,4859.523,318200
2026-02-18 00:00:00+00:00,4859.221,5011.047,4858.432,4976.16,188607
2026-02-19 00:00:00+00:00,4976.043,5022.337,4960.433,4987.7,183306
2026-02-20 00:00:00+00:00,4987.652,5108.149,4981.605,5105.816,252777
2026-02-22 00:00:00+00:00,5111.637,5171.868,5108.785,5165.373,10741
2026-02-23 00:00:00+00:00,5165.366,5249.442,5122.1,5235.933,231741
2026-02-24 00:00:00+00:00,5235.839,5237.947,5093.422,5146.578,264604
2026-02-25 00:00:00+00:00,5146.528,5217.544,5136.376,5163.219,208098
2026-02-26 00:00:00+00:00,5163.297,5205.507,5130.47,5184.462,236336
2026-02-27 00:00:00+00:00,5184.431,5281.263,5166.79,5279.022,218784
2026-03-01 00:00:00+00:00,5319.272,5393.363,5314.681,5386.916,16217
2026-03-02 00:00:00+00:00,5386.716,5419.139,5260.224,5345.688,413463
2026-03-03 00:00:00+00:00,5345.693,5379.802,4995.769,5125.056,665319
2026-03-04 00:00:00+00:00,5125.088,5205.974,5105.756,5164.962,392233
2026-03-05 00:00:00+00:00,5164.887,5194.839,5050.681,5086.266,341915
2026-03-06 00:00:00+00:00,5086.003,5176.565,5062.583,5174.067,292896
2026-03-08 00:00:00+00:00,5178.794,5180.123,5044.202,5075.425,40841
2026-03-09 00:00:00+00:00,5075.827,5155.948,5014.424,5139.701,343701
2026-03-10 00:00:00+00:00,5139.358,5238.508,5124.426,5196.851,239409
2026-03-11 00:00:00+00:00,5196.925,5223.013,5129.704,5134.222,202495
2026-03-12 00:00:00+00:00,5134.038,5191.69,5054.751,5098.163,218840
2026-03-13 00:00:00+00:00,5098.089,5128.316,5009.588,5020.725,225185
2026-03-15 00:00:00+00:00,5017.112,5030.407,4966.796,4997.507,23697
2026-03-16 00:00:00+00:00,4997.434,5038.061,4970.022,5012.813,235776
2026-03-17 00:00:00+00:00,5012.899,5044.474,4973.345,5002.75,187693
2026-03-18 00:00:00+00:00,5002.803,5016.207,4804.266,4836.829,292414
2026-03-19 00:00:00+00:00,4836.657,4866.892,4502.535,4643.703,606528
2026-03-20 00:00:00+00:00,4643.631,4735.791,4477.057,4497.479,732703
2026-03-22 00:00:00+00:00,4477.751,4536.226,4449.277,4464.824,48796
2026-03-23 00:00:00+00:00,4464.586,4512.743,4098.357,4441.155,2066872
2026-03-24 00:00:00+00:00,4440.983,4551.356,4305.546,4546.735,1129929
2026-03-25 00:00:00+00:00,4546.72,4602.458,4486.821,4498.103,708039
2026-03-26 00:00:00+00:00,4498.371,4544.567,4350.944,4404.911,914485
2026-03-27 00:00:00+00:00,4404.958,4555.421,4375.208,4495.377,504079
2026-03-29 00:00:00+00:00,4511.704,4514.06,4443.749,4448.566,33683
2026-03-30 00:00:00+00:00,4448.735,4580.722,4418.503,4513.571,446797
2026-03-31 00:00:00+00:00,4513.554,4700.061,4482.483,4696.42,477312
2026-04-01 00:00:00+00:00,4696.362,4800.288,4666.934,4784.149,373552
2026-04-02 00:00:00+00:00,4784.22,4798.771,4553.837,4675.248,606652
2026-04-05 00:00:00+00:00,4662.786,4662.786,4605.062,4610.653,31046
2026-04-06 00:00:00+00:00,4610.685,4706.668,4600.536,4658.728,305714
2026-04-07 00:00:00+00:00,4658.955,4836.35,4607.246,4833.203,507033
2026-04-08 00:00:00+00:00,4833.268,4857.326,4699.534,4715.52,398637
2026-04-09 00:00:00+00:00,4715.59,4801.202,4698.434,4763.591,299365
2026-04-10 00:00:00+00:00,4763.654,4795.16,4730.601,4749.398,240148
2026-04-12 00:00:00+00:00,4670.253,4685.21,4644.106,4671.399,23096
2026-04-13 00:00:00+00:00,4671.18,4765.957,4664.53,4757.316,286181
2026-04-14 00:00:00+00:00,4757.641,4850.597,4751.499,4836.91,234741
2026-04-15 00:00:00+00:00,4836.967,4871.196,4786.07,4823.502,243266
2026-04-16 00:00:00+00:00,4823.372,4838.381,4772.9,4791.644,229182
2026-04-17 00:00:00+00:00,4791.552,4889.662,4767.543,4832.713,255922
2026-04-19 00:00:00+00:00,4774.48,4795.312,4736.84,4755.167,23534
2026-04-20 00:00:00+00:00,4755.301,4833.046,4745.029,4821.549,245111
2026-04-21 00:00:00+00:00,4821.611,4830.565,4668.161,4737.854,328298
2026-04-22 00:00:00+00:00,4738.065,4772.356,4723.417,4727.939,201570
2026-04-23 00:00:00+00:00,4728.005,4753.764,4664.096,4695.224,335504
2026-04-24 00:00:00+00:00,4695.241,4740.327,4657.574,4708.409,245319
2026-04-26 00:00:00+00:00,4696.068,4699.827,4674.847,4680.054,11816
2026-04-27 00:00:00+00:00,4680.118,4730.097,4666.999,4692.035,198675
2026-04-28 00:00:00+00:00,4692.097,4701.388,4554.716,4595.762,285082
2026-04-29 00:00:00+00:00,4595.826,4610.39,4510.107,4561.653,299336
2026-04-30 00:00:00+00:00,4561.663,4646.963,4540.766,4626.358,294341
2026-05-01 00:00:00+00:00,4626.481,4660.156,4559.759,4613.463,219158
2026-05-03 00:00:00+00:00,4625.982,4629.338,4611.106,4613.705,11725
2026-05-04 00:00:00+00:00,4613.93,4618.524,4500.566,4518.963,343683
2026-05-05 00:00:00+00:00,4518.919,4595.796,4513.414,4593.801,195005
2026-05-06 00:00:00+00:00,4593.855,4722.956,4588.003,4698.97,259614
2026-05-07 00:00:00+00:00,4698.895,4764.737,4681.746,4704.064,294261
2026-05-08 00:00:00+00:00,4703.996,4749.575,4693.892,4715.138,235612
2026-05-10 00:00:00+00:00,4691.841,4698.539,4678.962,4691.675,13013
2026-05-11 00:00:00+00:00,4691.592,4770.005,4648.243,4767.591,256502
2026-05-12 00:00:00+00:00,4767.509,4773.578,4637.982,4716.694,280970
2026-05-13 00:00:00+00:00,4717.084,4727.045,4669.37,4696.689,218023
2026-05-14 00:00:00+00:00,4696.323,4718.881,4644.307,4652.034,254780
2026-05-15 00:00:00+00:00,4652.35,4658.174,4511.162,4539.468,376478
2026-05-17 00:00:00+00:00,4538.378,4554.762,4532.026,4536.897,19329
2026-05-18 00:00:00+00:00,4536.965,4588.92,4480.265,4581.568,405730
2026-05-19 00:00:00+00:00,4581.926,4589.291,4464.373,4489.452,330850
2026-05-20 00:00:00+00:00,4489.396,4552.984,4453.399,4546.321,356041
2026-05-21 00:00:00+00:00,4546.372,4571.018,4488.377,4535.299,342193
2026-05-22 00:00:00+00:00,4535.358,4541.148,4491.538,4507.952,241272
2026-05-24 00:00:00+00:00,4545.352,4579.984,4543.319,4567.183,15814
2026-05-25 00:00:00+00:00,4567.126,4580.336,4550.257,4559.694,157199
2026-05-26 00:00:00+00:00,4559.464,4559.948,4482.236,4519.734,243316
2026-05-27 00:00:00+00:00,4519.674,4525.669,4401.279,4447.141,283486
2026-05-28 00:00:00+00:00,4447.199,4516.588,4366.232,4495.202,311605
2026-05-29 00:00:00+00:00,4495.134,4595.189,4491.898,4540.363,253579
2026-05-31 00:00:00+00:00,4521.201,4545.74,4518.354,4539.642,13284
2026-06-01 00:00:00+00:00,4539.703,4546.159,4447.558,4484.275,248721
2026-06-02 00:00:00+00:00,4484.505,4541.596,4462.055,4474.199,220241
2026-06-03 00:00:00+00:00,4474.127,4496.778,4423.591,4457.096,252690
2026-06-04 00:00:00+00:00,4457.449,4515.517,4443.026,4461.516,254193
2026-06-05 00:00:00+00:00,4461.463,4475.911,4311.591,4328.48,346756
2026-06-07 00:00:00+00:00,4325.114,4347.047,4310.133,4343.828,24464
2026-06-08 00:00:00+00:00,4343.881,4353.374,4268.252,4317.619,372186
2026-06-09 00:00:00+00:00,4317.567,4363.473,4210.259,4222.118,382183
2026-06-10 00:00:00+00:00,4222.061,4228.48,4023.761,4047.127,536190
2026-06-11 00:00:00+00:00,4047.319,4246.421,4036.048,4219.785,619315
2026-06-12 00:00:00+00:00,4219.997,4235.612,4170.058,4218.665,386871
2026-06-14 00:00:00+00:00,4270.346,4308.995,4269.222,4293.94,20042
2026-06-15 00:00:00+00:00,4293.956,4369.303,4285.422,4315.715,245321
2026-06-16 00:00:00+00:00,4315.658,4354.991,4306.684,4331.111,213745
2026-06-17 00:00:00+00:00,4331.252,4382.441,4218.832,4277.846,416439
2026-06-18 00:00:00+00:00,4277.905,4329.955,4186.72,4188.559,327879
2026-06-19 00:00:00+00:00,4188.495,4197.953,4121.613,4155.421,206996
2026-06-21 00:00:00+00:00,4153.418,4164.776,4136.447,4140.09,17317
2026-06-22 00:00:00+00:00,4140.145,4221.174,4139.902,4187.682,295346
2026-06-23 00:00:00+00:00,4187.625,4198.575,4080.659,4099.048,353004
2026-06-24 00:00:00+00:00,4098.986,4111.982,3958.811,4012.325,760998
2026-06-25 00:00:00+00:00,4012.27,4044.217,3962.365,4014.651,477519
2026-06-26 00:00:00+00:00,4014.59,4096.053,3982.879,4088.245,326056
2026-06-28 00:00:00+00:00,4075.881,4085.307,4051.708,4062.831,18273
2026-06-29 00:00:00+00:00,4062.887,4075.713,4000.148,4015.028,306649
2026-06-30 00:00:00+00:00,4014.97,4063.326,3942.099,4005.593,340801
2026-07-01 00:00:00+00:00,4005.653,4115.698,3959.965,4035.169,331651
2026-07-02 00:00:00+00:00,4034.972,4143.965,4030.689,4126.219,355823
2026-07-03 00:00:00+00:00,4126.25,4195.506,4122.97,4174.913,177073
2026-07-05 00:00:00+00:00,4177.917,4202.273,4173.191,4183.104,18341
2026-07-06 00:00:00+00:00,4183.254,4203.185,4128.461,4157.372,259586
2026-07-07 00:00:00+00:00,4157.318,4180.512,4092.054,4098.828,284974
2026-07-08 00:00:00+00:00,4098.723,4134.08,4021.654,4076.276,444630
2026-07-09 00:00:00+00:00,4076.084,4138.136,4054.133,4123.547,259157
2026-07-10 00:00:00+00:00,4123.495,4134.805,4072.871,4119.908,220740
2026-07-12 00:00:00+00:00,4098.561,4099.253,4068.377,4084.311,18558
2026-07-13 00:00:00+00:00,4084.359,4091.182,3986.411,4000.913,344791
2026-07-14 00:00:00+00:00,4000.97,4103.23,3983.307,4053.123,330464
2026-07-15 00:00:00+00:00,4052.928,4081.502,4017.3,4057.9,272180
2026-07-16 00:00:00+00:00,4057.751,4061.333,3969.111,3985.782,300423
2026-07-17 00:00:00+00:00,3985.83,4023.877,3959.36,4017.576,309571
2026-07-19 00:00:00+00:00,4000.132,4002.918,3989.212,3995.373,14090
2026-07-20 00:00:00+00:00,3995.614,4040.714,3982.455,4009.702,279229
2026-07-21 00:00:00+00:00,4009.889,4087.492,4003.81,4080.51,233923
2026-07-22 00:00:00+00:00,4080.711,4166.005,4076.633,4133.267,254888
2026-07-23 00:00:00+00:00,4133.319,4140.985,4039.957,4047.068,287825
2026-07-24 00:00:00+00:00,4047.145,4082.082,4021.844,4052.932,210426
2026-07-26 00:00:00+00:00,4091.771,4096.553,4083.583,4094.171,10981
2026-07-27 00:00:00+00:00,4094.295,4116.17,4065.168,4073.195,251390
2026-07-28 00:00:00+00:00,4073.146,4074.231,4011.292,4025.098,257980
2026-07-29 00:00:00+00:00,4024.898,4116.481,3995.836,4084.754,381987
2026-07-30 00:00:00+00:00,4084.555,4120.412,4028.42,4105.791,382882
2026-07-31 00:00:00+00:00,4105.694,4107.253,4020.875,4043.812,235390
2026-08-02 00:00:00+00:00,4073.04,4079.393,4063.069,4074.778,13975
2026-08-03 00:00:00+00:00,4074.839,4079.02,4018.888,4053.762,243669
2026-08-04 00:00:00+00:00,4053.703,4106.485,4042.403,4072.308,248512
2026-08-05 00:00:00+00:00,4072.356,4281.988,4070.293,4278.042,315469
2026-08-06 00:00:00+00:00,4278.111,4304.283,4223.198,4252.14,298745
2026-08-07 00:00:00+00:00,4252.394,4371.87,4229.453,4342.202,336773
2026-08-09 00:00:00+00:00,4347.782,4349.153,4331.889,4332.663,12446
2026-08-10 00:00:00+00:00,4332.6,4402.679,4313.202,4402.264,262824
2026-08-11 00:00:00+00:00,4402.212,4435.264,4356.622,4371.373,281638
2026-08-12 00:00:00+00:00,4371.376,4441.423,4366.372,4414.262,265507
2026-08-13 00:00:00+00:00,4414.327,4449.838,4343.521,4356.612,293112
2026-08-14 00:00:00+00:00,4356.547,4397.008,4310.827,4375.883,224607
2026-08-16 00:00:00+00:00,4379.402,4386.917,4367.051,4370.359,11421
2026-08-17 00:00:00+00:00,4370.434,4428.868,4368.089,4425.733,227003
2026-08-18 00:00:00+00:00,4425.739,4436.349,4385.935,4399.312,74425
