level,touches_h1,last_touch,days_not_returned
1161.0,1,2018-08-16 00:00:00+00:00,2924.3
1162.0,1,2018-08-16 00:00:00+00:00,2924.3
1163.0,1,2018-08-16 00:00:00+00:00,2924.3
1164.0,2,2018-08-16 01:00:00+00:00,2924.3
1165.0,2,2018-08-16 01:00:00+00:00,2924.3
1166.0,2,2018-08-16 01:00:00+00:00,2924.3
1167.0,2,2018-08-16 01:00:00+00:00,2924.3
1168.0,2,2018-08-16 01:00:00+00:00,2924.3
1169.0,2,2018-08-16 01:00:00+00:00,2924.3
1170.0,3,2018-08-16 02:00:00+00:00,2924.2
1171.0,3,2018-08-16 03:00:00+00:00,2924.2
1172.0,5,2018-08-17 00:00:00+00:00,2923.3
1173.0,4,2018-08-17 00:00:00+00:00,2923.3
1174.0,12,2018-08-17 07:00:00+00:00,2923.0
1175.0,16,2018-08-17 07:00:00+00:00,2923.0
1176.0,19,2018-08-17 12:00:00+00:00,2922.8
1177.0,25,2018-08-17 17:00:00+00:00,2922.6
1178.0,17,2018-08-17 18:00:00+00:00,2922.6
1179.0,19,2018-08-17 18:00:00+00:00,2922.6
1180.0,11,2018-08-17 18:00:00+00:00,2922.6
1181.0,10,2018-09-28 07:00:00+00:00,2881.0
1182.0,7,2018-09-28 11:00:00+00:00,2880.8
1183.0,19,2018-10-08 15:00:00+00:00,2870.7
1184.0,26,2018-10-09 13:00:00+00:00,2869.8
1185.0,30,2018-10-09 13:00:00+00:00,2869.8
1186.0,42,2018-10-10 12:00:00+00:00,2868.8
1187.0,55,2018-10-10 14:00:00+00:00,2868.7
1188.0,54,2018-10-10 15:00:00+00:00,2868.7
1189.0,63,2018-10-10 16:00:00+00:00,2868.6
1190.0,62,2018-10-10 17:00:00+00:00,2868.6
1191.0,52,2018-10-10 18:00:00+00:00,2868.6
1192.0,62,2018-10-11 06:00:00+00:00,2868.1
1193.0,73,2018-10-11 06:00:00+00:00,2868.1
1194.0,113,2018-10-11 07:00:00+00:00,2868.0
1195.0,112,2018-10-11 07:00:00+00:00,2868.0
1196.0,118,2018-10-11 07:00:00+00:00,2868.0
1197.0,98,2018-11-13 10:00:00+00:00,2834.9
1198.0,100,2018-11-14 10:00:00+00:00,2833.9
1199.0,125,2018-11-14 14:00:00+00:00,2833.7
1200.0,113,2018-11-14 14:00:00+00:00,2833.7
1201.0,122,2018-11-14 15:00:00+00:00,2833.7
1202.0,124,2018-11-14 16:00:00+00:00,2833.6
1203.0,130,2018-11-14 17:00:00+00:00,2833.6
1204.0,116,2018-11-14 17:00:00+00:00,2833.6
1205.0,90,2018-11-14 17:00:00+00:00,2833.6
1206.0,85,2018-11-14 17:00:00+00:00,2833.6
1207.0,67,2018-11-14 17:00:00+00:00,2833.6
1208.0,66,2018-11-15 13:00:00+00:00,2832.8
1209.0,73,2018-11-15 13:00:00+00:00,2832.8
1210.0,77,2018-11-15 13:00:00+00:00,2832.8
1211.0,91,2018-11-15 13:00:00+00:00,2832.8
1212.0,99,2018-11-28 15:00:00+00:00,2819.7
1213.0,90,2018-11-28 16:00:00+00:00,2819.6
1214.0,90,2018-11-28 17:00:00+00:00,2819.6
1215.0,84,2018-11-28 17:00:00+00:00,2819.6
1216.0,71,2018-11-28 17:00:00+00:00,2819.6
1217.0,78,2018-11-30 15:00:00+00:00,2817.7
1218.0,90,2018-11-30 15:00:00+00:00,2817.7
1219.0,111,2018-11-30 16:00:00+00:00,2817.6
1220.0,125,2018-11-30 18:00:00+00:00,2817.6
1221.0,164,2018-11-30 20:00:00+00:00,2817.5
1222.0,212,2018-12-03 00:00:00+00:00,2815.3
1223.0,249,2018-12-03 01:00:00+00:00,2815.3
1224.0,226,2018-12-03 03:00:00+00:00,2815.2
1225.0,188,2018-12-03 05:00:00+00:00,2815.1
1226.0,170,2018-12-03 05:00:00+00:00,2815.1
1227.0,187,2018-12-03 07:00:00+00:00,2815.0
1228.0,174,2018-12-03 12:00:00+00:00,2814.8
1229.0,139,2018-12-03 13:00:00+00:00,2814.8
1230.0,141,2018-12-03 20:00:00+00:00,2814.5
1231.0,152,2018-12-04 00:00:00+00:00,2814.3
1232.0,134,2018-12-04 01:00:00+00:00,2814.3
1233.0,114,2018-12-14 14:00:00+00:00,2803.7
1234.0,109,2018-12-14 14:00:00+00:00,2803.7
1235.0,81,2018-12-14 15:00:00+00:00,2803.7
1236.0,67,2018-12-17 00:00:00+00:00,2801.3
1237.0,76,2018-12-17 06:00:00+00:00,2801.1
1238.0,92,2018-12-17 09:00:00+00:00,2800.9
1239.0,81,2018-12-17 10:00:00+00:00,2800.9
1240.0,90,2018-12-17 13:00:00+00:00,2800.8
1241.0,99,2018-12-17 14:00:00+00:00,2800.7
1242.0,121,2018-12-19 21:00:00+00:00,2798.4
1243.0,138,2018-12-20 01:00:00+00:00,2798.3
1244.0,147,2018-12-20 03:00:00+00:00,2798.2
1245.0,128,2018-12-20 06:00:00+00:00,2798.1
1246.0,138,2018-12-20 06:00:00+00:00,2798.1
1247.0,130,2018-12-20 07:00:00+00:00,2798.0
1248.0,117,2018-12-20 07:00:00+00:00,2798.0
1249.0,117,2018-12-20 08:00:00+00:00,2798.0
1250.0,114,2018-12-20 09:00:00+00:00,2797.9
1251.0,129,2018-12-20 09:00:00+00:00,2797.9
1252.0,138,2018-12-20 09:00:00+00:00,2797.9
1253.0,136,2018-12-20 09:00:00+00:00,2797.9
1254.0,165,2018-12-21 18:00:00+00:00,2796.6
1255.0,189,2018-12-21 20:00:00+00:00,2796.5
1256.0,184,2018-12-21 19:00:00+00:00,2796.5
1257.0,152,2018-12-21 18:00:00+00:00,2796.6
1258.0,143,2018-12-23 23:00:00+00:00,2794.3
1259.0,118,2018-12-24 00:00:00+00:00,2794.3
1260.0,117,2018-12-24 11:00:00+00:00,2793.8
1261.0,115,2018-12-24 12:00:00+00:00,2793.8
1262.0,132,2018-12-24 13:00:00+00:00,2793.8
1263.0,142,2018-12-24 14:00:00+00:00,2793.7
1264.0,126,2018-12-24 14:00:00+00:00,2793.7
1265.0,121,2018-12-26 20:00:00+00:00,2791.5
1266.0,156,2018-12-26 21:00:00+00:00,2791.4
1267.0,196,2019-05-02 13:00:00+00:00,2664.8
1268.0,185,2019-05-02 15:00:00+00:00,2664.7
1269.0,179,2019-05-03 12:00:00+00:00,2663.8
1270.0,146,2019-05-21 13:00:00+00:00,2645.8
1271.0,130,2019-05-21 14:00:00+00:00,2645.7
1272.0,159,2019-05-21 14:00:00+00:00,2645.7
1273.0,178,2019-05-23 05:00:00+00:00,2644.1
1274.0,233,2019-05-23 07:00:00+00:00,2644.0
1275.0,259,2019-05-30 07:00:00+00:00,2637.0
1276.0,294,2019-05-30 10:00:00+00:00,2636.9
1277.0,251,2019-05-30 11:00:00+00:00,2636.8
1278.0,242,2019-05-30 12:00:00+00:00,2636.8
1279.0,238,2019-05-30 12:00:00+00:00,2636.8
1280.0,273,2019-05-30 13:00:00+00:00,2636.8
1281.0,297,2019-05-30 14:00:00+00:00,2636.7
1282.0,273,2019-05-30 14:00:00+00:00,2636.7
1283.0,313,2019-05-30 14:00:00+00:00,2636.7
1284.0,330,2019-05-30 15:00:00+00:00,2636.7
1285.0,340,2019-05-30 15:00:00+00:00,2636.7
1286.0,336,2019-05-30 16:00:00+00:00,2636.6
1287.0,322,2019-05-30 17:00:00+00:00,2636.6
1288.0,310,2019-05-30 22:00:00+00:00,2636.4
1289.0,280,2019-05-30 23:00:00+00:00,2636.3
1290.0,269,2019-05-30 23:00:00+00:00,2636.3
1291.0,321,2019-05-31 03:00:00+00:00,2636.2
1292.0,327,2019-05-31 06:00:00+00:00,2636.1
1293.0,296,2019-05-31 06:00:00+00:00,2636.1
1294.0,257,2019-05-31 08:00:00+00:00,2636.0
1295.0,233,2019-05-31 09:00:00+00:00,2635.9
1296.0,217,2019-05-31 14:00:00+00:00,2635.7
1297.0,215,2019-05-31 14:00:00+00:00,2635.7
1298.0,220,2019-05-31 14:00:00+00:00,2635.7
1299.0,187,2019-05-31 14:00:00+00:00,2635.7
1300.0,116,2019-05-31 15:00:00+00:00,2635.7
1301.0,104,2019-05-31 15:00:00+00:00,2635.7
1302.0,130,2019-05-31 16:00:00+00:00,2635.6
1303.0,137,2019-05-31 16:00:00+00:00,2635.6
1304.0,143,2019-05-31 17:00:00+00:00,2635.6
1305.0,134,2019-05-31 20:00:00+00:00,2635.5
1306.0,130,2019-05-31 20:00:00+00:00,2635.5
1307.0,149,2019-06-02 22:00:00+00:00,2633.4
1308.0,167,2019-06-02 23:00:00+00:00,2633.3
1309.0,196,2019-06-03 01:00:00+00:00,2633.3
1310.0,194,2019-06-03 07:00:00+00:00,2633.0
1311.0,217,2019-06-03 07:00:00+00:00,2633.0
1312.0,223,2019-06-03 07:00:00+00:00,2633.0
1313.0,239,2019-06-03 13:00:00+00:00,2632.8
1314.0,236,2019-06-03 13:00:00+00:00,2632.8
1315.0,202,2019-06-03 13:00:00+00:00,2632.8
1316.0,184,2019-06-03 14:00:00+00:00,2632.7
1317.0,223,2019-06-03 14:00:00+00:00,2632.7
1318.0,239,2019-06-03 15:00:00+00:00,2632.7
1319.0,211,2019-06-03 15:00:00+00:00,2632.7
1320.0,204,2019-06-11 12:00:00+00:00,2624.8
1321.0,202,2019-06-11 12:00:00+00:00,2624.8
1322.0,210,2019-06-11 12:00:00+00:00,2624.8
1323.0,220,2019-06-11 13:00:00+00:00,2624.8
1324.0,226,2019-06-11 14:00:00+00:00,2624.7
1325.0,226,2019-06-11 14:00:00+00:00,2624.7
1326.0,236,2019-06-12 01:00:00+00:00,2624.3
1327.0,215,2019-06-12 01:00:00+00:00,2624.3
1328.0,204,2019-06-12 01:00:00+00:00,2624.3
1329.0,213,2019-06-12 02:00:00+00:00,2624.2
1330.0,167,2019-06-12 13:00:00+00:00,2623.8
1331.0,181,2019-06-12 13:00:00+00:00,2623.8
1332.0,200,2019-06-12 18:00:00+00:00,2623.6
1333.0,203,2019-06-17 09:00:00+00:00,2618.9
1334.0,191,2019-06-17 11:00:00+00:00,2618.8
1335.0,181,2019-06-17 11:00:00+00:00,2618.8
1336.0,184,2019-06-17 12:00:00+00:00,2618.8
1337.0,182,2019-06-17 14:00:00+00:00,2618.7
1338.0,168,2019-06-17 15:00:00+00:00,2618.7
1339.0,161,2019-06-18 01:00:00+00:00,2618.3
1340.0,154,2019-06-18 14:00:00+00:00,2617.7
1341.0,161,2019-06-18 14:00:00+00:00,2617.7
1342.0,140,2019-06-19 11:00:00+00:00,2616.8
1343.0,146,2019-06-19 13:00:00+00:00,2616.8
1344.0,133,2019-06-19 15:00:00+00:00,2616.7
1345.0,125,2019-06-19 17:00:00+00:00,2616.6
1346.0,127,2019-06-19 18:00:00+00:00,2616.6
1347.0,114,2019-06-19 18:00:00+00:00,2616.6
1348.0,104,2019-06-19 18:00:00+00:00,2616.6
1349.0,87,2019-06-19 18:00:00+00:00,2616.6
1350.0,72,2019-06-19 18:00:00+00:00,2616.6
1351.0,71,2019-06-19 19:00:00+00:00,2616.5
1352.0,80,2019-06-19 19:00:00+00:00,2616.5
1353.0,84,2019-06-19 19:00:00+00:00,2616.5
1354.0,70,2019-06-19 19:00:00+00:00,2616.5
1355.0,52,2019-06-19 20:00:00+00:00,2616.5
1356.0,26,2019-06-19 20:00:00+00:00,2616.5
1357.0,23,2019-06-19 20:00:00+00:00,2616.5
1358.0,25,2019-06-20 00:00:00+00:00,2616.3
1359.0,25,2019-06-20 00:00:00+00:00,2616.3
1360.0,23,2019-06-20 00:00:00+00:00,2616.3
1361.0,14,2019-06-20 00:00:00+00:00,2616.3
1362.0,9,2019-06-20 00:00:00+00:00,2616.3
1363.0,8,2019-06-20 00:00:00+00:00,2616.3
1364.0,7,2019-06-20 00:00:00+00:00,2616.3
1365.0,3,2019-06-20 00:00:00+00:00,2616.3
1366.0,2,2019-06-20 00:00:00+00:00,2616.3
1367.0,1,2019-06-20 00:00:00+00:00,2616.3
1368.0,1,2019-06-20 00:00:00+00:00,2616.3
1369.0,1,2019-06-20 00:00:00+00:00,2616.3
1370.0,1,2019-06-20 00:00:00+00:00,2616.3
1371.0,2,2019-06-20 01:00:00+00:00,2616.3
1372.0,2,2019-06-20 01:00:00+00:00,2616.3
1373.0,2,2019-06-20 01:00:00+00:00,2616.3
1374.0,2,2019-06-20 01:00:00+00:00,2616.3
1375.0,1,2019-06-20 01:00:00+00:00,2616.3
1376.0,1,2019-06-20 01:00:00+00:00,2616.3
1377.0,1,2019-06-20 01:00:00+00:00,2616.3
1378.0,3,2019-06-20 08:00:00+00:00,2616.0
1379.0,5,2019-06-20 08:00:00+00:00,2616.0
1380.0,11,2019-06-20 14:00:00+00:00,2615.7
1381.0,11,2019-06-20 14:00:00+00:00,2615.7
1382.0,13,2019-07-01 07:00:00+00:00,2605.0
1383.0,14,2019-07-01 20:00:00+00:00,2604.5
1384.0,15,2019-07-02 00:00:00+00:00,2604.3
1385.0,14,2019-07-02 00:00:00+00:00,2604.3
1386.0,17,2019-07-09 08:00:00+00:00,2597.0
1387.0,19,2019-07-09 10:00:00+00:00,2596.9
1388.0,21,2019-07-09 10:00:00+00:00,2596.9
1389.0,29,2019-07-09 11:00:00+00:00,2596.8
1390.0,31,2019-07-10 06:00:00+00:00,2596.1
1391.0,33,2019-07-10 07:00:00+00:00,2596.0
1392.0,48,2019-07-10 12:00:00+00:00,2595.8
1393.0,54,2019-07-10 12:00:00+00:00,2595.8
1394.0,46,2019-07-10 12:00:00+00:00,2595.8
1395.0,42,2019-07-10 12:00:00+00:00,2595.8
1396.0,40,2019-07-10 12:00:00+00:00,2595.8
1397.0,37,2019-07-10 12:00:00+00:00,2595.8
1398.0,30,2019-07-10 12:00:00+00:00,2595.8
1399.0,25,2019-07-10 12:00:00+00:00,2595.8
1400.0,16,2019-07-10 12:00:00+00:00,2595.8
1401.0,19,2019-08-01 13:00:00+00:00,2573.8
1402.0,26,2019-08-01 13:00:00+00:00,2573.8
1403.0,37,2019-08-01 13:00:00+00:00,2573.8
1404.0,56,2019-08-01 13:00:00+00:00,2573.8
1405.0,77,2019-08-01 13:00:00+00:00,2573.8
1406.0,80,2019-08-01 14:00:00+00:00,2573.7
1407.0,70,2019-08-01 14:00:00+00:00,2573.7
1408.0,66,2019-08-01 14:00:00+00:00,2573.7
1409.0,68,2019-08-01 14:00:00+00:00,2573.7
1410.0,59,2019-08-01 14:00:00+00:00,2573.7
1411.0,61,2019-08-01 14:00:00+00:00,2573.7
1412.0,57,2019-08-01 14:00:00+00:00,2573.7
1413.0,60,2019-08-01 14:00:00+00:00,2573.7
1414.0,75,2019-08-01 16:00:00+00:00,2573.6
1415.0,80,2019-08-01 16:00:00+00:00,2573.6
1416.0,73,2019-08-01 16:00:00+00:00,2573.6
1417.0,68,2019-08-01 16:00:00+00:00,2573.6
1418.0,79,2019-08-01 17:00:00+00:00,2573.6
1419.0,84,2019-08-01 17:00:00+00:00,2573.6
1420.0,74,2019-08-01 17:00:00+00:00,2573.6
1421.0,70,2019-08-01 17:00:00+00:00,2573.6
1422.0,71,2019-08-01 17:00:00+00:00,2573.6
1423.0,71,2019-08-01 17:00:00+00:00,2573.6
1424.0,74,2019-08-01 17:00:00+00:00,2573.6
1425.0,87,2019-08-01 17:00:00+00:00,2573.6
1426.0,81,2019-08-01 17:00:00+00:00,2573.6
1427.0,66,2019-08-01 17:00:00+00:00,2573.6
1428.0,63,2019-08-01 17:00:00+00:00,2573.6
1429.0,42,2019-08-01 17:00:00+00:00,2573.6
1430.0,31,2019-08-01 17:00:00+00:00,2573.6
1431.0,38,2019-08-02 13:00:00+00:00,2572.8
1432.0,29,2019-08-02 13:00:00+00:00,2572.8
1433.0,22,2019-08-02 13:00:00+00:00,2572.8
1434.0,19,2019-08-02 13:00:00+00:00,2572.8
1435.0,19,2019-08-02 13:00:00+00:00,2572.8
1436.0,22,2019-08-02 13:00:00+00:00,2572.8
1437.0,21,2019-08-04 22:00:00+00:00,2570.4
1438.0,24,2019-08-04 23:00:00+00:00,2570.3
1439.0,25,2019-08-05 00:00:00+00:00,2570.3
1440.0,26,2019-08-05 01:00:00+00:00,2570.3
1441.0,21,2019-08-05 01:00:00+00:00,2570.3
1442.0,17,2019-08-05 01:00:00+00:00,2570.3
1443.0,19,2019-08-05 01:00:00+00:00,2570.3
1444.0,13,2019-08-05 01:00:00+00:00,2570.3
1445.0,13,2019-08-05 01:00:00+00:00,2570.3
1446.0,12,2019-11-12 15:00:00+00:00,2470.7
1447.0,8,2019-11-12 15:00:00+00:00,2470.7
1448.0,4,2019-11-12 15:00:00+00:00,2470.7
1449.0,7,2019-11-12 15:00:00+00:00,2470.7
1450.0,9,2019-11-26 14:00:00+00:00,2456.7
1451.0,14,2019-11-26 14:00:00+00:00,2456.7
1452.0,18,2020-03-16 13:00:00+00:00,2345.8
1453.0,27,2020-03-16 13:00:00+00:00,2345.8
1454.0,37,2020-03-16 13:00:00+00:00,2345.8
1455.0,48,2020-03-16 13:00:00+00:00,2345.8
1456.0,61,2020-03-19 22:00:00+00:00,2342.4
1457.0,54,2020-03-19 22:00:00+00:00,2342.4
1458.0,62,2020-03-19 22:00:00+00:00,2342.4
1459.0,61,2020-03-19 22:00:00+00:00,2342.4
1460.0,68,2020-03-19 22:00:00+00:00,2342.4
1461.0,87,2020-03-19 22:00:00+00:00,2342.4
1462.0,79,2020-03-19 22:00:00+00:00,2342.4
1463.0,101,2020-03-19 22:00:00+00:00,2342.4
1464.0,102,2020-03-19 22:00:00+00:00,2342.4
1465.0,108,2020-03-19 22:00:00+00:00,2342.4
1466.0,107,2020-03-19 23:00:00+00:00,2342.3
1467.0,104,2020-03-19 23:00:00+00:00,2342.3
1468.0,101,2020-03-19 23:00:00+00:00,2342.3
1469.0,104,2020-03-19 23:00:00+00:00,2342.3
1470.0,93,2020-03-19 23:00:00+00:00,2342.3
1471.0,98,2020-03-19 23:00:00+00:00,2342.3
1472.0,94,2020-03-20 01:00:00+00:00,2342.3
1473.0,96,2020-03-20 01:00:00+00:00,2342.3
1474.0,104,2020-03-20 01:00:00+00:00,2342.3
1475.0,127,2020-03-20 01:00:00+00:00,2342.3
1476.0,118,2020-03-20 01:00:00+00:00,2342.3
1477.0,104,2020-03-20 01:00:00+00:00,2342.3
1478.0,92,2020-03-20 01:00:00+00:00,2342.3
1479.0,86,2020-03-20 01:00:00+00:00,2342.3
1480.0,75,2020-03-20 18:00:00+00:00,2341.6
1481.0,81,2020-03-20 19:00:00+00:00,2341.5
1482.0,80,2020-03-20 19:00:00+00:00,2341.5
1483.0,98,2020-03-22 22:00:00+00:00,2339.4
1484.0,112,2020-03-22 22:00:00+00:00,2339.4
1485.0,114,2020-03-22 22:00:00+00:00,2339.4
1486.0,125,2020-03-23 06:00:00+00:00,2339.1
1487.0,122,2020-03-23 08:00:00+00:00,2339.0
1488.0,130,2020-03-23 08:00:00+00:00,2339.0
1489.0,143,2020-03-23 08:00:00+00:00,2339.0
1490.0,169,2020-03-23 09:00:00+00:00,2338.9
1491.0,196,2020-03-23 10:00:00+00:00,2338.9
1492.0,219,2020-03-23 11:00:00+00:00,2338.8
1493.0,192,2020-03-23 11:00:00+00:00,2338.8
1494.0,167,2020-03-23 11:00:00+00:00,2338.8
1495.0,167,2020-03-23 12:00:00+00:00,2338.8
1496.0,176,2020-03-23 12:00:00+00:00,2338.8
1497.0,186,2020-03-23 12:00:00+00:00,2338.8
1498.0,194,2020-03-23 12:00:00+00:00,2338.8
1499.0,191,2020-03-23 12:00:00+00:00,2338.8
1500.0,188,2020-03-23 12:00:00+00:00,2338.8
1501.0,199,2020-03-23 12:00:00+00:00,2338.8
1502.0,225,2020-03-23 12:00:00+00:00,2338.8
1503.0,214,2020-03-23 12:00:00+00:00,2338.8
1504.0,203,2020-03-23 12:00:00+00:00,2338.8
1505.0,219,2020-03-23 12:00:00+00:00,2338.8
1506.0,208,2020-03-23 12:00:00+00:00,2338.8
1507.0,188,2020-03-23 12:00:00+00:00,2338.8
1508.0,169,2020-03-23 12:00:00+00:00,2338.8
1509.0,159,2020-03-23 12:00:00+00:00,2338.8
1510.0,142,2020-03-23 12:00:00+00:00,2338.8
1511.0,135,2020-03-23 12:00:00+00:00,2338.8
1512.0,127,2020-03-23 13:00:00+00:00,2338.8
1513.0,122,2020-03-23 13:00:00+00:00,2338.8
1514.0,102,2020-03-23 13:00:00+00:00,2338.8
1515.0,94,2020-03-23 13:00:00+00:00,2338.8
1516.0,82,2020-03-23 13:00:00+00:00,2338.8
1517.0,78,2020-03-23 13:00:00+00:00,2338.8
1518.0,82,2020-03-23 13:00:00+00:00,2338.8
1519.0,80,2020-03-23 13:00:00+00:00,2338.8
1520.0,83,2020-03-23 13:00:00+00:00,2338.8
1521.0,83,2020-03-23 14:00:00+00:00,2338.7
1522.0,76,2020-03-23 14:00:00+00:00,2338.7
1523.0,81,2020-03-23 14:00:00+00:00,2338.7
1524.0,74,2020-03-23 14:00:00+00:00,2338.7
1525.0,71,2020-03-23 14:00:00+00:00,2338.7
1526.0,79,2020-03-23 14:00:00+00:00,2338.7
1527.0,75,2020-03-23 14:00:00+00:00,2338.7
1528.0,87,2020-03-23 15:00:00+00:00,2338.7
1529.0,80,2020-03-23 15:00:00+00:00,2338.7
1530.0,66,2020-03-23 15:00:00+00:00,2338.7
1531.0,63,2020-03-23 15:00:00+00:00,2338.7
1532.0,59,2020-03-23 15:00:00+00:00,2338.7
1533.0,51,2020-03-23 15:00:00+00:00,2338.7
1534.0,44,2020-03-23 15:00:00+00:00,2338.7
1535.0,38,2020-03-23 15:00:00+00:00,2338.7
1536.0,42,2020-03-23 15:00:00+00:00,2338.7
1537.0,49,2020-03-23 15:00:00+00:00,2338.7
1538.0,52,2020-03-23 15:00:00+00:00,2338.7
1539.0,60,2020-03-23 15:00:00+00:00,2338.7
1540.0,50,2020-03-23 15:00:00+00:00,2338.7
1541.0,62,2020-03-23 16:00:00+00:00,2338.6
1542.0,71,2020-03-23 16:00:00+00:00,2338.6
1543.0,70,2020-03-23 16:00:00+00:00,2338.6
1544.0,63,2020-03-23 16:00:00+00:00,2338.6
1545.0,58,2020-03-23 16:00:00+00:00,2338.6
1546.0,61,2020-03-23 18:00:00+00:00,2338.6
1547.0,68,2020-03-23 19:00:00+00:00,2338.5
1548.0,71,2020-03-23 19:00:00+00:00,2338.5
1549.0,68,2020-03-23 19:00:00+00:00,2338.5
1550.0,62,2020-03-23 19:00:00+00:00,2338.5
1551.0,72,2020-03-23 20:00:00+00:00,2338.5
1552.0,83,2020-03-23 20:00:00+00:00,2338.5
1553.0,83,2020-03-23 20:00:00+00:00,2338.5
1554.0,80,2020-03-23 22:00:00+00:00,2338.4
1555.0,87,2020-03-23 22:00:00+00:00,2338.4
1556.0,95,2020-03-23 22:00:00+00:00,2338.4
1557.0,81,2020-03-23 22:00:00+00:00,2338.4
1558.0,81,2020-03-23 22:00:00+00:00,2338.4
1559.0,69,2020-03-24 06:00:00+00:00,2338.1
1560.0,68,2020-03-24 06:00:00+00:00,2338.1
1561.0,59,2020-03-24 06:00:00+00:00,2338.1
1562.0,49,2020-03-24 06:00:00+00:00,2338.1
1563.0,50,2020-03-24 06:00:00+00:00,2338.1
1564.0,53,2020-03-24 06:00:00+00:00,2338.1
1565.0,71,2020-03-24 06:00:00+00:00,2338.1
1566.0,89,2020-03-24 07:00:00+00:00,2338.0
1567.0,89,2020-03-24 07:00:00+00:00,2338.0
1568.0,83,2020-03-24 07:00:00+00:00,2338.0
1569.0,71,2020-03-24 07:00:00+00:00,2338.0
1570.0,76,2020-03-31 22:00:00+00:00,2330.4
1571.0,85,2020-03-31 22:00:00+00:00,2330.4
1572.0,81,2020-04-01 13:00:00+00:00,2329.8
1573.0,83,2020-04-01 13:00:00+00:00,2329.8
1574.0,83,2020-04-01 13:00:00+00:00,2329.8
1575.0,90,2020-04-01 13:00:00+00:00,2329.8
1576.0,94,2020-04-01 14:00:00+00:00,2329.7
1577.0,90,2020-04-01 14:00:00+00:00,2329.7
1578.0,85,2020-04-01 17:00:00+00:00,2329.6
1579.0,95,2020-04-01 17:00:00+00:00,2329.6
1580.0,92,2020-04-01 17:00:00+00:00,2329.6
1581.0,90,2020-04-01 17:00:00+00:00,2329.6
1582.0,88,2020-04-02 01:00:00+00:00,2329.3
1583.0,80,2020-04-02 04:00:00+00:00,2329.1
1584.0,71,2020-04-02 05:00:00+00:00,2329.1
1585.0,67,2020-04-02 09:00:00+00:00,2328.9
1586.0,67,2020-04-02 09:00:00+00:00,2328.9
1587.0,71,2020-04-02 09:00:00+00:00,2328.9
1588.0,65,2020-04-02 10:00:00+00:00,2328.9
1589.0,56,2020-04-02 10:00:00+00:00,2328.9
1590.0,50,2020-04-02 10:00:00+00:00,2328.9
1591.0,51,2020-04-02 10:00:00+00:00,2328.9
1592.0,52,2020-04-02 11:00:00+00:00,2328.8
1593.0,52,2020-04-02 11:00:00+00:00,2328.8
1594.0,45,2020-04-02 11:00:00+00:00,2328.8
1595.0,45,2020-04-02 12:00:00+00:00,2328.8
1596.0,45,2020-04-02 12:00:00+00:00,2328.8
1597.0,47,2020-04-02 12:00:00+00:00,2328.8
1598.0,43,2020-04-02 12:00:00+00:00,2328.8
1599.0,44,2020-04-02 12:00:00+00:00,2328.8
1600.0,48,2020-04-02 13:00:00+00:00,2328.8
1601.0,53,2020-04-02 13:00:00+00:00,2328.8
1602.0,51,2020-04-02 13:00:00+00:00,2328.8
1603.0,54,2020-04-02 14:00:00+00:00,2328.7
1604.0,59,2020-04-02 15:00:00+00:00,2328.7
1605.0,56,2020-04-02 15:00:00+00:00,2328.7
1606.0,52,2020-04-03 12:00:00+00:00,2327.8
1607.0,61,2020-04-03 12:00:00+00:00,2327.8
1608.0,64,2020-04-05 22:00:00+00:00,2325.4
1609.0,72,2020-04-05 22:00:00+00:00,2325.4
1610.0,73,2020-04-05 22:00:00+00:00,2325.4
1611.0,65,2020-04-05 22:00:00+00:00,2325.4
1612.0,64,2020-04-05 22:00:00+00:00,2325.4
1613.0,65,2020-04-05 23:00:00+00:00,2325.3
1614.0,68,2020-04-05 23:00:00+00:00,2325.3
1615.0,69,2022-09-28 07:00:00+00:00,1420.0
1616.0,72,2022-09-28 10:00:00+00:00,1419.9
1617.0,77,2022-11-03 11:00:00+00:00,1383.8
1618.0,81,2022-11-03 13:00:00+00:00,1383.8
1619.0,78,2022-11-03 14:00:00+00:00,1383.7
1620.0,79,2022-11-03 14:00:00+00:00,1383.7
1621.0,75,2022-11-03 14:00:00+00:00,1383.7
1622.0,74,2022-11-03 14:00:00+00:00,1383.7
1623.0,73,2022-11-03 14:00:00+00:00,1383.7
1624.0,70,2022-11-03 14:00:00+00:00,1383.7
1625.0,73,2022-11-03 16:00:00+00:00,1383.6
1626.0,74,2022-11-03 16:00:00+00:00,1383.6
1627.0,77,2022-11-03 17:00:00+00:00,1383.6
1628.0,72,2022-11-03 17:00:00+00:00,1383.6
1629.0,73,2022-11-03 22:00:00+00:00,1383.4
1630.0,69,2022-11-04 01:00:00+00:00,1383.3
1631.0,65,2022-11-04 01:00:00+00:00,1383.3
1632.0,67,2022-11-04 01:00:00+00:00,1383.3
1633.0,71,2022-11-04 01:00:00+00:00,1383.3
1634.0,79,2022-11-04 02:00:00+00:00,1383.2
1635.0,86,2022-11-04 02:00:00+00:00,1383.2
1636.0,94,2022-11-04 02:00:00+00:00,1383.2
1637.0,108,2022-11-04 03:00:00+00:00,1383.2
1638.0,103,2022-11-04 03:00:00+00:00,1383.2
1639.0,111,2022-11-04 04:00:00+00:00,1383.1
1640.0,114,2022-11-04 04:00:00+00:00,1383.1
1641.0,117,2022-11-04 04:00:00+00:00,1383.1
1642.0,127,2022-11-04 12:00:00+00:00,1382.8
1643.0,144,2022-11-04 12:00:00+00:00,1382.8
1644.0,157,2022-11-04 12:00:00+00:00,1382.8
1645.0,159,2022-11-04 12:00:00+00:00,1382.8
1646.0,159,2022-11-04 12:00:00+00:00,1382.8
1647.0,167,2022-11-04 12:00:00+00:00,1382.8
1648.0,165,2022-11-04 12:00:00+00:00,1382.8
1649.0,162,2022-11-04 12:00:00+00:00,1382.8
1650.0,164,2022-11-04 12:00:00+00:00,1382.8
1651.0,148,2022-11-04 12:00:00+00:00,1382.8
1652.0,146,2022-11-04 12:00:00+00:00,1382.8
1653.0,121,2022-11-04 12:00:00+00:00,1382.8
1654.0,119,2022-11-04 12:00:00+00:00,1382.8
1655.0,107,2022-11-04 12:00:00+00:00,1382.8
1656.0,109,2022-11-04 12:00:00+00:00,1382.8
1657.0,104,2022-11-04 12:00:00+00:00,1382.8
1658.0,101,2022-11-04 12:00:00+00:00,1382.8
1659.0,109,2022-11-04 13:00:00+00:00,1382.8
1660.0,114,2022-11-04 13:00:00+00:00,1382.8
1661.0,121,2022-11-04 13:00:00+00:00,1382.8
1662.0,147,2022-11-04 13:00:00+00:00,1382.8
1663.0,157,2022-11-04 13:00:00+00:00,1382.8
1664.0,163,2022-11-04 13:00:00+00:00,1382.8
1665.0,163,2022-11-08 09:00:00+00:00,1378.9
1666.0,150,2022-11-08 09:00:00+00:00,1378.9
1667.0,142,2022-11-08 09:00:00+00:00,1378.9
1668.0,137,2022-11-08 09:00:00+00:00,1378.9
1669.0,143,2022-11-08 09:00:00+00:00,1378.9
1670.0,139,2022-11-08 12:00:00+00:00,1378.8
1671.0,144,2022-11-08 13:00:00+00:00,1378.8
1672.0,140,2022-11-08 13:00:00+00:00,1378.8
1673.0,134,2022-11-08 14:00:00+00:00,1378.7
1674.0,136,2022-11-08 14:00:00+00:00,1378.7
1675.0,124,2022-11-08 14:00:00+00:00,1378.7
1676.0,110,2022-11-08 14:00:00+00:00,1378.7
1677.0,101,2022-11-08 14:00:00+00:00,1378.7
1678.0,97,2022-11-08 14:00:00+00:00,1378.7
1679.0,102,2022-11-08 15:00:00+00:00,1378.7
1680.0,100,2022-11-08 15:00:00+00:00,1378.7
1681.0,104,2022-11-08 15:00:00+00:00,1378.7
1682.0,106,2022-11-08 15:00:00+00:00,1378.7
1683.0,112,2022-11-08 15:00:00+00:00,1378.7
1684.0,113,2022-11-08 15:00:00+00:00,1378.7
1685.0,117,2022-11-08 15:00:00+00:00,1378.7
1686.0,111,2022-11-08 15:00:00+00:00,1378.7
1687.0,121,2022-11-08 15:00:00+00:00,1378.7
1688.0,118,2022-11-08 15:00:00+00:00,1378.7
1689.0,114,2022-11-08 15:00:00+00:00,1378.7
1690.0,95,2022-11-08 15:00:00+00:00,1378.7
1691.0,91,2022-11-08 15:00:00+00:00,1378.7
1692.0,109,2022-11-08 15:00:00+00:00,1378.7
1693.0,109,2022-11-08 15:00:00+00:00,1378.7
1694.0,119,2022-11-08 15:00:00+00:00,1378.7
1695.0,134,2022-11-08 15:00:00+00:00,1378.7
1696.0,148,2022-11-08 15:00:00+00:00,1378.7
1697.0,165,2022-11-08 15:00:00+00:00,1378.7
1698.0,164,2022-11-08 15:00:00+00:00,1378.7
1699.0,168,2022-11-08 15:00:00+00:00,1378.7
1700.0,164,2022-11-08 15:00:00+00:00,1378.7
1701.0,178,2022-11-08 15:00:00+00:00,1378.7
1702.0,203,2022-11-08 15:00:00+00:00,1378.7
1703.0,215,2022-11-09 19:00:00+00:00,1377.5
1704.0,220,2022-11-10 10:00:00+00:00,1376.9
1705.0,211,2022-11-10 10:00:00+00:00,1376.9
1706.0,225,2022-11-10 11:00:00+00:00,1376.8
1707.0,241,2022-11-10 12:00:00+00:00,1376.8
1708.0,244,2022-11-10 12:00:00+00:00,1376.8
1709.0,244,2022-11-10 13:00:00+00:00,1376.8
1710.0,267,2022-11-10 13:00:00+00:00,1376.8
1711.0,290,2022-11-10 13:00:00+00:00,1376.8
1712.0,302,2022-11-10 13:00:00+00:00,1376.8
1713.0,306,2022-11-10 13:00:00+00:00,1376.8
1714.0,297,2022-11-10 13:00:00+00:00,1376.8
1715.0,287,2022-11-10 13:00:00+00:00,1376.8
1716.0,285,2022-11-10 13:00:00+00:00,1376.8
1717.0,277,2022-11-10 13:00:00+00:00,1376.8
1718.0,264,2022-11-10 13:00:00+00:00,1376.8
1719.0,243,2022-11-10 13:00:00+00:00,1376.8
1720.0,220,2022-11-10 13:00:00+00:00,1376.8
1721.0,217,2022-11-10 13:00:00+00:00,1376.8
1722.0,238,2022-11-10 13:00:00+00:00,1376.8
1723.0,250,2022-11-10 13:00:00+00:00,1376.8
1724.0,285,2022-11-10 13:00:00+00:00,1376.8
1725.0,301,2022-11-10 13:00:00+00:00,1376.8
1726.0,328,2022-11-10 13:00:00+00:00,1376.8
1727.0,345,2022-11-23 13:00:00+00:00,1363.8
1728.0,318,2022-11-23 13:00:00+00:00,1363.8
1729.0,311,2022-11-23 13:00:00+00:00,1363.8
1730.0,294,2022-11-23 13:00:00+00:00,1363.8
1731.0,319,2022-11-23 13:00:00+00:00,1363.8
1732.0,329,2022-11-23 13:00:00+00:00,1363.8
1733.0,312,2022-11-23 13:00:00+00:00,1363.8
1734.0,319,2022-11-23 13:00:00+00:00,1363.8
1735.0,318,2022-11-23 13:00:00+00:00,1363.8
1736.0,307,2022-11-23 14:00:00+00:00,1363.7
1737.0,297,2022-11-23 14:00:00+00:00,1363.7
1738.0,281,2022-11-23 14:00:00+00:00,1363.7
1739.0,255,2022-11-23 15:00:00+00:00,1363.7
1740.0,239,2022-11-28 23:00:00+00:00,1358.3
1741.0,220,2022-11-29 01:00:00+00:00,1358.3
1742.0,205,2022-11-29 01:00:00+00:00,1358.3
1743.0,184,2022-11-29 01:00:00+00:00,1358.3
1744.0,180,2022-11-29 01:00:00+00:00,1358.3
1745.0,173,2022-11-30 18:00:00+00:00,1356.6
1746.0,168,2022-11-30 18:00:00+00:00,1356.6
1747.0,164,2022-11-30 18:00:00+00:00,1356.6
1748.0,163,2022-11-30 18:00:00+00:00,1356.6
1749.0,164,2022-11-30 18:00:00+00:00,1356.6
1750.0,178,2022-11-30 18:00:00+00:00,1356.6
1751.0,206,2022-11-30 18:00:00+00:00,1356.6
1752.0,214,2022-11-30 18:00:00+00:00,1356.6
1753.0,211,2022-11-30 18:00:00+00:00,1356.6
1754.0,218,2022-11-30 18:00:00+00:00,1356.6
1755.0,240,2022-11-30 18:00:00+00:00,1356.6
1756.0,245,2022-11-30 18:00:00+00:00,1356.6
1757.0,225,2022-11-30 18:00:00+00:00,1356.6
1758.0,216,2022-11-30 19:00:00+00:00,1356.5
1759.0,212,2022-11-30 19:00:00+00:00,1356.5
1760.0,214,2022-11-30 19:00:00+00:00,1356.5
1761.0,237,2022-11-30 19:00:00+00:00,1356.5
1762.0,262,2022-11-30 19:00:00+00:00,1356.5
1763.0,266,2022-11-30 19:00:00+00:00,1356.5
1764.0,253,2022-11-30 19:00:00+00:00,1356.5
1765.0,221,2022-11-30 19:00:00+00:00,1356.5
1766.0,220,2022-12-05 19:00:00+00:00,1351.5
1767.0,242,2022-12-05 21:00:00+00:00,1351.4
1768.0,267,2022-12-06 19:00:00+00:00,1350.5
1769.0,293,2022-12-07 01:00:00+00:00,1350.3
1770.0,286,2022-12-07 06:00:00+00:00,1350.1
1771.0,307,2022-12-07 12:00:00+00:00,1349.8
1772.0,336,2022-12-07 12:00:00+00:00,1349.8
1773.0,333,2022-12-07 12:00:00+00:00,1349.8
1774.0,351,2022-12-15 13:00:00+00:00,1341.8
1775.0,383,2022-12-16 09:00:00+00:00,1340.9
1776.0,397,2022-12-16 09:00:00+00:00,1340.9
1777.0,391,2022-12-16 09:00:00+00:00,1340.9
1778.0,429,2022-12-16 10:00:00+00:00,1340.9
1779.0,401,2022-12-16 10:00:00+00:00,1340.9
1780.0,362,2022-12-16 10:00:00+00:00,1340.9
1781.0,367,2022-12-16 11:00:00+00:00,1340.8
1782.0,397,2022-12-16 11:00:00+00:00,1340.8
1783.0,422,2022-12-16 14:00:00+00:00,1340.7
1784.0,423,2022-12-19 16:00:00+00:00,1337.6
1785.0,415,2022-12-22 18:00:00+00:00,1334.6
1786.0,423,2022-12-22 19:00:00+00:00,1334.5
1787.0,414,2022-12-22 19:00:00+00:00,1334.5
1788.0,389,2022-12-22 19:00:00+00:00,1334.5
1789.0,379,2022-12-22 20:00:00+00:00,1334.5
1790.0,356,2022-12-22 20:00:00+00:00,1334.5
1791.0,398,2022-12-22 20:00:00+00:00,1334.5
1792.0,432,2022-12-23 15:00:00+00:00,1333.7
1793.0,446,2022-12-23 15:00:00+00:00,1333.7
1794.0,429,2022-12-23 18:00:00+00:00,1333.6
1795.0,418,2022-12-23 18:00:00+00:00,1333.6
1796.0,371,2022-12-23 20:00:00+00:00,1333.5
1797.0,389,2022-12-28 16:00:00+00:00,1328.6
1798.0,379,2022-12-28 16:00:00+00:00,1328.6
1799.0,353,2022-12-28 16:00:00+00:00,1328.6
1800.0,332,2022-12-28 16:00:00+00:00,1328.6
1801.0,336,2022-12-28 16:00:00+00:00,1328.6
1802.0,355,2022-12-28 17:00:00+00:00,1328.6
1803.0,351,2022-12-28 20:00:00+00:00,1328.5
1804.0,369,2022-12-28 23:00:00+00:00,1328.3
1805.0,361,2023-02-28 08:00:00+00:00,1267.0
1806.0,411,2023-02-28 08:00:00+00:00,1267.0
1807.0,449,2023-02-28 08:00:00+00:00,1267.0
1808.0,455,2023-02-28 13:00:00+00:00,1266.8
1809.0,453,2023-02-28 13:00:00+00:00,1266.8
1810.0,441,2023-03-08 04:00:00+00:00,1259.1
1811.0,427,2023-10-06 12:00:00+00:00,1046.8
1812.0,386,2023-10-06 12:00:00+00:00,1046.8
1813.0,397,2023-10-06 12:00:00+00:00,1046.8
1814.0,401,2023-10-06 13:00:00+00:00,1046.8
1815.0,374,2023-10-06 13:00:00+00:00,1046.8
1816.0,340,2023-10-06 13:00:00+00:00,1046.8
1817.0,336,2023-10-06 13:00:00+00:00,1046.8
1818.0,332,2023-10-06 13:00:00+00:00,1046.8
1819.0,309,2023-10-06 13:00:00+00:00,1046.8
1820.0,296,2023-10-06 13:00:00+00:00,1046.8
1821.0,294,2023-10-06 14:00:00+00:00,1046.7
1822.0,313,2023-10-06 14:00:00+00:00,1046.7
1823.0,332,2023-10-06 14:00:00+00:00,1046.7
1824.0,349,2023-10-06 15:00:00+00:00,1046.7
1825.0,343,2023-10-06 15:00:00+00:00,1046.7
1826.0,348,2023-10-06 15:00:00+00:00,1046.7
1827.0,318,2023-10-06 15:00:00+00:00,1046.7
1828.0,283,2023-10-06 15:00:00+00:00,1046.7
1829.0,263,2023-10-06 20:00:00+00:00,1046.5
1830.0,255,2023-10-06 20:00:00+00:00,1046.5
1831.0,261,2023-10-06 20:00:00+00:00,1046.5
1832.0,277,2023-10-06 20:00:00+00:00,1046.5
1833.0,320,2023-10-06 18:00:00+00:00,1046.6
1834.0,343,2023-10-06 15:00:00+00:00,1046.7
1835.0,365,2023-10-02 14:00:00+00:00,1050.7
1836.0,384,2023-10-02 14:00:00+00:00,1050.7
1837.0,391,2023-10-02 13:00:00+00:00,1050.8
1838.0,394,2023-10-02 13:00:00+00:00,1050.8
1839.0,391,2023-10-02 12:00:00+00:00,1050.8
1840.0,380,2023-10-02 12:00:00+00:00,1050.8
1841.0,362,2023-10-02 08:00:00+00:00,1051.0
1842.0,349,2023-10-02 08:00:00+00:00,1051.0
1843.0,313,2023-10-02 08:00:00+00:00,1051.0
1844.0,273,2023-10-02 07:00:00+00:00,1051.0
1845.0,276,2023-10-09 13:00:00+00:00,1043.8
1846.0,295,2023-10-09 14:00:00+00:00,1043.7
1847.0,301,2023-10-09 14:00:00+00:00,1043.7
1848.0,283,2023-10-09 14:00:00+00:00,1043.7
1849.0,286,2023-10-09 16:00:00+00:00,1043.6
1850.0,282,2023-10-09 17:00:00+00:00,1043.6
1851.0,298,2023-10-09 17:00:00+00:00,1043.6
1852.0,324,2023-10-09 17:00:00+00:00,1043.6
1853.0,348,2023-10-10 12:00:00+00:00,1042.8
1854.0,353,2023-10-10 14:00:00+00:00,1042.7
1855.0,345,2023-10-10 14:00:00+00:00,1042.7
1856.0,335,2023-10-10 15:00:00+00:00,1042.7
1857.0,327,2023-10-10 15:00:00+00:00,1042.7
1858.0,330,2023-10-10 15:00:00+00:00,1042.7
1859.0,340,2023-10-11 06:00:00+00:00,1042.1
1860.0,347,2023-10-11 06:00:00+00:00,1042.1
1861.0,347,2023-10-11 06:00:00+00:00,1042.1
1862.0,359,2023-10-11 06:00:00+00:00,1042.1
1863.0,366,2023-10-11 07:00:00+00:00,1042.0
1864.0,364,2023-10-11 07:00:00+00:00,1042.0
1865.0,337,2023-10-11 07:00:00+00:00,1042.0
1866.0,323,2023-10-11 07:00:00+00:00,1042.0
1867.0,295,2023-10-11 08:00:00+00:00,1042.0
1868.0,291,2023-10-12 18:00:00+00:00,1040.6
1869.0,293,2023-10-12 20:00:00+00:00,1040.5
1870.0,284,2023-10-12 23:00:00+00:00,1040.3
1871.0,284,2023-10-13 00:00:00+00:00,1040.3
1872.0,287,2023-10-13 02:00:00+00:00,1040.2
1873.0,276,2023-10-13 03:00:00+00:00,1040.2
1874.0,264,2023-10-13 04:00:00+00:00,1040.1
1875.0,274,2023-10-13 04:00:00+00:00,1040.1
1876.0,308,2023-10-13 06:00:00+00:00,1040.1
1877.0,315,2023-10-13 07:00:00+00:00,1040.0
1878.0,307,2023-10-13 07:00:00+00:00,1040.0
1879.0,290,2023-10-13 07:00:00+00:00,1040.0
1880.0,264,2023-10-13 07:00:00+00:00,1040.0
1881.0,264,2023-10-13 07:00:00+00:00,1040.0
1882.0,269,2023-10-13 08:00:00+00:00,1040.0
1883.0,259,2023-10-13 09:00:00+00:00,1039.9
1884.0,257,2023-10-13 09:00:00+00:00,1039.9
1885.0,246,2023-10-13 09:00:00+00:00,1039.9
1886.0,252,2023-10-13 09:00:00+00:00,1039.9
1887.0,250,2023-10-13 10:00:00+00:00,1039.9
1888.0,257,2023-10-13 11:00:00+00:00,1039.8
1889.0,261,2023-10-13 11:00:00+00:00,1039.8
1890.0,249,2023-10-13 11:00:00+00:00,1039.8
1891.0,250,2023-10-13 11:00:00+00:00,1039.8
1892.0,272,2023-10-13 11:00:00+00:00,1039.8
1893.0,299,2023-10-13 11:00:00+00:00,1039.8
1894.0,295,2023-10-13 11:00:00+00:00,1039.8
1895.0,306,2023-10-13 11:00:00+00:00,1039.8
1896.0,295,2023-10-13 11:00:00+00:00,1039.8
1897.0,300,2023-10-13 12:00:00+00:00,1039.8
1898.0,296,2023-10-13 12:00:00+00:00,1039.8
1899.0,292,2023-10-13 12:00:00+00:00,1039.8
1900.0,287,2023-10-13 12:00:00+00:00,1039.8
1901.0,294,2023-10-13 12:00:00+00:00,1039.8
1902.0,305,2023-10-13 12:00:00+00:00,1039.8
1903.0,313,2023-10-13 12:00:00+00:00,1039.8
1904.0,314,2023-10-13 12:00:00+00:00,1039.8
1905.0,318,2023-10-13 12:00:00+00:00,1039.8
1906.0,320,2023-10-13 13:00:00+00:00,1039.8
1907.0,323,2023-10-13 13:00:00+00:00,1039.8
1908.0,343,2023-10-13 14:00:00+00:00,1039.7
1909.0,330,2023-10-16 07:00:00+00:00,1037.0
1910.0,323,2023-10-16 08:00:00+00:00,1037.0
1911.0,309,2023-10-16 08:00:00+00:00,1037.0
1912.0,306,2023-10-16 09:00:00+00:00,1036.9
1913.0,308,2023-10-17 02:00:00+00:00,1036.2
1914.0,300,2023-10-17 02:00:00+00:00,1036.2
1915.0,317,2023-10-17 05:00:00+00:00,1036.1
1916.0,339,2023-10-17 06:00:00+00:00,1036.1
1917.0,346,2023-10-17 06:00:00+00:00,1036.1
1918.0,345,2023-10-17 07:00:00+00:00,1036.0
1919.0,356,2023-10-17 09:00:00+00:00,1035.9
1920.0,362,2023-10-17 18:00:00+00:00,1035.6
1921.0,341,2023-10-17 18:00:00+00:00,1035.6
1922.0,348,2023-11-12 23:00:00+00:00,1009.3
1923.0,420,2023-11-12 23:00:00+00:00,1009.3
1924.0,444,2023-11-12 23:00:00+00:00,1009.3
1925.0,483,2023-11-12 23:00:00+00:00,1009.3
1926.0,462,2023-11-12 23:00:00+00:00,1009.3
1927.0,452,2023-11-12 23:00:00+00:00,1009.3
1928.0,449,2023-11-12 23:00:00+00:00,1009.3
1929.0,433,2023-11-12 23:00:00+00:00,1009.3
1930.0,430,2023-11-12 23:00:00+00:00,1009.3
1931.0,418,2023-11-12 23:00:00+00:00,1009.3
1932.0,409,2023-11-13 15:00:00+00:00,1008.7
1933.0,408,2023-11-13 15:00:00+00:00,1008.7
1934.0,399,2023-11-13 15:00:00+00:00,1008.7
1935.0,407,2023-11-13 15:00:00+00:00,1008.7
1936.0,385,2023-11-13 15:00:00+00:00,1008.7
1937.0,364,2023-11-13 15:00:00+00:00,1008.7
1938.0,335,2023-11-14 13:00:00+00:00,1007.8
1939.0,307,2023-11-14 13:00:00+00:00,1007.8
1940.0,325,2023-11-14 13:00:00+00:00,1007.8
1941.0,339,2023-11-14 13:00:00+00:00,1007.8
1942.0,357,2023-11-14 13:00:00+00:00,1007.8
1943.0,371,2023-11-14 13:00:00+00:00,1007.8
1944.0,378,2023-11-14 13:00:00+00:00,1007.8
1945.0,404,2023-11-14 13:00:00+00:00,1007.8
1946.0,388,2023-11-14 13:00:00+00:00,1007.8
1947.0,362,2023-11-14 13:00:00+00:00,1007.8
1948.0,332,2023-11-14 13:00:00+00:00,1007.8
1949.0,303,2023-11-14 13:00:00+00:00,1007.8
1950.0,290,2023-11-14 13:00:00+00:00,1007.8
1951.0,301,2023-11-14 13:00:00+00:00,1007.8
1952.0,311,2023-11-14 13:00:00+00:00,1007.8
1953.0,310,2023-11-14 13:00:00+00:00,1007.8
1954.0,310,2023-11-14 14:00:00+00:00,1007.7
1955.0,326,2023-11-14 14:00:00+00:00,1007.7
1956.0,336,2023-11-15 14:00:00+00:00,1006.7
1957.0,347,2023-11-16 02:00:00+00:00,1006.2
1958.0,352,2023-11-16 02:00:00+00:00,1006.2
1959.0,335,2023-11-16 02:00:00+00:00,1006.2
1960.0,320,2023-11-16 02:00:00+00:00,1006.2
1961.0,325,2023-11-16 04:00:00+00:00,1006.1
1962.0,316,2023-11-16 04:00:00+00:00,1006.1
1963.0,319,2023-11-16 12:00:00+00:00,1005.8
1964.0,306,2023-11-16 12:00:00+00:00,1005.8
1965.0,281,2023-11-16 13:00:00+00:00,1005.8
1966.0,263,2023-11-20 14:00:00+00:00,1001.7
1967.0,236,2023-11-20 14:00:00+00:00,1001.7
1968.0,224,2023-11-20 14:00:00+00:00,1001.7
1969.0,209,2023-11-20 15:00:00+00:00,1001.7
1970.0,209,2023-11-20 15:00:00+00:00,1001.7
1971.0,214,2023-11-20 15:00:00+00:00,1001.7
1972.0,240,2023-11-20 16:00:00+00:00,1001.6
1973.0,254,2023-11-20 17:00:00+00:00,1001.6
1974.0,248,2023-12-13 07:00:00+00:00,979.0
1975.0,273,2023-12-13 07:00:00+00:00,979.0
1976.0,282,2023-12-13 07:00:00+00:00,979.0
1977.0,300,2023-12-13 07:00:00+00:00,979.0
1978.0,296,2023-12-13 07:00:00+00:00,979.0
1979.0,267,2023-12-13 15:00:00+00:00,978.7
1980.0,269,2023-12-13 18:00:00+00:00,978.6
1981.0,266,2023-12-13 18:00:00+00:00,978.6
1982.0,275,2023-12-13 19:00:00+00:00,978.5
1983.0,267,2023-12-13 19:00:00+00:00,978.5
1984.0,274,2023-12-13 19:00:00+00:00,978.5
1985.0,262,2024-02-14 15:00:00+00:00,915.7
1986.0,244,2024-02-14 15:00:00+00:00,915.7
1987.0,238,2024-02-14 15:00:00+00:00,915.7
1988.0,229,2024-02-14 16:00:00+00:00,915.6
1989.0,214,2024-02-14 16:00:00+00:00,915.6
1990.0,210,2024-02-14 20:00:00+00:00,915.5
1991.0,210,2024-02-15 04:00:00+00:00,915.1
1992.0,219,2024-02-15 06:00:00+00:00,915.1
1993.0,213,2024-02-15 07:00:00+00:00,915.0
1994.0,194,2024-02-15 09:00:00+00:00,914.9
1995.0,187,2024-02-15 09:00:00+00:00,914.9
1996.0,185,2024-02-16 14:00:00+00:00,913.7
1997.0,170,2024-02-16 14:00:00+00:00,913.7
1998.0,166,2024-02-18 23:00:00+00:00,911.3
1999.0,165,2024-02-18 23:00:00+00:00,911.3
2000.0,153,2024-02-18 23:00:00+00:00,911.3
2001.0,140,2024-02-18 23:00:00+00:00,911.3
2002.0,138,2024-02-18 23:00:00+00:00,911.3
2003.0,144,2024-02-18 23:00:00+00:00,911.3
2004.0,154,2024-02-18 23:00:00+00:00,911.3
2005.0,139,2024-02-18 23:00:00+00:00,911.3
2006.0,119,2024-02-18 23:00:00+00:00,911.3
2007.0,102,2024-02-18 23:00:00+00:00,911.3
2008.0,99,2024-02-18 23:00:00+00:00,911.3
2009.0,106,2024-02-18 23:00:00+00:00,911.3
2010.0,101,2024-02-19 00:00:00+00:00,911.3
2011.0,102,2024-02-19 00:00:00+00:00,911.3
2012.0,112,2024-02-19 00:00:00+00:00,911.3
2013.0,112,2024-02-19 00:00:00+00:00,911.3
2014.0,132,2024-02-19 16:00:00+00:00,910.6
2015.0,160,2024-02-20 00:00:00+00:00,910.3
2016.0,173,2024-02-23 09:00:00+00:00,906.9
2017.0,161,2024-02-23 10:00:00+00:00,906.9
2018.0,158,2024-02-23 10:00:00+00:00,906.9
2019.0,156,2024-02-23 10:00:00+00:00,906.9
2020.0,157,2024-02-23 10:00:00+00:00,906.9
2021.0,181,2024-02-23 10:00:00+00:00,906.9
2022.0,203,2024-02-23 10:00:00+00:00,906.9
2023.0,219,2024-02-23 11:00:00+00:00,906.8
2024.0,235,2024-02-23 12:00:00+00:00,906.8
2025.0,233,2024-02-28 10:00:00+00:00,901.9
2026.0,242,2024-02-28 10:00:00+00:00,901.9
2027.0,250,2024-02-28 12:00:00+00:00,901.8
2028.0,248,2024-02-28 12:00:00+00:00,901.8
2029.0,253,2024-02-29 12:00:00+00:00,900.8
2030.0,243,2024-02-29 12:00:00+00:00,900.8
2031.0,253,2024-02-29 13:00:00+00:00,900.8
2032.0,264,2024-02-29 13:00:00+00:00,900.8
2033.0,270,2024-02-29 13:00:00+00:00,900.8
2034.0,267,2024-02-29 13:00:00+00:00,900.8
2035.0,250,2024-02-29 13:00:00+00:00,900.8
2036.0,224,2024-02-29 13:00:00+00:00,900.8
2037.0,203,2024-02-29 13:00:00+00:00,900.8
2038.0,181,2024-02-29 13:00:00+00:00,900.8
2039.0,160,2024-02-29 13:00:00+00:00,900.8
2040.0,167,2024-03-01 09:00:00+00:00,899.9
2041.0,154,2024-03-01 09:00:00+00:00,899.9
2042.0,148,2024-03-01 09:00:00+00:00,899.9
2043.0,145,2024-03-01 09:00:00+00:00,899.9
2044.0,147,2024-03-01 09:00:00+00:00,899.9
2045.0,139,2024-03-01 09:00:00+00:00,899.9
2046.0,125,2024-03-01 14:00:00+00:00,899.7
2047.0,107,2024-03-01 15:00:00+00:00,899.7
2048.0,104,2024-03-01 15:00:00+00:00,899.7
2049.0,90,2024-03-01 15:00:00+00:00,899.7
2050.0,80,2024-03-01 15:00:00+00:00,899.7
2051.0,62,2024-03-01 15:00:00+00:00,899.7
2052.0,65,2024-03-01 15:00:00+00:00,899.7
2053.0,75,2024-03-01 15:00:00+00:00,899.7
2054.0,84,2024-03-01 15:00:00+00:00,899.7
2055.0,84,2024-03-01 15:00:00+00:00,899.7
2056.0,69,2024-03-01 15:00:00+00:00,899.7
2057.0,57,2024-03-01 15:00:00+00:00,899.7
2058.0,52,2024-03-01 15:00:00+00:00,899.7
2059.0,54,2024-03-01 15:00:00+00:00,899.7
2060.0,49,2024-03-01 15:00:00+00:00,899.7
2061.0,48,2024-03-01 15:00:00+00:00,899.7
2062.0,56,2024-03-01 15:00:00+00:00,899.7
2063.0,55,2024-03-01 15:00:00+00:00,899.7
2064.0,56,2024-03-01 15:00:00+00:00,899.7
2065.0,61,2024-03-01 15:00:00+00:00,899.7
2066.0,62,2024-03-01 15:00:00+00:00,899.7
2067.0,57,2024-03-01 15:00:00+00:00,899.7
2068.0,48,2024-03-01 15:00:00+00:00,899.7
2069.0,45,2024-03-01 15:00:00+00:00,899.7
2070.0,38,2024-03-01 16:00:00+00:00,899.6
2071.0,23,2024-03-01 16:00:00+00:00,899.6
2072.0,21,2024-03-01 16:00:00+00:00,899.6
2073.0,22,2024-03-01 16:00:00+00:00,899.6
2074.0,23,2024-03-01 16:00:00+00:00,899.6
2075.0,21,2024-03-01 16:00:00+00:00,899.6
2076.0,23,2024-03-01 16:00:00+00:00,899.6
2077.0,21,2024-03-01 16:00:00+00:00,899.6
2078.0,20,2024-03-01 16:00:00+00:00,899.6
2079.0,13,2024-03-01 16:00:00+00:00,899.6
2080.0,14,2024-03-04 02:00:00+00:00,897.2
2081.0,17,2024-03-04 05:00:00+00:00,897.1
2082.0,16,2024-03-04 13:00:00+00:00,896.8
2083.0,18,2024-03-04 13:00:00+00:00,896.8
2084.0,21,2024-03-04 13:00:00+00:00,896.8
2085.0,22,2024-03-04 13:00:00+00:00,896.8
2086.0,22,2024-03-04 13:00:00+00:00,896.8
2087.0,16,2024-03-04 13:00:00+00:00,896.8
2088.0,10,2024-03-04 13:00:00+00:00,896.8
2089.0,5,2024-03-04 13:00:00+00:00,896.8
2090.0,4,2024-03-04 13:00:00+00:00,896.8
2091.0,5,2024-03-04 14:00:00+00:00,896.7
2092.0,5,2024-03-04 14:00:00+00:00,896.7
2093.0,5,2024-03-04 14:00:00+00:00,896.7
2094.0,4,2024-03-04 14:00:00+00:00,896.7
2095.0,4,2024-03-04 14:00:00+00:00,896.7
2096.0,4,2024-03-04 14:00:00+00:00,896.7
2097.0,4,2024-03-04 14:00:00+00:00,896.7
2098.0,5,2024-03-04 15:00:00+00:00,896.7
2099.0,4,2024-03-04 15:00:00+00:00,896.7
2100.0,4,2024-03-04 15:00:00+00:00,896.7
2101.0,4,2024-03-04 15:00:00+00:00,896.7
2102.0,3,2024-03-04 15:00:00+00:00,896.7
2103.0,3,2024-03-04 15:00:00+00:00,896.7
2104.0,3,2024-03-04 15:00:00+00:00,896.7
2105.0,3,2024-03-04 15:00:00+00:00,896.7
2106.0,3,2024-03-04 15:00:00+00:00,896.7
2107.0,3,2024-03-04 15:00:00+00:00,896.7
2108.0,4,2024-03-04 16:00:00+00:00,896.6
2109.0,4,2024-03-04 16:00:00+00:00,896.6
2110.0,3,2024-03-04 16:00:00+00:00,896.6
2111.0,4,2024-03-05 01:00:00+00:00,896.3
2112.0,6,2024-03-05 03:00:00+00:00,896.2
2113.0,7,2024-03-05 04:00:00+00:00,896.1
2114.0,10,2024-03-05 07:00:00+00:00,896.0
2115.0,13,2024-03-05 08:00:00+00:00,896.0
2116.0,13,2024-03-05 08:00:00+00:00,896.0
2117.0,12,2024-03-05 08:00:00+00:00,896.0
2118.0,9,2024-03-05 08:00:00+00:00,896.0
2119.0,8,2024-03-05 09:00:00+00:00,895.9
2120.0,4,2024-03-05 09:00:00+00:00,895.9
2121.0,3,2024-03-05 09:00:00+00:00,895.9
2122.0,4,2024-03-05 12:00:00+00:00,895.8
2123.0,6,2024-03-05 13:00:00+00:00,895.8
2124.0,10,2024-03-06 03:00:00+00:00,895.2
2125.0,16,2024-03-06 10:00:00+00:00,894.9
2126.0,17,2024-03-06 11:00:00+00:00,894.8
2127.0,17,2024-03-06 11:00:00+00:00,894.8
2128.0,14,2024-03-06 11:00:00+00:00,894.8
2129.0,11,2024-03-06 11:00:00+00:00,894.8
2130.0,11,2024-03-06 11:00:00+00:00,894.8
2131.0,9,2024-03-06 12:00:00+00:00,894.8
2132.0,10,2024-03-06 15:00:00+00:00,894.7
2133.0,9,2024-03-06 15:00:00+00:00,894.7
2134.0,7,2024-03-06 15:00:00+00:00,894.7
2135.0,6,2024-03-06 15:00:00+00:00,894.7
2136.0,6,2024-03-06 15:00:00+00:00,894.7
2137.0,6,2024-03-06 15:00:00+00:00,894.7
2138.0,6,2024-03-06 15:00:00+00:00,894.7
2139.0,6,2024-03-06 15:00:00+00:00,894.7
2140.0,5,2024-03-06 19:00:00+00:00,894.5
2141.0,6,2024-03-06 19:00:00+00:00,894.5
2142.0,6,2024-03-06 19:00:00+00:00,894.5
2143.0,6,2024-03-06 19:00:00+00:00,894.5
2144.0,8,2024-03-06 20:00:00+00:00,894.5
2145.0,9,2024-03-07 01:00:00+00:00,894.3
2146.0,10,2024-03-07 02:00:00+00:00,894.2
2147.0,16,2024-03-18 06:00:00+00:00,883.1
2148.0,17,2024-03-19 08:00:00+00:00,882.0
2149.0,14,2024-03-19 14:00:00+00:00,881.7
2150.0,11,2024-03-20 12:00:00+00:00,880.8
2151.0,17,2024-03-20 13:00:00+00:00,880.8
2152.0,21,2024-03-20 13:00:00+00:00,880.8
2153.0,24,2024-03-20 13:00:00+00:00,880.8
2154.0,33,2024-03-20 13:00:00+00:00,880.8
2155.0,42,2024-03-20 15:00:00+00:00,880.7
2156.0,45,2024-03-20 16:00:00+00:00,880.6
2157.0,61,2024-03-20 17:00:00+00:00,880.6
2158.0,69,2024-03-22 17:00:00+00:00,878.6
2159.0,62,2024-03-22 18:00:00+00:00,878.6
2160.0,58,2024-03-22 18:00:00+00:00,878.6
2161.0,48,2024-03-22 18:00:00+00:00,878.6
2162.0,45,2024-03-22 19:00:00+00:00,878.5
2163.0,36,2024-03-22 19:00:00+00:00,878.5
2164.0,35,2024-03-25 08:00:00+00:00,876.0
2165.0,31,2024-03-25 09:00:00+00:00,875.9
2166.0,36,2024-03-25 09:00:00+00:00,875.9
2167.0,37,2024-03-25 09:00:00+00:00,875.9
2168.0,43,2024-03-26 01:00:00+00:00,875.3
2169.0,43,2024-03-26 01:00:00+00:00,875.3
2170.0,37,2024-03-26 07:00:00+00:00,875.0
2171.0,36,2024-03-26 07:00:00+00:00,875.0
2172.0,35,2024-03-26 15:00:00+00:00,874.7
2173.0,40,2024-03-26 15:00:00+00:00,874.7
2174.0,44,2024-03-27 01:00:00+00:00,874.3
2175.0,46,2024-03-27 02:00:00+00:00,874.2
2176.0,50,2024-03-27 05:00:00+00:00,874.1
2177.0,56,2024-03-27 09:00:00+00:00,873.9
2178.0,54,2024-03-27 09:00:00+00:00,873.9
2179.0,54,2024-03-27 09:00:00+00:00,873.9
2180.0,45,2024-03-27 09:00:00+00:00,873.9
2181.0,41,2024-03-27 09:00:00+00:00,873.9
2182.0,35,2024-03-27 09:00:00+00:00,873.9
2183.0,30,2024-03-27 09:00:00+00:00,873.9
2184.0,22,2024-03-27 13:00:00+00:00,873.8
2185.0,17,2024-03-27 13:00:00+00:00,873.8
2186.0,13,2024-03-27 13:00:00+00:00,873.8
2187.0,12,2024-03-27 13:00:00+00:00,873.8
2188.0,14,2024-03-28 01:00:00+00:00,873.3
2189.0,16,2024-03-28 01:00:00+00:00,873.3
2190.0,19,2024-03-28 02:00:00+00:00,873.2
2191.0,21,2024-03-28 08:00:00+00:00,873.0
2192.0,21,2024-03-28 08:00:00+00:00,873.0
2193.0,21,2024-03-28 09:00:00+00:00,872.9
2194.0,19,2024-03-28 09:00:00+00:00,872.9
2195.0,18,2024-03-28 09:00:00+00:00,872.9
2196.0,14,2024-03-28 09:00:00+00:00,872.9
2197.0,14,2024-03-28 09:00:00+00:00,872.9
2198.0,12,2024-03-28 10:00:00+00:00,872.9
2199.0,10,2024-03-28 10:00:00+00:00,872.9
2200.0,10,2024-03-28 10:00:00+00:00,872.9
2201.0,8,2024-03-28 10:00:00+00:00,872.9
2202.0,11,2024-03-28 10:00:00+00:00,872.9
2203.0,13,2024-03-28 13:00:00+00:00,872.8
2204.0,13,2024-03-28 13:00:00+00:00,872.8
2205.0,13,2024-03-28 14:00:00+00:00,872.7
2206.0,14,2024-03-28 14:00:00+00:00,872.7
2207.0,12,2024-03-28 14:00:00+00:00,872.7
2208.0,13,2024-03-28 14:00:00+00:00,872.7
2209.0,10,2024-03-28 14:00:00+00:00,872.7
2210.0,9,2024-03-28 14:00:00+00:00,872.7
2211.0,8,2024-03-28 14:00:00+00:00,872.7
2212.0,6,2024-03-28 14:00:00+00:00,872.7
2213.0,6,2024-03-28 15:00:00+00:00,872.7
2214.0,5,2024-03-28 16:00:00+00:00,872.6
2215.0,4,2024-03-28 16:00:00+00:00,872.6
2216.0,4,2024-03-28 16:00:00+00:00,872.6
2217.0,3,2024-03-28 17:00:00+00:00,872.6
2218.0,3,2024-03-28 19:00:00+00:00,872.5
2219.0,4,2024-03-28 19:00:00+00:00,872.5
2220.0,5,2024-03-28 20:00:00+00:00,872.5
2221.0,5,2024-03-28 20:00:00+00:00,872.5
2222.0,5,2024-03-28 20:00:00+00:00,872.5
2223.0,3,2024-03-28 20:00:00+00:00,872.5
2224.0,2,2024-03-28 20:00:00+00:00,872.5
2225.0,2,2024-03-28 20:00:00+00:00,872.5
2226.0,1,2024-03-28 20:00:00+00:00,872.5
2227.0,1,2024-03-28 20:00:00+00:00,872.5
2228.0,1,2024-03-28 20:00:00+00:00,872.5
2229.0,2,2024-04-01 14:00:00+00:00,868.7
2230.0,2,2024-04-01 14:00:00+00:00,868.7
2231.0,2,2024-04-01 14:00:00+00:00,868.7
2232.0,2,2024-04-01 14:00:00+00:00,868.7
2233.0,2,2024-04-01 14:00:00+00:00,868.7
2234.0,3,2024-04-01 15:00:00+00:00,868.7
2235.0,4,2024-04-01 17:00:00+00:00,868.6
2236.0,6,2024-04-01 17:00:00+00:00,868.6
2237.0,5,2024-04-01 17:00:00+00:00,868.6
2238.0,6,2024-04-01 17:00:00+00:00,868.6
2239.0,8,2024-04-01 19:00:00+00:00,868.5
2240.0,8,2024-04-01 19:00:00+00:00,868.5
2241.0,7,2024-04-01 19:00:00+00:00,868.5
2242.0,6,2024-04-01 19:00:00+00:00,868.5
2243.0,7,2024-04-01 20:00:00+00:00,868.5
2244.0,7,2024-04-01 20:00:00+00:00,868.5
2245.0,6,2024-04-01 20:00:00+00:00,868.5
2246.0,7,2024-04-01 20:00:00+00:00,868.5
2247.0,8,2024-04-02 01:00:00+00:00,868.3
2248.0,9,2024-04-02 02:00:00+00:00,868.2
2249.0,11,2024-04-02 02:00:00+00:00,868.2
2250.0,12,2024-04-02 02:00:00+00:00,868.2
2251.0,13,2024-04-02 15:00:00+00:00,867.7
2252.0,13,2024-04-02 15:00:00+00:00,867.7
2253.0,14,2024-04-02 15:00:00+00:00,867.7
2254.0,13,2024-04-02 15:00:00+00:00,867.7
2255.0,16,2024-04-02 16:00:00+00:00,867.6
2256.0,16,2024-04-02 16:00:00+00:00,867.6
2257.0,17,2024-04-02 16:00:00+00:00,867.6
2258.0,16,2024-04-02 16:00:00+00:00,867.6
2259.0,16,2024-04-02 16:00:00+00:00,867.6
2260.0,16,2024-04-02 17:00:00+00:00,867.6
2261.0,15,2024-04-02 17:00:00+00:00,867.6
2262.0,12,2024-04-02 17:00:00+00:00,867.6
2263.0,9,2024-04-02 17:00:00+00:00,867.6
2264.0,7,2024-04-02 17:00:00+00:00,867.6
2265.0,6,2024-04-02 17:00:00+00:00,867.6
2266.0,6,2024-04-03 12:00:00+00:00,866.8
2267.0,3,2024-04-03 12:00:00+00:00,866.8
2268.0,5,2024-04-05 01:00:00+00:00,865.3
2269.0,6,2024-04-05 01:00:00+00:00,865.3
2270.0,8,2024-04-05 01:00:00+00:00,865.3
2271.0,11,2024-04-05 02:00:00+00:00,865.2
2272.0,12,2024-04-05 02:00:00+00:00,865.2
2273.0,11,2024-04-05 02:00:00+00:00,865.2
2274.0,11,2024-04-05 03:00:00+00:00,865.2
2275.0,9,2024-04-05 03:00:00+00:00,865.2
2276.0,9,2024-04-05 03:00:00+00:00,865.2
2277.0,10,2024-04-05 06:00:00+00:00,865.1
2278.0,13,2024-05-03 13:00:00+00:00,836.8
2279.0,12,2024-05-03 13:00:00+00:00,836.8
2280.0,13,2024-05-03 13:00:00+00:00,836.8
2281.0,18,2024-05-03 13:00:00+00:00,836.8
2282.0,19,2024-05-03 13:00:00+00:00,836.8
2283.0,21,2024-05-03 13:00:00+00:00,836.8
2284.0,23,2024-05-03 14:00:00+00:00,836.7
2285.0,25,2024-05-03 14:00:00+00:00,836.7
2286.0,23,2024-05-03 14:00:00+00:00,836.7
2287.0,30,2024-06-07 20:00:00+00:00,801.5
2288.0,32,2024-06-10 06:00:00+00:00,799.1
2289.0,31,2024-06-10 06:00:00+00:00,799.1
2290.0,34,2024-06-10 06:00:00+00:00,799.1
2291.0,38,2024-06-10 07:00:00+00:00,799.0
2292.0,39,2024-06-10 09:00:00+00:00,798.9
2293.0,44,2024-06-10 09:00:00+00:00,798.9
2294.0,45,2024-06-26 13:00:00+00:00,782.8
2295.0,46,2024-06-26 13:00:00+00:00,782.8
2296.0,52,2024-06-26 15:00:00+00:00,782.7
2297.0,58,2024-06-27 06:00:00+00:00,782.1
2298.0,65,2024-06-27 06:00:00+00:00,782.1
2299.0,73,2024-06-27 06:00:00+00:00,782.1
2300.0,72,2024-06-27 07:00:00+00:00,782.0
2301.0,70,2024-06-27 07:00:00+00:00,782.0
2302.0,76,2024-06-27 08:00:00+00:00,782.0
2303.0,72,2024-06-27 08:00:00+00:00,782.0
2304.0,66,2024-06-27 08:00:00+00:00,782.0
2305.0,59,2024-06-27 08:00:00+00:00,782.0
2306.0,62,2024-06-27 08:00:00+00:00,782.0
2307.0,67,2024-06-27 08:00:00+00:00,782.0
2308.0,73,2024-06-27 09:00:00+00:00,781.9
2309.0,74,2024-06-27 09:00:00+00:00,781.9
2310.0,83,2024-06-27 09:00:00+00:00,781.9
2311.0,85,2024-06-27 09:00:00+00:00,781.9
2312.0,87,2024-06-27 09:00:00+00:00,781.9
2313.0,106,2024-06-27 10:00:00+00:00,781.9
2314.0,115,2024-06-27 11:00:00+00:00,781.8
2315.0,112,2024-06-27 11:00:00+00:00,781.8
2316.0,117,2024-06-27 11:00:00+00:00,781.8
2317.0,114,2024-06-27 12:00:00+00:00,781.8
2318.0,109,2024-06-27 12:00:00+00:00,781.8
2319.0,113,2024-07-01 05:00:00+00:00,778.1
2320.0,119,2024-07-02 12:00:00+00:00,776.8
2321.0,127,2024-07-02 16:00:00+00:00,776.6
2322.0,133,2024-07-02 16:00:00+00:00,776.6
2323.0,139,2024-07-02 17:00:00+00:00,776.6
2324.0,151,2024-07-02 17:00:00+00:00,776.6
2325.0,171,2024-07-02 18:00:00+00:00,776.6
2326.0,176,2024-07-02 18:00:00+00:00,776.6
2327.0,181,2024-07-03 02:00:00+00:00,776.2
2328.0,188,2024-07-03 02:00:00+00:00,776.2
2329.0,179,2024-07-03 03:00:00+00:00,776.2
2330.0,175,2024-07-03 03:00:00+00:00,776.2
2331.0,154,2024-07-03 03:00:00+00:00,776.2
2332.0,152,2024-07-03 05:00:00+00:00,776.1
2333.0,155,2024-07-03 06:00:00+00:00,776.1
2334.0,148,2024-07-03 06:00:00+00:00,776.1
2335.0,137,2024-07-03 06:00:00+00:00,776.1
2336.0,133,2024-07-03 06:00:00+00:00,776.1
2337.0,135,2024-07-03 06:00:00+00:00,776.1
2338.0,130,2024-07-03 06:00:00+00:00,776.1
2339.0,121,2024-07-03 07:00:00+00:00,776.0
2340.0,117,2024-07-03 07:00:00+00:00,776.0
2341.0,114,2024-07-03 07:00:00+00:00,776.0
2342.0,115,2024-07-03 07:00:00+00:00,776.0
2343.0,127,2024-07-03 11:00:00+00:00,775.8
2344.0,128,2024-07-03 11:00:00+00:00,775.8
2345.0,119,2024-07-05 12:00:00+00:00,773.8
2346.0,107,2024-07-05 12:00:00+00:00,773.8
2347.0,96,2024-07-05 12:00:00+00:00,773.8
2348.0,83,2024-07-05 12:00:00+00:00,773.8
2349.0,82,2024-07-05 12:00:00+00:00,773.8
2350.0,76,2024-07-09 15:00:00+00:00,769.7
2351.0,75,2024-07-09 15:00:00+00:00,769.7
2352.0,80,2024-07-09 15:00:00+00:00,769.7
2353.0,83,2024-07-09 15:00:00+00:00,769.7
2354.0,88,2024-07-25 17:00:00+00:00,753.6
2355.0,100,2024-07-25 18:00:00+00:00,753.6
2356.0,113,2024-07-26 01:00:00+00:00,753.3
2357.0,116,2024-07-26 01:00:00+00:00,753.3
2358.0,118,2024-07-26 01:00:00+00:00,753.3
2359.0,124,2024-07-26 01:00:00+00:00,753.3
2360.0,108,2024-07-26 01:00:00+00:00,753.3
2361.0,99,2024-07-26 01:00:00+00:00,753.3
2362.0,95,2024-07-26 01:00:00+00:00,753.3
2363.0,102,2024-07-26 01:00:00+00:00,753.3
2364.0,100,2024-07-26 01:00:00+00:00,753.3
2365.0,86,2024-08-05 12:00:00+00:00,742.8
2366.0,75,2024-08-05 12:00:00+00:00,742.8
2367.0,76,2024-08-05 12:00:00+00:00,742.8
2368.0,75,2024-08-05 12:00:00+00:00,742.8
2369.0,73,2024-08-05 12:00:00+00:00,742.8
2370.0,78,2024-08-05 12:00:00+00:00,742.8
2371.0,82,2024-08-05 12:00:00+00:00,742.8
2372.0,94,2024-08-05 12:00:00+00:00,742.8
2373.0,97,2024-08-05 12:00:00+00:00,742.8
2374.0,96,2024-08-05 12:00:00+00:00,742.8
2375.0,92,2024-08-05 13:00:00+00:00,742.8
2376.0,79,2024-08-05 13:00:00+00:00,742.8
2377.0,87,2024-08-05 13:00:00+00:00,742.8
2378.0,89,2024-08-05 13:00:00+00:00,742.8
2379.0,95,2024-08-07 01:00:00+00:00,741.3
2380.0,92,2024-08-07 01:00:00+00:00,741.3
2381.0,100,2024-08-07 22:00:00+00:00,740.4
2382.0,105,2024-08-07 22:00:00+00:00,740.4
2383.0,114,2024-08-07 23:00:00+00:00,740.3
2384.0,113,2024-08-08 00:00:00+00:00,740.3
2385.0,110,2024-08-08 01:00:00+00:00,740.3
2386.0,113,2024-08-08 01:00:00+00:00,740.3
2387.0,113,2024-08-08 02:00:00+00:00,740.2
2388.0,102,2024-08-08 02:00:00+00:00,740.2
2389.0,102,2024-08-08 03:00:00+00:00,740.2
2390.0,104,2024-08-08 03:00:00+00:00,740.2
2391.0,95,2024-08-08 03:00:00+00:00,740.2
2392.0,85,2024-08-08 03:00:00+00:00,740.2
2393.0,85,2024-08-08 08:00:00+00:00,740.0
2394.0,80,2024-08-08 09:00:00+00:00,739.9
2395.0,74,2024-08-08 09:00:00+00:00,739.9
2396.0,72,2024-08-08 09:00:00+00:00,739.9
2397.0,64,2024-08-08 10:00:00+00:00,739.9
2398.0,68,2024-08-08 10:00:00+00:00,739.9
2399.0,67,2024-08-08 10:00:00+00:00,739.9
2400.0,64,2024-08-08 10:00:00+00:00,739.9
2401.0,51,2024-08-08 10:00:00+00:00,739.9
2402.0,51,2024-08-08 10:00:00+00:00,739.9
2403.0,53,2024-08-08 13:00:00+00:00,739.8
2404.0,63,2024-08-08 13:00:00+00:00,739.8
2405.0,67,2024-08-08 13:00:00+00:00,739.8
2406.0,73,2024-08-08 13:00:00+00:00,739.8
2407.0,76,2024-08-08 13:00:00+00:00,739.8
2408.0,77,2024-08-08 13:00:00+00:00,739.8
2409.0,73,2024-08-08 13:00:00+00:00,739.8
2410.0,69,2024-08-08 14:00:00+00:00,739.7
2411.0,69,2024-08-08 14:00:00+00:00,739.7
2412.0,72,2024-08-08 15:00:00+00:00,739.7
2413.0,70,2024-08-08 15:00:00+00:00,739.7
2414.0,71,2024-08-08 15:00:00+00:00,739.7
2415.0,76,2024-08-08 15:00:00+00:00,739.7
2416.0,67,2024-08-08 17:00:00+00:00,739.6
2417.0,65,2024-08-09 06:00:00+00:00,739.1
2418.0,62,2024-08-09 06:00:00+00:00,739.1
2419.0,58,2024-08-09 06:00:00+00:00,739.1
2420.0,59,2024-08-09 06:00:00+00:00,739.1
2421.0,68,2024-08-09 13:00:00+00:00,738.8
2422.0,67,2024-08-09 13:00:00+00:00,738.8
2423.0,66,2024-08-09 13:00:00+00:00,738.8
2424.0,59,2024-08-12 02:00:00+00:00,736.2
2425.0,55,2024-08-12 02:00:00+00:00,736.2
2426.0,59,2024-08-12 03:00:00+00:00,736.2
2427.0,60,2024-08-12 03:00:00+00:00,736.2
2428.0,57,2024-08-12 03:00:00+00:00,736.2
2429.0,56,2024-08-12 04:00:00+00:00,736.1
2430.0,50,2024-08-12 05:00:00+00:00,736.1
2431.0,46,2024-08-12 05:00:00+00:00,736.1
2432.0,41,2024-08-12 05:00:00+00:00,736.1
2433.0,41,2024-08-15 13:00:00+00:00,732.8
2434.0,38,2024-08-15 13:00:00+00:00,732.8
2435.0,39,2024-08-15 13:00:00+00:00,732.8
2436.0,39,2024-08-15 13:00:00+00:00,732.8
2437.0,39,2024-08-15 13:00:00+00:00,732.8
2438.0,36,2024-08-15 13:00:00+00:00,732.8
2439.0,35,2024-08-15 13:00:00+00:00,732.8
2440.0,37,2024-08-15 13:00:00+00:00,732.8
2441.0,42,2024-08-15 13:00:00+00:00,732.8
2442.0,44,2024-08-15 13:00:00+00:00,732.8
2443.0,43,2024-08-15 13:00:00+00:00,732.8
2444.0,43,2024-08-15 13:00:00+00:00,732.8
2445.0,43,2024-08-15 14:00:00+00:00,732.7
2446.0,35,2024-08-15 14:00:00+00:00,732.7
2447.0,38,2024-08-15 14:00:00+00:00,732.7
2448.0,35,2024-08-15 14:00:00+00:00,732.7
2449.0,30,2024-08-15 14:00:00+00:00,732.7
2450.0,28,2024-08-15 14:00:00+00:00,732.7
2451.0,29,2024-08-16 03:00:00+00:00,732.2
2452.0,33,2024-08-16 07:00:00+00:00,732.0
2453.0,33,2024-08-16 07:00:00+00:00,732.0
2454.0,34,2024-08-16 07:00:00+00:00,732.0
2455.0,38,2024-08-16 07:00:00+00:00,732.0
2456.0,40,2024-08-16 07:00:00+00:00,732.0
2457.0,37,2024-08-16 07:00:00+00:00,732.0
2458.0,39,2024-08-16 07:00:00+00:00,732.0
2459.0,39,2024-08-16 07:00:00+00:00,732.0
2460.0,37,2024-08-16 08:00:00+00:00,732.0
2461.0,42,2024-08-16 08:00:00+00:00,732.0
2462.0,48,2024-08-16 09:00:00+00:00,731.9
2463.0,51,2024-08-16 10:00:00+00:00,731.9
2464.0,53,2024-08-16 10:00:00+00:00,731.9
2465.0,51,2024-08-16 11:00:00+00:00,731.8
2466.0,48,2024-08-16 11:00:00+00:00,731.8
2467.0,45,2024-08-16 11:00:00+00:00,731.8
2468.0,42,2024-08-16 11:00:00+00:00,731.8
2469.0,37,2024-08-16 11:00:00+00:00,731.8
2470.0,33,2024-08-16 11:00:00+00:00,731.8
2471.0,36,2024-08-22 14:00:00+00:00,725.7
2472.0,38,2024-09-04 09:00:00+00:00,712.9
2473.0,34,2024-09-04 09:00:00+00:00,712.9
2474.0,28,2024-09-04 09:00:00+00:00,712.9
2475.0,23,2024-09-04 09:00:00+00:00,712.9
2476.0,19,2024-09-04 09:00:00+00:00,712.9
2477.0,15,2024-09-04 09:00:00+00:00,712.9
2478.0,16,2024-09-04 09:00:00+00:00,712.9
2479.0,15,2024-09-04 09:00:00+00:00,712.9
2480.0,16,2024-09-04 09:00:00+00:00,712.9
2481.0,16,2024-09-04 09:00:00+00:00,712.9
2482.0,18,2024-09-04 10:00:00+00:00,712.9
2483.0,20,2024-09-04 13:00:00+00:00,712.8
2484.0,18,2024-09-04 13:00:00+00:00,712.8
2485.0,17,2024-09-04 13:00:00+00:00,712.8
2486.0,22,2024-09-09 06:00:00+00:00,708.1
2487.0,26,2024-09-09 06:00:00+00:00,708.1
2488.0,28,2024-09-09 06:00:00+00:00,708.1
2489.0,29,2024-09-09 07:00:00+00:00,708.0
2490.0,32,2024-09-09 08:00:00+00:00,708.0
2491.0,32,2024-09-09 08:00:00+00:00,708.0
2492.0,34,2024-09-09 08:00:00+00:00,708.0
2493.0,46,2024-09-09 09:00:00+00:00,707.9
2494.0,58,2024-09-09 15:00:00+00:00,707.7
2495.0,61,2024-09-09 15:00:00+00:00,707.7
2496.0,55,2024-09-09 15:00:00+00:00,707.7
2497.0,55,2024-09-09 15:00:00+00:00,707.7
2498.0,58,2024-09-09 15:00:00+00:00,707.7
2499.0,55,2024-09-09 15:00:00+00:00,707.7
2500.0,63,2024-09-09 18:00:00+00:00,707.6
2501.0,74,2024-09-11 14:00:00+00:00,705.7
2502.0,78,2024-09-11 14:00:00+00:00,705.7
2503.0,78,2024-09-11 14:00:00+00:00,705.7
2504.0,88,2024-09-11 14:00:00+00:00,705.7
2505.0,78,2024-09-11 14:00:00+00:00,705.7
2506.0,76,2024-09-11 14:00:00+00:00,705.7
2507.0,69,2024-09-11 14:00:00+00:00,705.7
2508.0,69,2024-09-11 14:00:00+00:00,705.7
2509.0,70,2024-09-11 15:00:00+00:00,705.7
2510.0,66,2024-09-11 19:00:00+00:00,705.5
2511.0,63,2024-09-12 02:00:00+00:00,705.2
2512.0,69,2024-09-12 02:00:00+00:00,705.2
2513.0,79,2024-09-12 11:00:00+00:00,704.8
2514.0,83,2024-09-12 11:00:00+00:00,704.8
2515.0,88,2024-09-12 11:00:00+00:00,704.8
2516.0,85,2024-09-12 11:00:00+00:00,704.8
2517.0,83,2024-09-12 11:00:00+00:00,704.8
2518.0,72,2024-09-12 11:00:00+00:00,704.8
2519.0,63,2024-09-12 12:00:00+00:00,704.8
2520.0,47,2024-09-12 12:00:00+00:00,704.8
2521.0,45,2024-09-12 12:00:00+00:00,704.8
2522.0,40,2024-09-12 12:00:00+00:00,704.8
2523.0,40,2024-09-12 13:00:00+00:00,704.8
2524.0,38,2024-09-12 13:00:00+00:00,704.8
2525.0,29,2024-09-12 13:00:00+00:00,704.8
2526.0,21,2024-09-12 13:00:00+00:00,704.8
2527.0,13,2024-09-12 13:00:00+00:00,704.8
2528.0,9,2024-09-12 13:00:00+00:00,704.8
2529.0,8,2024-09-12 13:00:00+00:00,704.8
2530.0,4,2024-09-12 13:00:00+00:00,704.8
2531.0,3,2024-09-12 13:00:00+00:00,704.8
2532.0,2,2024-09-12 13:00:00+00:00,704.8
2533.0,2,2024-09-12 13:00:00+00:00,704.8
2534.0,2,2024-09-12 13:00:00+00:00,704.8
2535.0,2,2024-09-12 13:00:00+00:00,704.8
2536.0,1,2024-09-12 13:00:00+00:00,704.8
2537.0,2,2024-11-14 09:00:00+00:00,641.9
2538.0,2,2024-11-14 09:00:00+00:00,641.9
2539.0,2,2024-11-14 09:00:00+00:00,641.9
2540.0,3,2024-11-14 10:00:00+00:00,641.9
2541.0,3,2024-11-14 10:00:00+00:00,641.9
2542.0,4,2024-11-14 10:00:00+00:00,641.9
2543.0,4,2024-11-14 10:00:00+00:00,641.9
2544.0,4,2024-11-14 10:00:00+00:00,641.9
2545.0,5,2024-11-14 10:00:00+00:00,641.9
2546.0,6,2024-11-14 11:00:00+00:00,641.8
2547.0,7,2024-11-14 11:00:00+00:00,641.8
2548.0,7,2024-11-14 11:00:00+00:00,641.8
2549.0,8,2024-11-14 11:00:00+00:00,641.8
2550.0,8,2024-11-14 11:00:00+00:00,641.8
2551.0,12,2024-11-14 12:00:00+00:00,641.8
2552.0,13,2024-11-14 13:00:00+00:00,641.8
2553.0,14,2024-11-14 13:00:00+00:00,641.8
2554.0,13,2024-11-14 13:00:00+00:00,641.8
2555.0,15,2024-11-15 06:00:00+00:00,641.1
2556.0,16,2024-11-15 06:00:00+00:00,641.1
2557.0,20,2024-11-15 06:00:00+00:00,641.1
2558.0,21,2024-11-15 06:00:00+00:00,641.1
2559.0,18,2024-11-15 06:00:00+00:00,641.1
2560.0,21,2024-11-15 20:00:00+00:00,640.5
2561.0,20,2024-11-15 20:00:00+00:00,640.5
2562.0,27,2024-11-15 21:00:00+00:00,640.4
2563.0,28,2024-11-15 21:00:00+00:00,640.4
2564.0,32,2024-11-15 19:00:00+00:00,640.5
2565.0,34,2024-11-15 19:00:00+00:00,640.5
2566.0,34,2024-11-15 19:00:00+00:00,640.5
2567.0,39,2024-11-15 19:00:00+00:00,640.5
2568.0,44,2024-11-15 19:00:00+00:00,640.5
2569.0,47,2024-11-17 23:00:00+00:00,638.3
2570.0,50,2024-11-18 00:00:00+00:00,638.3
2571.0,45,2024-11-18 00:00:00+00:00,638.3
2572.0,39,2024-11-18 00:00:00+00:00,638.3
2573.0,41,2024-11-18 00:00:00+00:00,638.3
2574.0,44,2024-11-18 00:00:00+00:00,638.3
2575.0,39,2024-11-18 00:00:00+00:00,638.3
2576.0,35,2024-11-18 00:00:00+00:00,638.3
2577.0,30,2024-11-18 01:00:00+00:00,638.3
2578.0,31,2024-11-18 01:00:00+00:00,638.3
2579.0,33,2024-11-18 01:00:00+00:00,638.3
2580.0,37,2024-11-18 01:00:00+00:00,638.3
2581.0,39,2024-11-18 06:00:00+00:00,638.1
2582.0,41,2024-11-18 07:00:00+00:00,638.0
2583.0,36,2024-11-18 08:00:00+00:00,638.0
2584.0,34,2024-12-18 23:00:00+00:00,607.3
2585.0,31,2024-12-18 23:00:00+00:00,607.3
2586.0,32,2024-12-18 23:00:00+00:00,607.3
2587.0,31,2024-12-19 15:00:00+00:00,606.7
2588.0,34,2024-12-19 16:00:00+00:00,606.6
2589.0,29,2024-12-19 16:00:00+00:00,606.6
2590.0,25,2024-12-20 01:00:00+00:00,606.3
2591.0,29,2024-12-20 01:00:00+00:00,606.3
2592.0,30,2024-12-20 01:00:00+00:00,606.3
2593.0,29,2024-12-20 01:00:00+00:00,606.3
2594.0,30,2024-12-20 01:00:00+00:00,606.3
2595.0,28,2024-12-20 01:00:00+00:00,606.3
2596.0,26,2024-12-20 03:00:00+00:00,606.2
2597.0,29,2024-12-30 16:00:00+00:00,595.6
2598.0,31,2024-12-30 16:00:00+00:00,595.6
2599.0,33,2024-12-30 16:00:00+00:00,595.6
2600.0,31,2024-12-30 17:00:00+00:00,595.6
2601.0,27,2024-12-30 17:00:00+00:00,595.6
2602.0,24,2024-12-30 17:00:00+00:00,595.6
2603.0,29,2024-12-31 05:00:00+00:00,595.1
2604.0,37,2024-12-31 06:00:00+00:00,595.1
2605.0,45,2024-12-31 06:00:00+00:00,595.1
2606.0,55,2024-12-31 13:00:00+00:00,594.8
2607.0,65,2024-12-31 13:00:00+00:00,594.8
2608.0,65,2024-12-31 13:00:00+00:00,594.8
2609.0,66,2024-12-31 13:00:00+00:00,594.8
2610.0,70,2024-12-31 13:00:00+00:00,594.8
2611.0,76,2024-12-31 13:00:00+00:00,594.8
2612.0,78,2024-12-31 14:00:00+00:00,594.7
2613.0,78,2024-12-31 15:00:00+00:00,594.7
2614.0,82,2024-12-31 15:00:00+00:00,594.7
2615.0,85,2025-01-06 14:00:00+00:00,588.7
2616.0,94,2025-01-06 14:00:00+00:00,588.7
2617.0,90,2025-01-06 14:00:00+00:00,588.7
2618.0,82,2025-01-06 14:00:00+00:00,588.7
2619.0,82,2025-01-06 14:00:00+00:00,588.7
2620.0,80,2025-01-06 14:00:00+00:00,588.7
2621.0,84,2025-01-06 14:00:00+00:00,588.7
2622.0,92,2025-01-06 14:00:00+00:00,588.7
2623.0,101,2025-01-06 14:00:00+00:00,588.7
2624.0,106,2025-01-06 14:00:00+00:00,588.7
2625.0,110,2025-01-06 14:00:00+00:00,588.7
2626.0,121,2025-01-06 14:00:00+00:00,588.7
2627.0,118,2025-01-06 14:00:00+00:00,588.7
2628.0,108,2025-01-06 14:00:00+00:00,588.7
2629.0,102,2025-01-06 14:00:00+00:00,588.7
2630.0,95,2025-01-06 15:00:00+00:00,588.7
2631.0,95,2025-01-06 15:00:00+00:00,588.7
2632.0,98,2025-01-06 15:00:00+00:00,588.7
2633.0,107,2025-01-07 00:00:00+00:00,588.3
2634.0,105,2025-01-07 00:00:00+00:00,588.3
2635.0,113,2025-01-07 01:00:00+00:00,588.3
2636.0,119,2025-01-07 01:00:00+00:00,588.3
2637.0,123,2025-01-07 02:00:00+00:00,588.2
2638.0,131,2025-01-07 05:00:00+00:00,588.1
2639.0,135,2025-01-07 07:00:00+00:00,588.0
2640.0,135,2025-01-07 07:00:00+00:00,588.0
2641.0,137,2025-01-07 09:00:00+00:00,587.9
2642.0,140,2025-01-07 15:00:00+00:00,587.7
2643.0,140,2025-01-07 15:00:00+00:00,587.7
2644.0,159,2025-01-07 15:00:00+00:00,587.7
2645.0,153,2025-01-07 15:00:00+00:00,587.7
2646.0,161,2025-01-08 12:00:00+00:00,586.8
2647.0,164,2025-01-08 12:00:00+00:00,586.8
2648.0,164,2025-01-08 12:00:00+00:00,586.8
2649.0,167,2025-01-08 12:00:00+00:00,586.8
2650.0,160,2025-01-08 17:00:00+00:00,586.6
2651.0,143,2025-01-08 17:00:00+00:00,586.6
2652.0,147,2025-01-08 18:00:00+00:00,586.6
2653.0,138,2025-01-08 18:00:00+00:00,586.6
2654.0,131,2025-01-08 19:00:00+00:00,586.5
2655.0,136,2025-01-08 19:00:00+00:00,586.5
2656.0,127,2025-01-09 04:00:00+00:00,586.1
2657.0,137,2025-01-13 19:00:00+00:00,581.5
2658.0,147,2025-01-13 19:00:00+00:00,581.5
2659.0,151,2025-01-13 20:00:00+00:00,581.5
2660.0,154,2025-01-14 14:00:00+00:00,580.7
2661.0,138,2025-01-14 14:00:00+00:00,580.7
2662.0,139,2025-01-14 14:00:00+00:00,580.7
2663.0,125,2025-01-14 14:00:00+00:00,580.7
2664.0,118,2025-01-14 14:00:00+00:00,580.7
2665.0,106,2025-01-14 14:00:00+00:00,580.7
2666.0,104,2025-01-14 15:00:00+00:00,580.7
2667.0,99,2025-01-14 18:00:00+00:00,580.6
2668.0,106,2025-01-14 18:00:00+00:00,580.6
2669.0,116,2025-01-14 18:00:00+00:00,580.6
2670.0,112,2025-01-15 02:00:00+00:00,580.2
2671.0,97,2025-01-15 02:00:00+00:00,580.2
2672.0,81,2025-01-15 02:00:00+00:00,580.2
2673.0,74,2025-01-15 03:00:00+00:00,580.2
2674.0,70,2025-01-15 03:00:00+00:00,580.2
2675.0,60,2025-01-15 05:00:00+00:00,580.1
2676.0,50,2025-01-15 05:00:00+00:00,580.1
2677.0,47,2025-01-15 16:00:00+00:00,579.6
2678.0,45,2025-01-15 16:00:00+00:00,579.6
2679.0,45,2025-01-15 16:00:00+00:00,579.6
2680.0,49,2025-01-15 16:00:00+00:00,579.6
2681.0,52,2025-01-15 16:00:00+00:00,579.6
2682.0,53,2025-01-15 16:00:00+00:00,579.6
2683.0,58,2025-01-15 16:00:00+00:00,579.6
2684.0,57,2025-01-15 16:00:00+00:00,579.6
2685.0,65,2025-01-15 16:00:00+00:00,579.6
2686.0,64,2025-01-15 16:00:00+00:00,579.6
2687.0,66,2025-01-15 16:00:00+00:00,579.6
2688.0,65,2025-01-15 16:00:00+00:00,579.6
2689.0,57,2025-01-15 17:00:00+00:00,579.6
2690.0,56,2025-01-20 01:00:00+00:00,575.3
2691.0,53,2025-01-20 01:00:00+00:00,575.3
2692.0,52,2025-01-20 01:00:00+00:00,575.3
2693.0,57,2025-01-20 01:00:00+00:00,575.3
2694.0,60,2025-01-20 02:00:00+00:00,575.2
2695.0,61,2025-01-20 02:00:00+00:00,575.2
2696.0,55,2025-01-20 02:00:00+00:00,575.2
2697.0,49,2025-01-20 02:00:00+00:00,575.2
2698.0,43,2025-01-20 03:00:00+00:00,575.2
2699.0,35,2025-01-20 03:00:00+00:00,575.2
2700.0,33,2025-01-20 03:00:00+00:00,575.2
2701.0,32,2025-01-20 03:00:00+00:00,575.2
2702.0,33,2025-01-20 13:00:00+00:00,574.8
2703.0,40,2025-01-21 00:00:00+00:00,574.3
2704.0,46,2025-01-21 01:00:00+00:00,574.3
2705.0,48,2025-01-21 01:00:00+00:00,574.3
2706.0,55,2025-01-21 01:00:00+00:00,574.3
2707.0,57,2025-01-21 01:00:00+00:00,574.3
2708.0,55,2025-01-21 01:00:00+00:00,574.3
2709.0,49,2025-01-21 01:00:00+00:00,574.3
2710.0,53,2025-01-21 01:00:00+00:00,574.3
2711.0,52,2025-01-21 01:00:00+00:00,574.3
2712.0,38,2025-01-21 01:00:00+00:00,574.3
2713.0,37,2025-01-21 01:00:00+00:00,574.3
2714.0,39,2025-01-21 01:00:00+00:00,574.3
2715.0,47,2025-01-21 01:00:00+00:00,574.3
2716.0,42,2025-01-21 01:00:00+00:00,574.3
2717.0,45,2025-01-21 11:00:00+00:00,573.8
2718.0,43,2025-01-21 11:00:00+00:00,573.8
2719.0,46,2025-01-21 11:00:00+00:00,573.8
2720.0,40,2025-01-21 11:00:00+00:00,573.8
2721.0,36,2025-01-21 11:00:00+00:00,573.8
2722.0,35,2025-01-21 11:00:00+00:00,573.8
2723.0,36,2025-01-21 12:00:00+00:00,573.8
2724.0,37,2025-01-21 12:00:00+00:00,573.8
2725.0,37,2025-01-21 13:00:00+00:00,573.8
2726.0,39,2025-01-21 14:00:00+00:00,573.7
2727.0,39,2025-01-21 14:00:00+00:00,573.7
2728.0,37,2025-01-21 14:00:00+00:00,573.7
2729.0,38,2025-01-21 14:00:00+00:00,573.7
2730.0,44,2025-01-21 14:00:00+00:00,573.7
2731.0,44,2025-01-27 17:00:00+00:00,567.6
2732.0,54,2025-01-27 17:00:00+00:00,567.6
2733.0,61,2025-01-27 18:00:00+00:00,567.6
2734.0,66,2025-01-27 18:00:00+00:00,567.6
2735.0,68,2025-01-28 08:00:00+00:00,567.0
2736.0,76,2025-01-28 08:00:00+00:00,567.0
2737.0,75,2025-01-28 08:00:00+00:00,567.0
2738.0,76,2025-01-28 08:00:00+00:00,567.0
2739.0,77,2025-01-28 08:00:00+00:00,567.0
2740.0,82,2025-01-28 08:00:00+00:00,567.0
2741.0,85,2025-01-28 10:00:00+00:00,566.9
2742.0,86,2025-01-28 12:00:00+00:00,566.8
2743.0,84,2025-01-28 12:00:00+00:00,566.8
2744.0,65,2025-01-28 12:00:00+00:00,566.8
2745.0,54,2025-01-29 19:00:00+00:00,565.5
2746.0,45,2025-01-29 19:00:00+00:00,565.5
2747.0,46,2025-01-29 19:00:00+00:00,565.5
2748.0,43,2025-01-29 19:00:00+00:00,565.5
2749.0,46,2025-01-29 19:00:00+00:00,565.5
2750.0,49,2025-01-29 19:00:00+00:00,565.5
2751.0,55,2025-01-29 19:00:00+00:00,565.5
2752.0,62,2025-01-29 19:00:00+00:00,565.5
2753.0,65,2025-01-29 20:00:00+00:00,565.5
2754.0,56,2025-01-29 20:00:00+00:00,565.5
2755.0,55,2025-01-29 21:00:00+00:00,565.4
2756.0,52,2025-01-29 21:00:00+00:00,565.4
2757.0,45,2025-01-29 21:00:00+00:00,565.4
2758.0,39,2025-01-29 21:00:00+00:00,565.4
2759.0,33,2025-01-30 05:00:00+00:00,565.1
2760.0,30,2025-01-30 05:00:00+00:00,565.1
2761.0,30,2025-01-30 06:00:00+00:00,565.1
2762.0,26,2025-01-30 06:00:00+00:00,565.1
2763.0,25,2025-01-30 06:00:00+00:00,565.1
2764.0,21,2025-01-30 06:00:00+00:00,565.1
2765.0,15,2025-01-30 07:00:00+00:00,565.0
2766.0,14,2025-01-30 07:00:00+00:00,565.0
2767.0,13,2025-01-30 07:00:00+00:00,565.0
2768.0,13,2025-01-30 07:00:00+00:00,565.0
2769.0,15,2025-01-30 08:00:00+00:00,565.0
2770.0,15,2025-01-30 08:00:00+00:00,565.0
2771.0,20,2025-01-30 08:00:00+00:00,565.0
2772.0,25,2025-01-30 09:00:00+00:00,564.9
2773.0,24,2025-02-03 03:00:00+00:00,561.2
2774.0,29,2025-02-03 03:00:00+00:00,561.2
2775.0,28,2025-02-03 04:00:00+00:00,561.1
2776.0,23,2025-02-03 04:00:00+00:00,561.1
2777.0,25,2025-02-03 04:00:00+00:00,561.1
2778.0,27,2025-02-03 04:00:00+00:00,561.1
2779.0,29,2025-02-03 04:00:00+00:00,561.1
2780.0,28,2025-02-03 04:00:00+00:00,561.1
2781.0,30,2025-02-03 05:00:00+00:00,561.1
2782.0,24,2025-02-03 05:00:00+00:00,561.1
2783.0,24,2025-02-03 06:00:00+00:00,561.1
2784.0,23,2025-02-03 06:00:00+00:00,561.1
2785.0,23,2025-02-03 06:00:00+00:00,561.1
2786.0,22,2025-02-03 07:00:00+00:00,561.0
2787.0,20,2025-02-03 08:00:00+00:00,561.0
2788.0,19,2025-02-03 08:00:00+00:00,561.0
2789.0,12,2025-02-03 08:00:00+00:00,561.0
2790.0,7,2025-02-03 08:00:00+00:00,561.0
2791.0,10,2025-02-03 08:00:00+00:00,561.0
2792.0,11,2025-02-03 08:00:00+00:00,561.0
2793.0,18,2025-02-03 10:00:00+00:00,560.9
2794.0,19,2025-02-03 10:00:00+00:00,560.9
2795.0,25,2025-02-03 10:00:00+00:00,560.9
2796.0,24,2025-02-03 10:00:00+00:00,560.9
2797.0,17,2025-02-03 10:00:00+00:00,560.9
2798.0,17,2025-02-03 11:00:00+00:00,560.8
2799.0,13,2025-02-03 11:00:00+00:00,560.8
2800.0,12,2025-02-03 11:00:00+00:00,560.8
2801.0,9,2025-02-03 12:00:00+00:00,560.8
2802.0,8,2025-02-03 12:00:00+00:00,560.8
2803.0,6,2025-02-03 12:00:00+00:00,560.8
2804.0,7,2025-02-03 12:00:00+00:00,560.8
2805.0,7,2025-02-03 12:00:00+00:00,560.8
2806.0,7,2025-02-03 12:00:00+00:00,560.8
2807.0,7,2025-02-03 12:00:00+00:00,560.8
2808.0,8,2025-02-04 07:00:00+00:00,560.0
2809.0,7,2025-02-04 07:00:00+00:00,560.0
2810.0,7,2025-02-04 07:00:00+00:00,560.0
2811.0,8,2025-02-04 08:00:00+00:00,560.0
2812.0,8,2025-02-04 08:00:00+00:00,560.0
2813.0,11,2025-02-04 10:00:00+00:00,559.9
2814.0,14,2025-02-04 11:00:00+00:00,559.8
2815.0,16,2025-02-04 12:00:00+00:00,559.8
2816.0,18,2025-02-04 12:00:00+00:00,559.8
2817.0,16,2025-02-04 12:00:00+00:00,559.8
2818.0,15,2025-02-04 12:00:00+00:00,559.8
2819.0,16,2025-02-04 12:00:00+00:00,559.8
2820.0,13,2025-02-04 12:00:00+00:00,559.8
2821.0,12,2025-02-04 12:00:00+00:00,559.8
2822.0,10,2025-02-04 13:00:00+00:00,559.8
2823.0,7,2025-02-04 13:00:00+00:00,559.8
2824.0,7,2025-02-04 13:00:00+00:00,559.8
2825.0,4,2025-02-04 13:00:00+00:00,559.8
2826.0,3,2025-02-04 13:00:00+00:00,559.8
2827.0,3,2025-02-04 13:00:00+00:00,559.8
2828.0,3,2025-02-04 13:00:00+00:00,559.8
2829.0,4,2025-02-04 14:00:00+00:00,559.7
2830.0,4,2025-02-04 14:00:00+00:00,559.7
2831.0,2,2025-02-04 14:00:00+00:00,559.7
2832.0,2,2025-02-04 14:00:00+00:00,559.7
2833.0,4,2025-02-28 15:00:00+00:00,535.7
2834.0,6,2025-02-28 15:00:00+00:00,535.7
2835.0,7,2025-02-28 15:00:00+00:00,535.7
2836.0,7,2025-02-28 15:00:00+00:00,535.7
2837.0,7,2025-02-28 15:00:00+00:00,535.7
2838.0,6,2025-02-28 15:00:00+00:00,535.7
2839.0,7,2025-02-28 18:00:00+00:00,535.6
2840.0,9,2025-02-28 18:00:00+00:00,535.6
2841.0,13,2025-02-28 18:00:00+00:00,535.6
2842.0,14,2025-02-28 18:00:00+00:00,535.6
2843.0,13,2025-02-28 18:00:00+00:00,535.6
2844.0,14,2025-02-28 18:00:00+00:00,535.6
2845.0,11,2025-02-28 19:00:00+00:00,535.5
2846.0,10,2025-02-28 19:00:00+00:00,535.5
2847.0,11,2025-02-28 19:00:00+00:00,535.5
2848.0,11,2025-02-28 20:00:00+00:00,535.5
2849.0,14,2025-02-28 20:00:00+00:00,535.5
2850.0,15,2025-02-28 20:00:00+00:00,535.5
2851.0,14,2025-02-28 20:00:00+00:00,535.5
2852.0,14,2025-02-28 20:00:00+00:00,535.5
2853.0,14,2025-02-28 20:00:00+00:00,535.5
2854.0,14,2025-02-28 21:00:00+00:00,535.4
2855.0,15,2025-02-28 21:00:00+00:00,535.4
2856.0,19,2025-02-28 21:00:00+00:00,535.4
2857.0,22,2025-02-28 21:00:00+00:00,535.4
2858.0,23,2025-02-28 21:00:00+00:00,535.4
2859.0,25,2025-03-03 08:00:00+00:00,533.0
2860.0,28,2025-03-03 08:00:00+00:00,533.0
2861.0,32,2025-03-03 08:00:00+00:00,533.0
2862.0,35,2025-03-03 08:00:00+00:00,533.0
2863.0,34,2025-03-03 08:00:00+00:00,533.0
2864.0,41,2025-03-03 08:00:00+00:00,533.0
2865.0,41,2025-03-03 09:00:00+00:00,532.9
2866.0,47,2025-03-03 09:00:00+00:00,532.9
2867.0,44,2025-03-03 09:00:00+00:00,532.9
2868.0,43,2025-03-03 10:00:00+00:00,532.9
2869.0,40,2025-03-03 13:00:00+00:00,532.8
2870.0,33,2025-03-03 13:00:00+00:00,532.8
2871.0,25,2025-03-03 13:00:00+00:00,532.8
2872.0,28,2025-03-03 14:00:00+00:00,532.7
2873.0,24,2025-03-03 14:00:00+00:00,532.7
2874.0,25,2025-03-03 15:00:00+00:00,532.7
2875.0,27,2025-03-03 15:00:00+00:00,532.7
2876.0,25,2025-03-03 15:00:00+00:00,532.7
2877.0,24,2025-03-03 15:00:00+00:00,532.7
2878.0,21,2025-03-03 15:00:00+00:00,532.7
2879.0,23,2025-03-03 20:00:00+00:00,532.5
2880.0,25,2025-03-03 20:00:00+00:00,532.5
2881.0,27,2025-03-11 01:00:00+00:00,525.3
2882.0,29,2025-03-11 01:00:00+00:00,525.3
2883.0,33,2025-03-11 01:00:00+00:00,525.3
2884.0,35,2025-03-11 01:00:00+00:00,525.3
2885.0,42,2025-03-11 01:00:00+00:00,525.3
2886.0,38,2025-03-11 01:00:00+00:00,525.3
2887.0,44,2025-03-11 01:00:00+00:00,525.3
2888.0,44,2025-03-11 01:00:00+00:00,525.3
2889.0,46,2025-03-11 01:00:00+00:00,525.3
2890.0,43,2025-03-11 02:00:00+00:00,525.2
2891.0,45,2025-03-11 02:00:00+00:00,525.2
2892.0,46,2025-03-11 02:00:00+00:00,525.2
2893.0,43,2025-03-11 05:00:00+00:00,525.1
2894.0,40,2025-03-11 06:00:00+00:00,525.1
2895.0,37,2025-03-11 06:00:00+00:00,525.1
2896.0,45,2025-03-11 06:00:00+00:00,525.1
2897.0,51,2025-03-11 06:00:00+00:00,525.1
2898.0,60,2025-03-11 07:00:00+00:00,525.0
2899.0,59,2025-03-11 07:00:00+00:00,525.0
2900.0,55,2025-03-11 07:00:00+00:00,525.0
2901.0,63,2025-03-11 08:00:00+00:00,525.0
2902.0,65,2025-03-11 08:00:00+00:00,525.0
2903.0,70,2025-03-11 08:00:00+00:00,525.0
2904.0,72,2025-03-11 08:00:00+00:00,525.0
2905.0,69,2025-03-11 08:00:00+00:00,525.0
2906.0,74,2025-03-11 08:00:00+00:00,525.0
2907.0,68,2025-03-12 13:00:00+00:00,523.8
2908.0,65,2025-03-12 13:00:00+00:00,523.8
2909.0,72,2025-03-12 13:00:00+00:00,523.8
2910.0,76,2025-03-12 13:00:00+00:00,523.8
2911.0,81,2025-03-12 13:00:00+00:00,523.8
2912.0,87,2025-03-12 13:00:00+00:00,523.8
2913.0,99,2025-03-12 13:00:00+00:00,523.8
2914.0,108,2025-03-12 13:00:00+00:00,523.8
2915.0,113,2025-03-12 14:00:00+00:00,523.7
2916.0,113,2025-03-12 14:00:00+00:00,523.7
2917.0,106,2025-03-12 14:00:00+00:00,523.7
2918.0,100,2025-03-12 14:00:00+00:00,523.7
2919.0,79,2025-03-12 14:00:00+00:00,523.7
2920.0,69,2025-03-12 14:00:00+00:00,523.7
2921.0,59,2025-03-12 14:00:00+00:00,523.7
2922.0,47,2025-03-12 15:00:00+00:00,523.7
2923.0,38,2025-03-12 15:00:00+00:00,523.7
2924.0,36,2025-03-12 15:00:00+00:00,523.7
2925.0,43,2025-03-12 15:00:00+00:00,523.7
2926.0,39,2025-03-12 15:00:00+00:00,523.7
2927.0,42,2025-03-12 15:00:00+00:00,523.7
2928.0,49,2025-03-12 16:00:00+00:00,523.6
2929.0,53,2025-03-12 16:00:00+00:00,523.6
2930.0,50,2025-03-12 16:00:00+00:00,523.6
2931.0,52,2025-03-12 20:00:00+00:00,523.5
2932.0,51,2025-03-12 20:00:00+00:00,523.5
2933.0,54,2025-03-13 07:00:00+00:00,523.0
2934.0,58,2025-03-13 07:00:00+00:00,523.0
2935.0,60,2025-03-13 08:00:00+00:00,523.0
2936.0,61,2025-03-13 08:00:00+00:00,523.0
2937.0,57,2025-03-13 08:00:00+00:00,523.0
2938.0,64,2025-03-13 08:00:00+00:00,523.0
2939.0,62,2025-03-13 13:00:00+00:00,522.8
2940.0,55,2025-03-13 13:00:00+00:00,522.8
2941.0,46,2025-03-13 13:00:00+00:00,522.8
2942.0,37,2025-03-13 13:00:00+00:00,522.8
2943.0,31,2025-03-13 13:00:00+00:00,522.8
2944.0,31,2025-03-13 13:00:00+00:00,522.8
2945.0,25,2025-03-13 13:00:00+00:00,522.8
2946.0,25,2025-03-13 13:00:00+00:00,522.8
2947.0,22,2025-03-13 13:00:00+00:00,522.8
2948.0,21,2025-03-13 13:00:00+00:00,522.8
2949.0,18,2025-03-13 13:00:00+00:00,522.8
2950.0,16,2025-03-13 14:00:00+00:00,522.7
2951.0,16,2025-03-13 14:00:00+00:00,522.7
2952.0,14,2025-03-13 14:00:00+00:00,522.7
2953.0,9,2025-03-13 14:00:00+00:00,522.7
2954.0,7,2025-03-13 14:00:00+00:00,522.7
2955.0,2,2025-03-13 14:00:00+00:00,522.7
2956.0,2,2025-03-13 14:00:00+00:00,522.7
2957.0,2,2025-04-07 17:00:00+00:00,497.6
2958.0,2,2025-04-07 17:00:00+00:00,497.6
2959.0,2,2025-04-07 17:00:00+00:00,497.6
2960.0,2,2025-04-07 17:00:00+00:00,497.6
2961.0,2,2025-04-07 17:00:00+00:00,497.6
2962.0,2,2025-04-07 17:00:00+00:00,497.6
2963.0,2,2025-04-07 17:00:00+00:00,497.6
2964.0,3,2025-04-07 18:00:00+00:00,497.6
2965.0,3,2025-04-07 18:00:00+00:00,497.6
2966.0,4,2025-04-07 19:00:00+00:00,497.5
2967.0,5,2025-04-07 19:00:00+00:00,497.5
2968.0,5,2025-04-07 19:00:00+00:00,497.5
2969.0,5,2025-04-07 19:00:00+00:00,497.5
2970.0,8,2025-04-08 23:00:00+00:00,496.3
2971.0,9,2025-04-08 23:00:00+00:00,496.3
2972.0,8,2025-04-08 23:00:00+00:00,496.3
2973.0,10,2025-04-09 01:00:00+00:00,496.3
2974.0,10,2025-04-09 01:00:00+00:00,496.3
2975.0,12,2025-04-09 01:00:00+00:00,496.3
2976.0,11,2025-04-09 01:00:00+00:00,496.3
2977.0,13,2025-04-09 01:00:00+00:00,496.3
2978.0,15,2025-04-09 01:00:00+00:00,496.3
2979.0,16,2025-04-09 01:00:00+00:00,496.3
2980.0,19,2025-04-09 01:00:00+00:00,496.3
2981.0,24,2025-04-09 01:00:00+00:00,496.3
2982.0,30,2025-04-09 01:00:00+00:00,496.3
2983.0,32,2025-04-09 01:00:00+00:00,496.3
2984.0,39,2025-04-09 01:00:00+00:00,496.3
2985.0,43,2025-04-09 01:00:00+00:00,496.3
2986.0,45,2025-04-09 01:00:00+00:00,496.3
2987.0,44,2025-04-09 01:00:00+00:00,496.3
2988.0,37,2025-04-09 01:00:00+00:00,496.3
2989.0,33,2025-04-09 01:00:00+00:00,496.3
2990.0,29,2025-04-09 01:00:00+00:00,496.3
2991.0,24,2025-04-09 01:00:00+00:00,496.3
2992.0,22,2025-04-09 01:00:00+00:00,496.3
2993.0,20,2025-04-09 01:00:00+00:00,496.3
2994.0,20,2025-04-09 01:00:00+00:00,496.3
2995.0,22,2025-04-09 01:00:00+00:00,496.3
2996.0,22,2025-04-09 01:00:00+00:00,496.3
2997.0,23,2025-04-09 01:00:00+00:00,496.3
2998.0,22,2025-04-09 01:00:00+00:00,496.3
2999.0,23,2025-04-09 01:00:00+00:00,496.3
3000.0,26,2025-04-09 04:00:00+00:00,496.1
3001.0,24,2025-04-09 04:00:00+00:00,496.1
3002.0,22,2025-04-09 04:00:00+00:00,496.1
3003.0,27,2025-04-09 04:00:00+00:00,496.1
3004.0,25,2025-04-09 04:00:00+00:00,496.1
3005.0,24,2025-04-09 04:00:00+00:00,496.1
3006.0,30,2025-04-09 05:00:00+00:00,496.1
3007.0,31,2025-04-09 05:00:00+00:00,496.1
3008.0,32,2025-04-09 05:00:00+00:00,496.1
3009.0,33,2025-04-09 05:00:00+00:00,496.1
3010.0,31,2025-04-09 05:00:00+00:00,496.1
3011.0,35,2025-04-09 05:00:00+00:00,496.1
3012.0,35,2025-04-09 05:00:00+00:00,496.1
3013.0,32,2025-04-09 05:00:00+00:00,496.1
3014.0,35,2025-04-09 05:00:00+00:00,496.1
3015.0,39,2025-04-09 06:00:00+00:00,496.1
3016.0,42,2025-04-09 06:00:00+00:00,496.1
3017.0,46,2025-04-09 06:00:00+00:00,496.1
3018.0,53,2025-04-09 06:00:00+00:00,496.1
3019.0,55,2025-04-09 06:00:00+00:00,496.1
3020.0,56,2025-04-09 06:00:00+00:00,496.1
3021.0,55,2025-04-09 06:00:00+00:00,496.1
3022.0,52,2025-04-09 06:00:00+00:00,496.1
3023.0,55,2025-04-09 06:00:00+00:00,496.1
3024.0,56,2025-04-09 06:00:00+00:00,496.1
3025.0,55,2025-04-09 06:00:00+00:00,496.1
3026.0,53,2025-04-09 06:00:00+00:00,496.1
3027.0,54,2025-04-09 06:00:00+00:00,496.1
3028.0,56,2025-04-09 06:00:00+00:00,496.1
3029.0,53,2025-04-09 06:00:00+00:00,496.1
3030.0,60,2025-04-09 06:00:00+00:00,496.1
3031.0,58,2025-04-09 06:00:00+00:00,496.1
3032.0,60,2025-04-09 06:00:00+00:00,496.1
3033.0,55,2025-04-09 06:00:00+00:00,496.1
3034.0,51,2025-04-09 06:00:00+00:00,496.1
3035.0,49,2025-04-09 07:00:00+00:00,496.0
3036.0,44,2025-04-09 07:00:00+00:00,496.0
3037.0,40,2025-04-09 11:00:00+00:00,495.8
3038.0,35,2025-04-09 11:00:00+00:00,495.8
3039.0,32,2025-04-09 11:00:00+00:00,495.8
3040.0,31,2025-04-09 11:00:00+00:00,495.8
3041.0,31,2025-04-09 11:00:00+00:00,495.8
3042.0,26,2025-04-09 11:00:00+00:00,495.8
3043.0,26,2025-04-09 12:00:00+00:00,495.8
3044.0,26,2025-04-09 12:00:00+00:00,495.8
3045.0,27,2025-04-09 12:00:00+00:00,495.8
3046.0,27,2025-04-09 12:00:00+00:00,495.8
3047.0,21,2025-04-09 12:00:00+00:00,495.8
3048.0,25,2025-04-09 13:00:00+00:00,495.8
3049.0,26,2025-04-09 18:00:00+00:00,495.6
3050.0,26,2025-04-09 18:00:00+00:00,495.6
3051.0,24,2025-04-09 18:00:00+00:00,495.6
3052.0,22,2025-04-09 18:00:00+00:00,495.6
3053.0,20,2025-04-09 18:00:00+00:00,495.6
3054.0,18,2025-04-09 18:00:00+00:00,495.6
3055.0,22,2025-04-09 18:00:00+00:00,495.6
3056.0,17,2025-04-09 18:00:00+00:00,495.6
3057.0,15,2025-04-09 18:00:00+00:00,495.6
3058.0,10,2025-04-09 18:00:00+00:00,495.6
3059.0,10,2025-04-09 18:00:00+00:00,495.6
3060.0,9,2025-04-09 18:00:00+00:00,495.6
3061.0,9,2025-04-09 18:00:00+00:00,495.6
3062.0,10,2025-04-09 18:00:00+00:00,495.6
3063.0,10,2025-04-09 18:00:00+00:00,495.6
3064.0,9,2025-04-09 18:00:00+00:00,495.6
3065.0,10,2025-04-09 19:00:00+00:00,495.5
3066.0,11,2025-04-09 19:00:00+00:00,495.5
3067.0,12,2025-04-09 19:00:00+00:00,495.5
3068.0,14,2025-04-09 19:00:00+00:00,495.5
3069.0,15,2025-04-09 19:00:00+00:00,495.5
3070.0,18,2025-04-09 19:00:00+00:00,495.5
3071.0,20,2025-04-09 19:00:00+00:00,495.5
3072.0,21,2025-04-09 22:00:00+00:00,495.4
3073.0,24,2025-04-09 22:00:00+00:00,495.4
3074.0,23,2025-04-09 22:00:00+00:00,495.4
3075.0,22,2025-04-09 22:00:00+00:00,495.4
3076.0,21,2025-04-09 22:00:00+00:00,495.4
3077.0,22,2025-04-09 22:00:00+00:00,495.4
3078.0,22,2025-04-09 22:00:00+00:00,495.4
3079.0,25,2025-04-10 01:00:00+00:00,495.3
3080.0,26,2025-04-10 01:00:00+00:00,495.3
3081.0,27,2025-04-10 01:00:00+00:00,495.3
3082.0,24,2025-04-10 01:00:00+00:00,495.3
3083.0,25,2025-04-10 01:00:00+00:00,495.3
3084.0,26,2025-04-10 01:00:00+00:00,495.3
3085.0,23,2025-04-10 01:00:00+00:00,495.3
3086.0,21,2025-04-10 01:00:00+00:00,495.3
3087.0,20,2025-04-10 01:00:00+00:00,495.3
3088.0,19,2025-04-10 01:00:00+00:00,495.3
3089.0,20,2025-04-10 01:00:00+00:00,495.3
3090.0,18,2025-04-10 01:00:00+00:00,495.3
3091.0,18,2025-04-10 01:00:00+00:00,495.3
3092.0,20,2025-04-10 01:00:00+00:00,495.3
3093.0,20,2025-04-10 01:00:00+00:00,495.3
3094.0,21,2025-04-10 02:00:00+00:00,495.2
3095.0,18,2025-04-10 02:00:00+00:00,495.2
3096.0,17,2025-04-10 02:00:00+00:00,495.2
3097.0,17,2025-04-10 02:00:00+00:00,495.2
3098.0,16,2025-04-10 02:00:00+00:00,495.2
3099.0,17,2025-04-10 02:00:00+00:00,495.2
3100.0,16,2025-04-10 02:00:00+00:00,495.2
3101.0,16,2025-04-10 02:00:00+00:00,495.2
3102.0,17,2025-04-10 02:00:00+00:00,495.2
3103.0,18,2025-04-10 02:00:00+00:00,495.2
3104.0,19,2025-04-10 09:00:00+00:00,494.9
3105.0,21,2025-04-10 09:00:00+00:00,494.9
3106.0,23,2025-04-10 09:00:00+00:00,494.9
3107.0,25,2025-04-10 09:00:00+00:00,494.9
3108.0,27,2025-04-10 09:00:00+00:00,494.9
3109.0,27,2025-04-10 09:00:00+00:00,494.9
3110.0,27,2025-04-10 09:00:00+00:00,494.9
3111.0,29,2025-04-10 09:00:00+00:00,494.9
3112.0,30,2025-04-10 09:00:00+00:00,494.9
3113.0,34,2025-04-10 09:00:00+00:00,494.9
3114.0,41,2025-04-10 11:00:00+00:00,494.8
3115.0,40,2025-04-10 11:00:00+00:00,494.8
3116.0,39,2025-04-10 11:00:00+00:00,494.8
3117.0,39,2025-04-10 14:00:00+00:00,494.7
3118.0,41,2025-04-10 14:00:00+00:00,494.7
3119.0,43,2025-04-10 14:00:00+00:00,494.7
3120.0,40,2025-04-10 14:00:00+00:00,494.7
3121.0,42,2025-05-15 06:00:00+00:00,460.1
3122.0,47,2025-05-15 06:00:00+00:00,460.1
3123.0,47,2025-05-15 06:00:00+00:00,460.1
3124.0,43,2025-05-15 06:00:00+00:00,460.1
3125.0,43,2025-05-15 06:00:00+00:00,460.1
3126.0,41,2025-05-15 06:00:00+00:00,460.1
3127.0,40,2025-05-15 06:00:00+00:00,460.1
3128.0,36,2025-05-15 06:00:00+00:00,460.1
3129.0,37,2025-05-15 06:00:00+00:00,460.1
3130.0,33,2025-05-15 06:00:00+00:00,460.1
3131.0,36,2025-05-15 07:00:00+00:00,460.0
3132.0,32,2025-05-15 07:00:00+00:00,460.0
3133.0,29,2025-05-15 07:00:00+00:00,460.0
3134.0,26,2025-05-15 07:00:00+00:00,460.0
3135.0,22,2025-05-15 07:00:00+00:00,460.0
3136.0,17,2025-05-15 07:00:00+00:00,460.0
3137.0,15,2025-05-15 07:00:00+00:00,460.0
3138.0,13,2025-05-15 07:00:00+00:00,460.0
3139.0,10,2025-05-15 07:00:00+00:00,460.0
3140.0,12,2025-05-15 08:00:00+00:00,460.0
3141.0,13,2025-05-15 08:00:00+00:00,460.0
3142.0,11,2025-05-15 08:00:00+00:00,460.0
3143.0,14,2025-05-15 08:00:00+00:00,460.0
3144.0,13,2025-05-15 08:00:00+00:00,460.0
3145.0,14,2025-05-15 08:00:00+00:00,460.0
3146.0,14,2025-05-15 08:00:00+00:00,460.0
3147.0,14,2025-05-15 08:00:00+00:00,460.0
3148.0,13,2025-05-15 08:00:00+00:00,460.0
3149.0,13,2025-05-15 08:00:00+00:00,460.0
3150.0,11,2025-05-15 08:00:00+00:00,460.0
3151.0,12,2025-05-15 08:00:00+00:00,460.0
3152.0,12,2025-05-15 08:00:00+00:00,460.0
3153.0,10,2025-05-15 08:00:00+00:00,460.0
3154.0,10,2025-05-15 08:00:00+00:00,460.0
3155.0,12,2025-05-16 12:00:00+00:00,458.8
3156.0,11,2025-05-16 12:00:00+00:00,458.8
3157.0,11,2025-05-16 12:00:00+00:00,458.8
3158.0,10,2025-05-16 12:00:00+00:00,458.8
3159.0,11,2025-05-16 12:00:00+00:00,458.8
3160.0,12,2025-05-16 12:00:00+00:00,458.8
3161.0,12,2025-05-16 12:00:00+00:00,458.8
3162.0,12,2025-05-16 12:00:00+00:00,458.8
3163.0,12,2025-05-16 12:00:00+00:00,458.8
3164.0,11,2025-05-16 12:00:00+00:00,458.8
3165.0,10,2025-05-16 12:00:00+00:00,458.8
3166.0,10,2025-05-16 14:00:00+00:00,458.7
3167.0,10,2025-05-16 14:00:00+00:00,458.7
3168.0,10,2025-05-16 14:00:00+00:00,458.7
3169.0,12,2025-05-16 14:00:00+00:00,458.7
3170.0,13,2025-05-16 14:00:00+00:00,458.7
3171.0,13,2025-05-16 14:00:00+00:00,458.7
3172.0,14,2025-05-16 14:00:00+00:00,458.7
3173.0,16,2025-05-16 15:00:00+00:00,458.7
3174.0,17,2025-05-16 15:00:00+00:00,458.7
3175.0,17,2025-05-16 15:00:00+00:00,458.7
3176.0,15,2025-05-16 15:00:00+00:00,458.7
3177.0,14,2025-05-16 15:00:00+00:00,458.7
3178.0,16,2025-05-16 15:00:00+00:00,458.7
3179.0,16,2025-05-16 15:00:00+00:00,458.7
3180.0,17,2025-05-16 15:00:00+00:00,458.7
3181.0,19,2025-05-16 16:00:00+00:00,458.6
3182.0,19,2025-05-16 16:00:00+00:00,458.6
3183.0,18,2025-05-16 16:00:00+00:00,458.6
3184.0,17,2025-05-16 17:00:00+00:00,458.6
3185.0,20,2025-05-16 18:00:00+00:00,458.6
3186.0,20,2025-05-16 18:00:00+00:00,458.6
3187.0,18,2025-05-16 18:00:00+00:00,458.6
3188.0,18,2025-05-16 19:00:00+00:00,458.5
3189.0,17,2025-05-16 19:00:00+00:00,458.5
3190.0,15,2025-05-16 19:00:00+00:00,458.5
3191.0,14,2025-05-16 19:00:00+00:00,458.5
3192.0,12,2025-05-16 19:00:00+00:00,458.5
3193.0,11,2025-05-16 20:00:00+00:00,458.5
3194.0,13,2025-05-16 20:00:00+00:00,458.5
3195.0,12,2025-05-16 20:00:00+00:00,458.5
3196.0,12,2025-05-16 20:00:00+00:00,458.5
3197.0,13,2025-05-16 20:00:00+00:00,458.5
3198.0,14,2025-05-16 20:00:00+00:00,458.5
3199.0,13,2025-05-16 20:00:00+00:00,458.5
3200.0,12,2025-05-16 20:00:00+00:00,458.5
3201.0,14,2025-05-16 20:00:00+00:00,458.5
3202.0,17,2025-05-16 20:00:00+00:00,458.5
3203.0,16,2025-05-16 10:00:00+00:00,458.9
3204.0,18,2025-05-16 10:00:00+00:00,458.9
3205.0,20,2025-05-20 03:00:00+00:00,455.2
3206.0,23,2025-05-20 03:00:00+00:00,455.2
3207.0,27,2025-05-20 03:00:00+00:00,455.2
3208.0,32,2025-05-20 07:00:00+00:00,455.0
3209.0,36,2025-05-20 07:00:00+00:00,455.0
3210.0,37,2025-05-20 07:00:00+00:00,455.0
3211.0,40,2025-05-20 07:00:00+00:00,455.0
3212.0,46,2025-05-20 07:00:00+00:00,455.0
3213.0,49,2025-05-20 07:00:00+00:00,455.0
3214.0,50,2025-05-20 07:00:00+00:00,455.0
3215.0,54,2025-05-20 07:00:00+00:00,455.0
3216.0,55,2025-05-20 07:00:00+00:00,455.0
3217.0,59,2025-05-20 07:00:00+00:00,455.0
3218.0,60,2025-05-20 07:00:00+00:00,455.0
3219.0,60,2025-05-20 08:00:00+00:00,455.0
3220.0,62,2025-05-20 08:00:00+00:00,455.0
3221.0,66,2025-05-20 08:00:00+00:00,455.0
3222.0,70,2025-05-20 08:00:00+00:00,455.0
3223.0,70,2025-05-20 08:00:00+00:00,455.0
3224.0,76,2025-05-20 08:00:00+00:00,455.0
3225.0,75,2025-05-20 08:00:00+00:00,455.0
3226.0,73,2025-05-20 08:00:00+00:00,455.0
3227.0,76,2025-05-20 08:00:00+00:00,455.0
3228.0,73,2025-05-20 08:00:00+00:00,455.0
3229.0,79,2025-05-20 08:00:00+00:00,455.0
3230.0,85,2025-05-20 08:00:00+00:00,455.0
3231.0,80,2025-05-20 09:00:00+00:00,454.9
3232.0,79,2025-05-20 10:00:00+00:00,454.9
3233.0,78,2025-05-20 13:00:00+00:00,454.8
3234.0,78,2025-05-20 13:00:00+00:00,454.8
3235.0,75,2025-05-20 13:00:00+00:00,454.8
3236.0,72,2025-05-20 13:00:00+00:00,454.8
3237.0,65,2025-05-20 13:00:00+00:00,454.8
3238.0,65,2025-05-20 13:00:00+00:00,454.8
3239.0,58,2025-05-20 13:00:00+00:00,454.8
3240.0,55,2025-05-20 13:00:00+00:00,454.8
3241.0,52,2025-05-20 13:00:00+00:00,454.8
3242.0,47,2025-05-20 13:00:00+00:00,454.8
3243.0,47,2025-05-20 13:00:00+00:00,454.8
3244.0,41,2025-05-20 13:00:00+00:00,454.8
3245.0,33,2025-05-20 13:00:00+00:00,454.8
3246.0,32,2025-05-29 01:00:00+00:00,446.3
3247.0,33,2025-05-29 01:00:00+00:00,446.3
3248.0,33,2025-06-29 22:00:00+00:00,414.4
3249.0,32,2025-06-29 22:00:00+00:00,414.4
3250.0,32,2025-06-29 22:00:00+00:00,414.4
3251.0,34,2025-06-29 22:00:00+00:00,414.4
3252.0,32,2025-06-29 22:00:00+00:00,414.4
3253.0,30,2025-06-29 22:00:00+00:00,414.4
3254.0,32,2025-06-29 22:00:00+00:00,414.4
3255.0,31,2025-06-29 22:00:00+00:00,414.4
3256.0,33,2025-06-29 22:00:00+00:00,414.4
3257.0,32,2025-06-29 22:00:00+00:00,414.4
3258.0,30,2025-06-29 22:00:00+00:00,414.4
3259.0,31,2025-06-29 22:00:00+00:00,414.4
3260.0,31,2025-06-30 01:00:00+00:00,414.3
3261.0,32,2025-06-30 01:00:00+00:00,414.3
3262.0,30,2025-06-30 01:00:00+00:00,414.3
3263.0,30,2025-06-30 01:00:00+00:00,414.3
3264.0,31,2025-06-30 01:00:00+00:00,414.3
3265.0,27,2025-06-30 01:00:00+00:00,414.3
3266.0,26,2025-06-30 01:00:00+00:00,414.3
3267.0,30,2025-06-30 01:00:00+00:00,414.3
3268.0,28,2025-06-30 01:00:00+00:00,414.3
3269.0,34,2025-07-30 20:00:00+00:00,383.5
3270.0,38,2025-07-30 20:00:00+00:00,383.5
3271.0,42,2025-07-30 20:00:00+00:00,383.5
3272.0,45,2025-07-30 20:00:00+00:00,383.5
3273.0,46,2025-07-30 20:00:00+00:00,383.5
3274.0,50,2025-07-30 20:00:00+00:00,383.5
3275.0,53,2025-07-30 22:00:00+00:00,383.4
3276.0,52,2025-07-30 22:00:00+00:00,383.4
3277.0,52,2025-07-30 22:00:00+00:00,383.4
3278.0,58,2025-07-30 23:00:00+00:00,383.3
3279.0,57,2025-07-30 23:00:00+00:00,383.3
3280.0,62,2025-07-30 23:00:00+00:00,383.3
3281.0,62,2025-07-30 23:00:00+00:00,383.3
3282.0,65,2025-08-01 01:00:00+00:00,382.3
3283.0,67,2025-08-01 01:00:00+00:00,382.3
3284.0,71,2025-08-01 02:00:00+00:00,382.2
3285.0,76,2025-08-01 02:00:00+00:00,382.2
3286.0,79,2025-08-01 08:00:00+00:00,382.0
3287.0,83,2025-08-01 08:00:00+00:00,382.0
3288.0,84,2025-08-01 08:00:00+00:00,382.0
3289.0,94,2025-08-01 08:00:00+00:00,382.0
3290.0,99,2025-08-01 08:00:00+00:00,382.0
3291.0,111,2025-08-01 08:00:00+00:00,382.0
3292.0,125,2025-08-01 08:00:00+00:00,382.0
3293.0,134,2025-08-01 09:00:00+00:00,381.9
3294.0,138,2025-08-01 10:00:00+00:00,381.9
3295.0,140,2025-08-01 10:00:00+00:00,381.9
3296.0,131,2025-08-01 10:00:00+00:00,381.9
3297.0,130,2025-08-01 11:00:00+00:00,381.8
3298.0,120,2025-08-01 12:00:00+00:00,381.8
3299.0,122,2025-08-01 12:00:00+00:00,381.8
3300.0,126,2025-08-01 12:00:00+00:00,381.8
3301.0,130,2025-08-01 12:00:00+00:00,381.8
3302.0,135,2025-08-01 12:00:00+00:00,381.8
3303.0,138,2025-08-01 12:00:00+00:00,381.8
3304.0,138,2025-08-01 12:00:00+00:00,381.8
3305.0,133,2025-08-01 12:00:00+00:00,381.8
3306.0,135,2025-08-01 12:00:00+00:00,381.8
3307.0,142,2025-08-01 12:00:00+00:00,381.8
3308.0,146,2025-08-01 12:00:00+00:00,381.8
3309.0,150,2025-08-01 12:00:00+00:00,381.8
3310.0,155,2025-08-01 12:00:00+00:00,381.8
3311.0,152,2025-08-01 12:00:00+00:00,381.8
3312.0,167,2025-08-20 01:00:00+00:00,363.3
3313.0,173,2025-08-20 02:00:00+00:00,363.2
3314.0,168,2025-08-20 03:00:00+00:00,363.2
3315.0,169,2025-08-20 03:00:00+00:00,363.2
3316.0,166,2025-08-20 03:00:00+00:00,363.2
3317.0,169,2025-08-20 03:00:00+00:00,363.2
3318.0,165,2025-08-20 04:00:00+00:00,363.1
3319.0,155,2025-08-20 05:00:00+00:00,363.1
3320.0,156,2025-08-20 05:00:00+00:00,363.1
3321.0,162,2025-08-20 08:00:00+00:00,363.0
3322.0,166,2025-08-22 12:00:00+00:00,360.8
3323.0,170,2025-08-22 12:00:00+00:00,360.8
3324.0,184,2025-08-22 13:00:00+00:00,360.8
3325.0,183,2025-08-22 13:00:00+00:00,360.8
3326.0,203,2025-08-22 13:00:00+00:00,360.8
3327.0,212,2025-08-22 13:00:00+00:00,360.8
3328.0,221,2025-08-22 13:00:00+00:00,360.8
3329.0,219,2025-08-22 13:00:00+00:00,360.8
3330.0,216,2025-08-22 13:00:00+00:00,360.8
3331.0,213,2025-08-22 13:00:00+00:00,360.8
3332.0,213,2025-08-22 13:00:00+00:00,360.8
3333.0,221,2025-08-22 13:00:00+00:00,360.8
3334.0,225,2025-08-22 14:00:00+00:00,360.7
3335.0,218,2025-08-22 14:00:00+00:00,360.7
3336.0,218,2025-08-22 14:00:00+00:00,360.7
3337.0,229,2025-08-22 14:00:00+00:00,360.7
3338.0,247,2025-08-22 14:00:00+00:00,360.7
3339.0,235,2025-08-22 14:00:00+00:00,360.7
3340.0,218,2025-08-22 14:00:00+00:00,360.7
3341.0,204,2025-08-22 14:00:00+00:00,360.7
3342.0,195,2025-08-22 14:00:00+00:00,360.7
3343.0,184,2025-08-22 14:00:00+00:00,360.7
3344.0,181,2025-08-22 14:00:00+00:00,360.7
3345.0,176,2025-08-22 14:00:00+00:00,360.7
3346.0,175,2025-08-22 14:00:00+00:00,360.7
3347.0,182,2025-08-22 14:00:00+00:00,360.7
3348.0,189,2025-08-22 14:00:00+00:00,360.7
3349.0,183,2025-08-22 14:00:00+00:00,360.7
3350.0,169,2025-08-22 14:00:00+00:00,360.7
3351.0,169,2025-08-22 14:00:00+00:00,360.7
3352.0,164,2025-08-26 00:00:00+00:00,357.3
3353.0,171,2025-08-26 00:00:00+00:00,357.3
3354.0,171,2025-08-26 00:00:00+00:00,357.3
3355.0,171,2025-08-26 00:00:00+00:00,357.3
3356.0,166,2025-08-26 00:00:00+00:00,357.3
3357.0,171,2025-08-26 00:00:00+00:00,357.3
3358.0,172,2025-08-26 00:00:00+00:00,357.3
3359.0,165,2025-08-26 00:00:00+00:00,357.3
3360.0,156,2025-08-26 00:00:00+00:00,357.3
3361.0,147,2025-08-26 00:00:00+00:00,357.3
3362.0,137,2025-08-26 00:00:00+00:00,357.3
3363.0,136,2025-08-26 00:00:00+00:00,357.3
3364.0,134,2025-08-26 00:00:00+00:00,357.3
3365.0,127,2025-08-26 00:00:00+00:00,357.3
3366.0,127,2025-08-26 00:00:00+00:00,357.3
3367.0,125,2025-08-26 00:00:00+00:00,357.3
3368.0,125,2025-08-26 10:00:00+00:00,356.9
3369.0,122,2025-08-26 10:00:00+00:00,356.9
3370.0,131,2025-08-26 10:00:00+00:00,356.9
3371.0,142,2025-08-26 14:00:00+00:00,356.7
3372.0,147,2025-08-26 14:00:00+00:00,356.7
3373.0,151,2025-08-26 14:00:00+00:00,356.7
3374.0,157,2025-08-27 11:00:00+00:00,355.8
3375.0,155,2025-08-27 12:00:00+00:00,355.8
3376.0,150,2025-08-27 13:00:00+00:00,355.8
3377.0,146,2025-08-27 14:00:00+00:00,355.7
3378.0,137,2025-08-27 14:00:00+00:00,355.7
3379.0,144,2025-08-27 14:00:00+00:00,355.7
3380.0,124,2025-08-27 14:00:00+00:00,355.7
3381.0,124,2025-08-27 14:00:00+00:00,355.7
3382.0,126,2025-08-27 14:00:00+00:00,355.7
3383.0,127,2025-08-27 14:00:00+00:00,355.7
3384.0,132,2025-08-27 14:00:00+00:00,355.7
3385.0,139,2025-08-28 02:00:00+00:00,355.2
3386.0,132,2025-08-28 02:00:00+00:00,355.2
3387.0,130,2025-08-28 02:00:00+00:00,355.2
3388.0,131,2025-08-28 05:00:00+00:00,355.1
3389.0,128,2025-08-28 06:00:00+00:00,355.1
3390.0,123,2025-08-28 06:00:00+00:00,355.1
3391.0,114,2025-08-28 06:00:00+00:00,355.1
3392.0,106,2025-08-28 06:00:00+00:00,355.1
3393.0,93,2025-08-28 06:00:00+00:00,355.1
3394.0,92,2025-08-28 10:00:00+00:00,354.9
3395.0,93,2025-08-28 13:00:00+00:00,354.8
3396.0,85,2025-08-28 13:00:00+00:00,354.8
3397.0,81,2025-08-28 13:00:00+00:00,354.8
3398.0,70,2025-08-28 13:00:00+00:00,354.8
3399.0,63,2025-08-28 13:00:00+00:00,354.8
3400.0,51,2025-08-28 13:00:00+00:00,354.8
3401.0,43,2025-08-28 13:00:00+00:00,354.8
3402.0,30,2025-08-28 13:00:00+00:00,354.8
3403.0,25,2025-08-28 13:00:00+00:00,354.8
3404.0,23,2025-08-28 13:00:00+00:00,354.8
3405.0,22,2025-08-29 11:00:00+00:00,353.8
3406.0,24,2025-08-29 11:00:00+00:00,353.8
3407.0,30,2025-08-29 12:00:00+00:00,353.8
3408.0,33,2025-08-29 12:00:00+00:00,353.8
3409.0,33,2025-08-29 12:00:00+00:00,353.8
3410.0,37,2025-08-29 12:00:00+00:00,353.8
3411.0,39,2025-08-29 12:00:00+00:00,353.8
3412.0,39,2025-08-29 12:00:00+00:00,353.8
3413.0,41,2025-08-29 12:00:00+00:00,353.8
3414.0,40,2025-08-29 13:00:00+00:00,353.8
3415.0,40,2025-08-29 13:00:00+00:00,353.8
3416.0,39,2025-08-29 13:00:00+00:00,353.8
3417.0,39,2025-08-29 13:00:00+00:00,353.8
3418.0,40,2025-08-29 13:00:00+00:00,353.8
3419.0,37,2025-08-29 13:00:00+00:00,353.8
3420.0,39,2025-08-29 13:00:00+00:00,353.8
3421.0,41,2025-08-29 13:00:00+00:00,353.8
3422.0,42,2025-08-29 13:00:00+00:00,353.8
3423.0,41,2025-08-29 13:00:00+00:00,353.8
3424.0,42,2025-08-29 13:00:00+00:00,353.8
3425.0,41,2025-08-29 13:00:00+00:00,353.8
3426.0,38,2025-08-29 13:00:00+00:00,353.8
3427.0,38,2025-08-29 13:00:00+00:00,353.8
3428.0,39,2025-08-29 13:00:00+00:00,353.8
3429.0,40,2025-08-29 14:00:00+00:00,353.7
3430.0,38,2025-08-29 14:00:00+00:00,353.7
3431.0,31,2025-08-29 14:00:00+00:00,353.7
3432.0,28,2025-08-29 14:00:00+00:00,353.7
3433.0,25,2025-08-29 14:00:00+00:00,353.7
3434.0,20,2025-08-29 14:00:00+00:00,353.7
3435.0,20,2025-08-29 14:00:00+00:00,353.7
3436.0,17,2025-08-29 14:00:00+00:00,353.7
3437.0,17,2025-08-29 14:00:00+00:00,353.7
3438.0,19,2025-09-01 01:00:00+00:00,351.3
3439.0,17,2025-09-01 01:00:00+00:00,351.3
3440.0,15,2025-09-01 01:00:00+00:00,351.3
3441.0,16,2025-09-01 01:00:00+00:00,351.3
3442.0,17,2025-09-01 01:00:00+00:00,351.3
3443.0,21,2025-09-01 01:00:00+00:00,351.3
3444.0,22,2025-09-01 01:00:00+00:00,351.3
3445.0,20,2025-09-01 01:00:00+00:00,351.3
3446.0,20,2025-09-01 01:00:00+00:00,351.3
3447.0,18,2025-09-01 01:00:00+00:00,351.3
3448.0,16,2025-09-01 01:00:00+00:00,351.3
3449.0,17,2025-09-01 01:00:00+00:00,351.3
3450.0,15,2025-09-01 01:00:00+00:00,351.3
3451.0,12,2025-09-01 01:00:00+00:00,351.3
3452.0,11,2025-09-01 01:00:00+00:00,351.3
3453.0,9,2025-09-01 01:00:00+00:00,351.3
3454.0,8,2025-09-01 01:00:00+00:00,351.3
3455.0,8,2025-09-01 01:00:00+00:00,351.3
3456.0,8,2025-09-01 02:00:00+00:00,351.2
3457.0,8,2025-09-01 02:00:00+00:00,351.2
3458.0,8,2025-09-01 02:00:00+00:00,351.2
3459.0,7,2025-09-01 02:00:00+00:00,351.2
3460.0,6,2025-09-01 02:00:00+00:00,351.2
3461.0,7,2025-09-01 02:00:00+00:00,351.2
3462.0,6,2025-09-01 02:00:00+00:00,351.2
3463.0,6,2025-09-01 02:00:00+00:00,351.2
3464.0,6,2025-09-01 02:00:00+00:00,351.2
3465.0,5,2025-09-01 02:00:00+00:00,351.2
3466.0,5,2025-09-01 02:00:00+00:00,351.2
3467.0,6,2025-09-01 10:00:00+00:00,350.9
3468.0,10,2025-09-01 12:00:00+00:00,350.8
3469.0,10,2025-09-01 13:00:00+00:00,350.8
3470.0,11,2025-09-01 13:00:00+00:00,350.8
3471.0,12,2025-09-02 08:00:00+00:00,350.0
3472.0,11,2025-09-02 08:00:00+00:00,350.0
3473.0,14,2025-09-02 08:00:00+00:00,350.0
3474.0,15,2025-09-02 08:00:00+00:00,350.0
3475.0,19,2025-09-02 12:00:00+00:00,349.8
3476.0,23,2025-09-02 12:00:00+00:00,349.8
3477.0,26,2025-09-02 12:00:00+00:00,349.8
3478.0,24,2025-09-02 12:00:00+00:00,349.8
3479.0,25,2025-09-02 13:00:00+00:00,349.8
3480.0,22,2025-09-02 13:00:00+00:00,349.8
3481.0,19,2025-09-02 13:00:00+00:00,349.8
3482.0,15,2025-09-02 13:00:00+00:00,349.8
3483.0,14,2025-09-02 13:00:00+00:00,349.8
3484.0,15,2025-09-02 13:00:00+00:00,349.8
3485.0,14,2025-09-02 13:00:00+00:00,349.8
3486.0,12,2025-09-02 13:00:00+00:00,349.8
3487.0,11,2025-09-02 13:00:00+00:00,349.8
3488.0,11,2025-09-02 13:00:00+00:00,349.8
3489.0,10,2025-09-02 14:00:00+00:00,349.7
3490.0,9,2025-09-02 14:00:00+00:00,349.7
3491.0,9,2025-09-02 14:00:00+00:00,349.7
3492.0,10,2025-09-02 14:00:00+00:00,349.7
3493.0,11,2025-09-02 14:00:00+00:00,349.7
3494.0,11,2025-09-02 14:00:00+00:00,349.7
3495.0,9,2025-09-02 14:00:00+00:00,349.7
3496.0,7,2025-09-02 14:00:00+00:00,349.7
3497.0,6,2025-09-02 14:00:00+00:00,349.7
3498.0,5,2025-09-02 14:00:00+00:00,349.7
3499.0,4,2025-09-02 14:00:00+00:00,349.7
3500.0,4,2025-09-02 14:00:00+00:00,349.7
3501.0,2,2025-09-02 14:00:00+00:00,349.7
3502.0,2,2025-09-02 14:00:00+00:00,349.7
3503.0,2,2025-09-02 14:00:00+00:00,349.7
3504.0,2,2025-09-02 14:00:00+00:00,349.7
3505.0,2,2025-09-02 14:00:00+00:00,349.7
3506.0,2,2025-09-02 14:00:00+00:00,349.7
3507.0,2,2025-09-02 14:00:00+00:00,349.7
3508.0,2,2025-09-02 14:00:00+00:00,349.7
3509.0,1,2025-09-02 14:00:00+00:00,349.7
3510.0,2,2025-09-02 15:00:00+00:00,349.7
3511.0,2,2025-09-02 15:00:00+00:00,349.7
3512.0,3,2025-09-04 03:00:00+00:00,348.2
3513.0,3,2025-09-04 03:00:00+00:00,348.2
3514.0,3,2025-09-04 03:00:00+00:00,348.2
3515.0,2,2025-09-04 03:00:00+00:00,348.2
3516.0,2,2025-09-04 03:00:00+00:00,348.2
3517.0,2,2025-09-04 03:00:00+00:00,348.2
3518.0,2,2025-09-04 03:00:00+00:00,348.2
3519.0,3,2025-09-04 03:00:00+00:00,348.2
3520.0,3,2025-09-04 03:00:00+00:00,348.2
3521.0,2,2025-09-04 03:00:00+00:00,348.2
3522.0,3,2025-09-04 03:00:00+00:00,348.2
3523.0,3,2025-09-04 03:00:00+00:00,348.2
3524.0,3,2025-09-04 03:00:00+00:00,348.2
3525.0,4,2025-09-04 06:00:00+00:00,348.1
3526.0,6,2025-09-04 06:00:00+00:00,348.1
3527.0,9,2025-09-04 06:00:00+00:00,348.1
3528.0,9,2025-09-04 06:00:00+00:00,348.1
3529.0,11,2025-09-04 06:00:00+00:00,348.1
3530.0,15,2025-09-04 06:00:00+00:00,348.1
3531.0,15,2025-09-04 06:00:00+00:00,348.1
3532.0,16,2025-09-04 06:00:00+00:00,348.1
3533.0,17,2025-09-04 07:00:00+00:00,348.0
3534.0,18,2025-09-04 07:00:00+00:00,348.0
3535.0,16,2025-09-04 07:00:00+00:00,348.0
3536.0,16,2025-09-04 14:00:00+00:00,347.7
3537.0,18,2025-09-04 14:00:00+00:00,347.7
3538.0,16,2025-09-04 14:00:00+00:00,347.7
3539.0,15,2025-09-04 14:00:00+00:00,347.7
3540.0,18,2025-09-04 22:00:00+00:00,347.4
3541.0,18,2025-09-04 23:00:00+00:00,347.3
3542.0,14,2025-09-04 23:00:00+00:00,347.3
3543.0,17,2025-09-04 23:00:00+00:00,347.3
3544.0,18,2025-09-04 23:00:00+00:00,347.3
3545.0,19,2025-09-05 08:00:00+00:00,347.0
3546.0,19,2025-09-05 09:00:00+00:00,346.9
3547.0,18,2025-09-05 09:00:00+00:00,346.9
3548.0,18,2025-09-05 11:00:00+00:00,346.8
3549.0,21,2025-09-05 12:00:00+00:00,346.8
3550.0,21,2025-09-05 12:00:00+00:00,346.8
3551.0,20,2025-09-05 12:00:00+00:00,346.8
3552.0,19,2025-09-05 12:00:00+00:00,346.8
3553.0,19,2025-09-05 12:00:00+00:00,346.8
3554.0,16,2025-09-05 12:00:00+00:00,346.8
3555.0,15,2025-09-05 12:00:00+00:00,346.8
3556.0,13,2025-09-05 12:00:00+00:00,346.8
3557.0,11,2025-09-05 12:00:00+00:00,346.8
3558.0,12,2025-09-05 12:00:00+00:00,346.8
3559.0,11,2025-09-05 12:00:00+00:00,346.8
3560.0,10,2025-09-05 12:00:00+00:00,346.8
3561.0,10,2025-09-05 12:00:00+00:00,346.8
3562.0,8,2025-09-05 12:00:00+00:00,346.8
3563.0,8,2025-09-05 12:00:00+00:00,346.8
3564.0,7,2025-09-05 12:00:00+00:00,346.8
3565.0,6,2025-09-05 12:00:00+00:00,346.8
3566.0,6,2025-09-05 12:00:00+00:00,346.8
3567.0,5,2025-09-05 12:00:00+00:00,346.8
3568.0,4,2025-09-05 12:00:00+00:00,346.8
3569.0,4,2025-09-05 12:00:00+00:00,346.8
3570.0,4,2025-09-05 12:00:00+00:00,346.8
3571.0,5,2025-09-05 12:00:00+00:00,346.8
3572.0,4,2025-09-05 12:00:00+00:00,346.8
3573.0,3,2025-09-05 12:00:00+00:00,346.8
3574.0,5,2025-09-05 14:00:00+00:00,346.7
3575.0,5,2025-09-05 14:00:00+00:00,346.7
3576.0,4,2025-09-05 14:00:00+00:00,346.7
3577.0,4,2025-09-05 14:00:00+00:00,346.7
3578.0,4,2025-09-05 14:00:00+00:00,346.7
3579.0,3,2025-09-05 14:00:00+00:00,346.7
3580.0,4,2025-09-08 04:00:00+00:00,344.1
3581.0,4,2025-09-08 04:00:00+00:00,344.1
3582.0,6,2025-09-08 05:00:00+00:00,344.1
3583.0,7,2025-09-08 05:00:00+00:00,344.1
3584.0,7,2025-09-08 05:00:00+00:00,344.1
3585.0,7,2025-09-08 05:00:00+00:00,344.1
3586.0,7,2025-09-08 05:00:00+00:00,344.1
3587.0,9,2025-09-08 05:00:00+00:00,344.1
3588.0,11,2025-09-08 05:00:00+00:00,344.1
3589.0,11,2025-09-08 05:00:00+00:00,344.1
3590.0,12,2025-09-08 06:00:00+00:00,344.1
3591.0,13,2025-09-08 06:00:00+00:00,344.1
3592.0,13,2025-09-08 06:00:00+00:00,344.1
3593.0,14,2025-09-08 06:00:00+00:00,344.1
3594.0,14,2025-09-08 06:00:00+00:00,344.1
3595.0,11,2025-09-08 06:00:00+00:00,344.1
3596.0,8,2025-09-08 06:00:00+00:00,344.1
3597.0,7,2025-09-08 07:00:00+00:00,344.0
3598.0,3,2025-09-08 07:00:00+00:00,344.0
3599.0,2,2025-09-08 07:00:00+00:00,344.0
3600.0,2,2025-09-08 07:00:00+00:00,344.0
3601.0,1,2025-09-08 07:00:00+00:00,344.0
3602.0,1,2025-09-08 07:00:00+00:00,344.0
3603.0,1,2025-09-08 07:00:00+00:00,344.0
3604.0,1,2025-09-08 07:00:00+00:00,344.0
3605.0,1,2025-09-08 07:00:00+00:00,344.0
3606.0,1,2025-09-08 07:00:00+00:00,344.0
3607.0,1,2025-09-08 07:00:00+00:00,344.0
3608.0,2,2025-09-08 08:00:00+00:00,344.0
3609.0,3,2025-09-08 09:00:00+00:00,343.9
3610.0,3,2025-09-08 09:00:00+00:00,343.9
3611.0,3,2025-09-08 09:00:00+00:00,343.9
3612.0,3,2025-09-08 09:00:00+00:00,343.9
3613.0,4,2025-09-08 11:00:00+00:00,343.8
3614.0,5,2025-09-11 12:00:00+00:00,340.8
3615.0,6,2025-09-11 12:00:00+00:00,340.8
3616.0,7,2025-09-11 12:00:00+00:00,340.8
3617.0,7,2025-09-11 12:00:00+00:00,340.8
3618.0,6,2025-09-11 12:00:00+00:00,340.8
3619.0,7,2025-09-11 13:00:00+00:00,340.8
3620.0,8,2025-09-11 13:00:00+00:00,340.8
3621.0,9,2025-09-11 13:00:00+00:00,340.8
3622.0,10,2025-09-11 13:00:00+00:00,340.8
3623.0,9,2025-09-11 13:00:00+00:00,340.8
3624.0,12,2025-09-11 13:00:00+00:00,340.8
3625.0,11,2025-09-11 13:00:00+00:00,340.8
3626.0,12,2025-09-11 13:00:00+00:00,340.8
3627.0,14,2025-09-15 01:00:00+00:00,337.3
3628.0,15,2025-09-18 13:00:00+00:00,333.8
3629.0,19,2025-09-18 13:00:00+00:00,333.8
3630.0,21,2025-09-18 13:00:00+00:00,333.8
3631.0,25,2025-09-18 13:00:00+00:00,333.8
3632.0,28,2025-09-18 13:00:00+00:00,333.8
3633.0,30,2025-09-19 01:00:00+00:00,333.3
3634.0,37,2025-09-19 01:00:00+00:00,333.3
3635.0,38,2025-09-19 01:00:00+00:00,333.3
3636.0,42,2025-09-19 01:00:00+00:00,333.3
3637.0,45,2025-09-19 01:00:00+00:00,333.3
3638.0,37,2025-09-19 01:00:00+00:00,333.3
3639.0,39,2025-09-19 02:00:00+00:00,333.2
3640.0,48,2025-09-19 02:00:00+00:00,333.2
3641.0,52,2025-09-19 02:00:00+00:00,333.2
3642.0,55,2025-09-19 02:00:00+00:00,333.2
3643.0,55,2025-09-19 02:00:00+00:00,333.2
3644.0,58,2025-09-19 13:00:00+00:00,332.8
3645.0,63,2025-09-19 13:00:00+00:00,332.8
3646.0,59,2025-09-19 13:00:00+00:00,332.8
3647.0,54,2025-09-19 13:00:00+00:00,332.8
3648.0,49,2025-09-19 13:00:00+00:00,332.8
3649.0,48,2025-09-19 13:00:00+00:00,332.8
3650.0,44,2025-09-19 13:00:00+00:00,332.8
3651.0,41,2025-09-19 13:00:00+00:00,332.8
3652.0,38,2025-09-19 13:00:00+00:00,332.8
3653.0,36,2025-09-19 13:00:00+00:00,332.8
3654.0,38,2025-09-19 13:00:00+00:00,332.8
3655.0,32,2025-09-19 13:00:00+00:00,332.8
3656.0,32,2025-09-19 13:00:00+00:00,332.8
3657.0,26,2025-09-19 14:00:00+00:00,332.7
3658.0,23,2025-09-19 14:00:00+00:00,332.7
3659.0,23,2025-09-19 14:00:00+00:00,332.7
3660.0,18,2025-09-19 14:00:00+00:00,332.7
3661.0,19,2025-09-19 14:00:00+00:00,332.7
3662.0,17,2025-09-19 14:00:00+00:00,332.7
3663.0,21,2025-09-19 14:00:00+00:00,332.7
3664.0,21,2025-09-19 14:00:00+00:00,332.7
3665.0,20,2025-09-19 14:00:00+00:00,332.7
3666.0,20,2025-09-19 15:00:00+00:00,332.7
3667.0,21,2025-09-19 16:00:00+00:00,332.6
3668.0,19,2025-09-19 16:00:00+00:00,332.6
3669.0,18,2025-09-19 17:00:00+00:00,332.6
3670.0,14,2025-09-19 17:00:00+00:00,332.6
3671.0,13,2025-09-19 17:00:00+00:00,332.6
3672.0,13,2025-09-19 17:00:00+00:00,332.6
3673.0,11,2025-09-19 17:00:00+00:00,332.6
3674.0,9,2025-09-19 17:00:00+00:00,332.6
3675.0,11,2025-09-19 17:00:00+00:00,332.6
3676.0,13,2025-09-19 17:00:00+00:00,332.6
3677.0,19,2025-09-19 17:00:00+00:00,332.6
3678.0,19,2025-09-19 17:00:00+00:00,332.6
3679.0,24,2025-09-19 18:00:00+00:00,332.6
3680.0,23,2025-09-19 18:00:00+00:00,332.6
3681.0,24,2025-09-19 20:00:00+00:00,332.5
3682.0,23,2025-09-19 20:00:00+00:00,332.5
3683.0,19,2025-09-19 20:00:00+00:00,332.5
3684.0,18,2025-09-21 22:00:00+00:00,330.4
3685.0,17,2025-09-21 22:00:00+00:00,330.4
3686.0,18,2025-09-22 03:00:00+00:00,330.2
3687.0,22,2025-09-22 03:00:00+00:00,330.2
3688.0,21,2025-09-22 03:00:00+00:00,330.2
3689.0,19,2025-09-22 03:00:00+00:00,330.2
3690.0,20,2025-09-22 03:00:00+00:00,330.2
3691.0,19,2025-09-22 04:00:00+00:00,330.1
3692.0,19,2025-09-22 05:00:00+00:00,330.1
3693.0,18,2025-09-22 05:00:00+00:00,330.1
3694.0,16,2025-09-22 05:00:00+00:00,330.1
3695.0,14,2025-09-22 05:00:00+00:00,330.1
3696.0,12,2025-09-22 06:00:00+00:00,330.1
3697.0,11,2025-09-22 06:00:00+00:00,330.1
3698.0,8,2025-09-22 06:00:00+00:00,330.1
3699.0,5,2025-09-22 06:00:00+00:00,330.1
3700.0,4,2025-09-22 06:00:00+00:00,330.1
3701.0,3,2025-09-22 06:00:00+00:00,330.1
3702.0,3,2025-09-22 06:00:00+00:00,330.1
3703.0,3,2025-09-22 06:00:00+00:00,330.1
3704.0,2,2025-09-22 06:00:00+00:00,330.1
3705.0,2,2025-09-22 06:00:00+00:00,330.1
3706.0,2,2025-09-22 06:00:00+00:00,330.1
3707.0,2,2025-09-22 06:00:00+00:00,330.1
3708.0,1,2025-09-22 06:00:00+00:00,330.1
3709.0,2,2025-09-22 07:00:00+00:00,330.0
3710.0,2,2025-09-22 07:00:00+00:00,330.0
3711.0,2,2025-09-22 07:00:00+00:00,330.0
3712.0,2,2025-09-22 07:00:00+00:00,330.0
3713.0,4,2025-09-22 12:00:00+00:00,329.8
3714.0,5,2025-09-22 13:00:00+00:00,329.8
3715.0,5,2025-09-22 13:00:00+00:00,329.8
3716.0,5,2025-09-22 13:00:00+00:00,329.8
3717.0,5,2025-09-22 14:00:00+00:00,329.7
3718.0,6,2025-09-24 19:00:00+00:00,327.5
3719.0,6,2025-09-24 19:00:00+00:00,327.5
3720.0,6,2025-09-24 19:00:00+00:00,327.5
3721.0,6,2025-09-24 19:00:00+00:00,327.5
3722.0,9,2025-09-25 13:00:00+00:00,326.8
3723.0,9,2025-09-25 13:00:00+00:00,326.8
3724.0,11,2025-09-25 14:00:00+00:00,326.7
3725.0,11,2025-09-25 14:00:00+00:00,326.7
3726.0,9,2025-09-25 14:00:00+00:00,326.7
3727.0,7,2025-09-25 14:00:00+00:00,326.7
3728.0,8,2025-09-25 15:00:00+00:00,326.7
3729.0,6,2025-09-25 15:00:00+00:00,326.7
3730.0,8,2025-09-25 15:00:00+00:00,326.7
3731.0,9,2025-09-25 15:00:00+00:00,326.7
3732.0,9,2025-09-25 15:00:00+00:00,326.7
3733.0,14,2025-09-25 17:00:00+00:00,326.6
3734.0,13,2025-09-25 17:00:00+00:00,326.6
3735.0,16,2025-09-26 03:00:00+00:00,326.2
3736.0,17,2025-09-26 03:00:00+00:00,326.2
3737.0,17,2025-09-26 03:00:00+00:00,326.2
3738.0,20,2025-09-26 03:00:00+00:00,326.2
3739.0,22,2025-09-26 03:00:00+00:00,326.2
3740.0,24,2025-09-26 07:00:00+00:00,326.0
3741.0,25,2025-09-26 07:00:00+00:00,326.0
3742.0,28,2025-09-26 07:00:00+00:00,326.0
3743.0,27,2025-09-26 10:00:00+00:00,325.9
3744.0,29,2025-09-26 10:00:00+00:00,325.9
3745.0,33,2025-09-26 11:00:00+00:00,325.8
3746.0,32,2025-09-26 11:00:00+00:00,325.8
3747.0,33,2025-09-26 12:00:00+00:00,325.8
3748.0,30,2025-09-26 12:00:00+00:00,325.8
3749.0,27,2025-09-26 12:00:00+00:00,325.8
3750.0,23,2025-09-26 12:00:00+00:00,325.8
3751.0,23,2025-09-26 12:00:00+00:00,325.8
3752.0,25,2025-09-26 13:00:00+00:00,325.8
3753.0,24,2025-09-26 13:00:00+00:00,325.8
3754.0,24,2025-09-26 13:00:00+00:00,325.8
3755.0,22,2025-09-26 13:00:00+00:00,325.8
3756.0,19,2025-09-26 13:00:00+00:00,325.8
3757.0,18,2025-09-26 13:00:00+00:00,325.8
3758.0,14,2025-09-26 13:00:00+00:00,325.8
3759.0,13,2025-09-26 13:00:00+00:00,325.8
3760.0,14,2025-09-26 13:00:00+00:00,325.8
3761.0,14,2025-09-26 20:00:00+00:00,325.5
3762.0,15,2025-09-26 20:00:00+00:00,325.5
3763.0,16,2025-09-26 20:00:00+00:00,325.5
3764.0,21,2025-09-29 00:00:00+00:00,323.3
3765.0,22,2025-09-29 00:00:00+00:00,323.3
3766.0,21,2025-09-29 00:00:00+00:00,323.3
3767.0,21,2025-09-29 00:00:00+00:00,323.3
3768.0,22,2025-09-29 01:00:00+00:00,323.3
3769.0,19,2025-09-29 01:00:00+00:00,323.3
3770.0,18,2025-09-29 01:00:00+00:00,323.3
3771.0,17,2025-09-29 01:00:00+00:00,323.3
3772.0,15,2025-09-29 01:00:00+00:00,323.3
3773.0,15,2025-09-29 01:00:00+00:00,323.3
3774.0,15,2025-09-29 01:00:00+00:00,323.3
3775.0,19,2025-09-29 01:00:00+00:00,323.3
3776.0,19,2025-09-29 01:00:00+00:00,323.3
3777.0,18,2025-09-29 01:00:00+00:00,323.3
3778.0,18,2025-09-29 02:00:00+00:00,323.2
3779.0,17,2025-09-29 02:00:00+00:00,323.2
3780.0,17,2025-09-29 02:00:00+00:00,323.2
3781.0,17,2025-09-29 02:00:00+00:00,323.2
3782.0,15,2025-09-29 02:00:00+00:00,323.2
3783.0,13,2025-09-29 02:00:00+00:00,323.2
3784.0,10,2025-09-29 02:00:00+00:00,323.2
3785.0,9,2025-09-29 02:00:00+00:00,323.2
3786.0,7,2025-09-29 02:00:00+00:00,323.2
3787.0,7,2025-09-29 02:00:00+00:00,323.2
3788.0,5,2025-09-29 02:00:00+00:00,323.2
3789.0,2,2025-09-29 02:00:00+00:00,323.2
3790.0,2,2025-09-29 02:00:00+00:00,323.2
3791.0,2,2025-09-29 02:00:00+00:00,323.2
3792.0,1,2025-09-29 02:00:00+00:00,323.2
3793.0,3,2025-09-29 04:00:00+00:00,323.1
3794.0,4,2025-09-30 09:00:00+00:00,321.9
3795.0,4,2025-09-30 09:00:00+00:00,321.9
3796.0,4,2025-09-30 09:00:00+00:00,321.9
3797.0,4,2025-09-30 09:00:00+00:00,321.9
3798.0,4,2025-09-30 09:00:00+00:00,321.9
3799.0,4,2025-09-30 10:00:00+00:00,321.9
3800.0,3,2025-09-30 10:00:00+00:00,321.9
3801.0,3,2025-09-30 10:00:00+00:00,321.9
3802.0,4,2025-09-30 10:00:00+00:00,321.9
3803.0,4,2025-09-30 10:00:00+00:00,321.9
3804.0,4,2025-09-30 10:00:00+00:00,321.9
3805.0,5,2025-09-30 11:00:00+00:00,321.8
3806.0,6,2025-09-30 11:00:00+00:00,321.8
3807.0,9,2025-09-30 11:00:00+00:00,321.8
3808.0,10,2025-09-30 11:00:00+00:00,321.8
3809.0,10,2025-09-30 12:00:00+00:00,321.8
3810.0,11,2025-09-30 12:00:00+00:00,321.8
3811.0,12,2025-09-30 12:00:00+00:00,321.8
3812.0,14,2025-09-30 13:00:00+00:00,321.8
3813.0,14,2025-09-30 13:00:00+00:00,321.8
3814.0,14,2025-09-30 13:00:00+00:00,321.8
3815.0,12,2025-09-30 13:00:00+00:00,321.8
3816.0,12,2025-09-30 13:00:00+00:00,321.8
3817.0,14,2025-09-30 13:00:00+00:00,321.8
3818.0,13,2025-09-30 13:00:00+00:00,321.8
3819.0,12,2025-09-30 13:00:00+00:00,321.8
3820.0,9,2025-10-02 15:00:00+00:00,319.7
3821.0,11,2025-10-02 15:00:00+00:00,319.7
3822.0,9,2025-10-02 15:00:00+00:00,319.7
3823.0,10,2025-10-02 15:00:00+00:00,319.7
3824.0,12,2025-10-02 15:00:00+00:00,319.7
3825.0,12,2025-10-02 15:00:00+00:00,319.7
3826.0,14,2025-10-02 15:00:00+00:00,319.7
3827.0,14,2025-10-02 15:00:00+00:00,319.7
3828.0,16,2025-10-02 16:00:00+00:00,319.6
3829.0,17,2025-10-02 16:00:00+00:00,319.6
3830.0,15,2025-10-02 16:00:00+00:00,319.6
3831.0,12,2025-10-02 16:00:00+00:00,319.6
3832.0,13,2025-10-02 16:00:00+00:00,319.6
3833.0,12,2025-10-02 16:00:00+00:00,319.6
3834.0,8,2025-10-02 16:00:00+00:00,319.6
3835.0,7,2025-10-02 16:00:00+00:00,319.6
3836.0,7,2025-10-02 16:00:00+00:00,319.6
3837.0,7,2025-10-02 16:00:00+00:00,319.6
3838.0,9,2025-10-02 16:00:00+00:00,319.6
3839.0,10,2025-10-03 03:00:00+00:00,319.2
3840.0,12,2025-10-03 03:00:00+00:00,319.2
3841.0,12,2025-10-03 03:00:00+00:00,319.2
3842.0,13,2025-10-03 04:00:00+00:00,319.1
3843.0,15,2025-10-03 04:00:00+00:00,319.1
3844.0,17,2025-10-03 05:00:00+00:00,319.1
3845.0,16,2025-10-03 05:00:00+00:00,319.1
3846.0,16,2025-10-03 05:00:00+00:00,319.1
3847.0,16,2025-10-03 05:00:00+00:00,319.1
3848.0,16,2025-10-03 05:00:00+00:00,319.1
3849.0,14,2025-10-03 05:00:00+00:00,319.1
3850.0,13,2025-10-03 05:00:00+00:00,319.1
3851.0,15,2025-10-03 06:00:00+00:00,319.1
3852.0,13,2025-10-03 06:00:00+00:00,319.1
3853.0,14,2025-10-03 06:00:00+00:00,319.1
3854.0,16,2025-10-03 06:00:00+00:00,319.1
3855.0,18,2025-10-03 11:00:00+00:00,318.8
3856.0,20,2025-10-03 11:00:00+00:00,318.8
3857.0,25,2025-10-03 11:00:00+00:00,318.8
3858.0,28,2025-10-03 11:00:00+00:00,318.8
3859.0,31,2025-10-03 11:00:00+00:00,318.8
3860.0,27,2025-10-03 11:00:00+00:00,318.8
3861.0,30,2025-10-03 12:00:00+00:00,318.8
3862.0,34,2025-10-03 12:00:00+00:00,318.8
3863.0,36,2025-10-03 12:00:00+00:00,318.8
3864.0,35,2025-10-03 12:00:00+00:00,318.8
3865.0,36,2025-10-03 12:00:00+00:00,318.8
3866.0,31,2025-10-03 12:00:00+00:00,318.8
3867.0,29,2025-10-03 14:00:00+00:00,318.7
3868.0,22,2025-10-03 14:00:00+00:00,318.7
3869.0,22,2025-10-03 14:00:00+00:00,318.7
3870.0,20,2025-10-03 14:00:00+00:00,318.7
3871.0,18,2025-10-03 14:00:00+00:00,318.7
3872.0,13,2025-10-03 14:00:00+00:00,318.7
3873.0,13,2025-10-03 14:00:00+00:00,318.7
3874.0,16,2025-10-03 15:00:00+00:00,318.7
3875.0,13,2025-10-03 15:00:00+00:00,318.7
3876.0,13,2025-10-03 15:00:00+00:00,318.7
3877.0,12,2025-10-03 17:00:00+00:00,318.6
3878.0,11,2025-10-03 17:00:00+00:00,318.6
3879.0,10,2025-10-03 17:00:00+00:00,318.6
3880.0,11,2025-10-03 18:00:00+00:00,318.6
3881.0,13,2025-10-03 18:00:00+00:00,318.6
3882.0,13,2025-10-03 18:00:00+00:00,318.6
3883.0,14,2025-10-03 20:00:00+00:00,318.5
3884.0,15,2025-10-03 20:00:00+00:00,318.5
3885.0,16,2025-10-05 22:00:00+00:00,316.4
3886.0,17,2025-10-05 22:00:00+00:00,316.4
3887.0,15,2025-10-28 09:00:00+00:00,293.9
3888.0,14,2025-10-28 09:00:00+00:00,293.9
3889.0,13,2025-10-28 09:00:00+00:00,293.9
3890.0,9,2025-10-28 09:00:00+00:00,293.9
3891.0,8,2025-10-28 09:00:00+00:00,293.9
3892.0,6,2025-10-28 09:00:00+00:00,293.9
3893.0,5,2025-10-28 09:00:00+00:00,293.9
3894.0,5,2025-10-28 09:00:00+00:00,293.9
3895.0,5,2025-10-28 09:00:00+00:00,293.9
3896.0,3,2025-10-28 09:00:00+00:00,293.9
3897.0,4,2025-10-28 09:00:00+00:00,293.9
3898.0,3,2025-10-28 09:00:00+00:00,293.9
3899.0,5,2025-10-28 09:00:00+00:00,293.9
3900.0,7,2025-10-28 10:00:00+00:00,293.9
3901.0,7,2025-10-28 10:00:00+00:00,293.9
3902.0,7,2025-10-28 10:00:00+00:00,293.9
3903.0,7,2025-10-28 10:00:00+00:00,293.9
3904.0,6,2025-10-28 10:00:00+00:00,293.9
3905.0,6,2025-10-28 10:00:00+00:00,293.9
3906.0,7,2025-10-28 12:00:00+00:00,293.8
3907.0,7,2025-10-28 12:00:00+00:00,293.8
3908.0,7,2025-10-28 12:00:00+00:00,293.8
3909.0,7,2025-10-28 12:00:00+00:00,293.8
3910.0,7,2025-10-28 12:00:00+00:00,293.8
3911.0,6,2025-10-28 12:00:00+00:00,293.8
3912.0,6,2025-10-28 12:00:00+00:00,293.8
3913.0,7,2025-10-28 13:00:00+00:00,293.8
3914.0,7,2025-10-28 13:00:00+00:00,293.8
3915.0,7,2025-10-28 13:00:00+00:00,293.8
3916.0,9,2025-10-30 03:00:00+00:00,292.2
3917.0,9,2025-10-30 03:00:00+00:00,292.2
3918.0,11,2025-10-30 03:00:00+00:00,292.2
3919.0,10,2025-10-30 03:00:00+00:00,292.2
3920.0,11,2025-10-30 03:00:00+00:00,292.2
3921.0,10,2025-10-30 03:00:00+00:00,292.2
3922.0,12,2025-10-30 03:00:00+00:00,292.2
3923.0,13,2025-10-30 03:00:00+00:00,292.2
3924.0,13,2025-10-30 03:00:00+00:00,292.2
3925.0,12,2025-10-30 03:00:00+00:00,292.2
3926.0,12,2025-10-30 03:00:00+00:00,292.2
3927.0,13,2025-10-30 03:00:00+00:00,292.2
3928.0,17,2025-10-30 03:00:00+00:00,292.2
3929.0,19,2025-11-04 14:00:00+00:00,286.7
3930.0,19,2025-11-05 00:00:00+00:00,286.3
3931.0,21,2025-11-05 00:00:00+00:00,286.3
3932.0,22,2025-11-05 00:00:00+00:00,286.3
3933.0,23,2025-11-05 00:00:00+00:00,286.3
3934.0,23,2025-11-05 00:00:00+00:00,286.3
3935.0,27,2025-11-05 01:00:00+00:00,286.3
3936.0,28,2025-11-05 02:00:00+00:00,286.2
3937.0,29,2025-11-05 02:00:00+00:00,286.2
3938.0,30,2025-11-05 02:00:00+00:00,286.2
3939.0,29,2025-11-05 02:00:00+00:00,286.2
3940.0,30,2025-11-05 02:00:00+00:00,286.2
3941.0,29,2025-11-05 02:00:00+00:00,286.2
3942.0,29,2025-11-05 02:00:00+00:00,286.2
3943.0,29,2026-06-30 01:00:00+00:00,49.3
3944.0,28,2026-06-30 01:00:00+00:00,49.3
3945.0,28,2026-06-30 01:00:00+00:00,49.3
3946.0,30,2026-06-30 01:00:00+00:00,49.3
3947.0,30,2026-06-30 01:00:00+00:00,49.3
3948.0,32,2026-06-30 01:00:00+00:00,49.3
3949.0,30,2026-06-30 01:00:00+00:00,49.3
3950.0,30,2026-06-30 01:00:00+00:00,49.3
3951.0,31,2026-06-30 01:00:00+00:00,49.3
3952.0,35,2026-06-30 01:00:00+00:00,49.3
3953.0,38,2026-06-30 02:00:00+00:00,49.2
3954.0,37,2026-06-30 02:00:00+00:00,49.2
3955.0,36,2026-06-30 02:00:00+00:00,49.2
3956.0,42,2026-06-30 02:00:00+00:00,49.2
3957.0,43,2026-06-30 02:00:00+00:00,49.2
3958.0,46,2026-06-30 02:00:00+00:00,49.2
3959.0,50,2026-06-30 02:00:00+00:00,49.2
3960.0,55,2026-07-17 13:00:00+00:00,31.8
3961.0,59,2026-07-17 13:00:00+00:00,31.8
3962.0,64,2026-07-17 13:00:00+00:00,31.8
3963.0,65,2026-07-17 13:00:00+00:00,31.8
3964.0,70,2026-07-17 13:00:00+00:00,31.8
3965.0,71,2026-07-17 13:00:00+00:00,31.8
3966.0,72,2026-07-17 13:00:00+00:00,31.8
3967.0,71,2026-07-17 13:00:00+00:00,31.8
3968.0,70,2026-07-17 13:00:00+00:00,31.8
3969.0,68,2026-07-17 13:00:00+00:00,31.8
3970.0,71,2026-07-17 13:00:00+00:00,31.8
3971.0,74,2026-07-17 13:00:00+00:00,31.8
3972.0,76,2026-07-17 13:00:00+00:00,31.8
3973.0,81,2026-07-17 13:00:00+00:00,31.8
3974.0,88,2026-07-17 13:00:00+00:00,31.8
3975.0,91,2026-07-17 13:00:00+00:00,31.8
3976.0,96,2026-07-17 13:00:00+00:00,31.8
3977.0,95,2026-07-17 13:00:00+00:00,31.8
3978.0,92,2026-07-17 13:00:00+00:00,31.8
3979.0,95,2026-07-17 13:00:00+00:00,31.8
3980.0,97,2026-07-17 13:00:00+00:00,31.8
3981.0,101,2026-07-17 13:00:00+00:00,31.8
3982.0,103,2026-07-17 13:00:00+00:00,31.8
3983.0,105,2026-07-20 00:00:00+00:00,29.3
3984.0,113,2026-07-20 00:00:00+00:00,29.3
3985.0,116,2026-07-20 00:00:00+00:00,29.3
3986.0,119,2026-07-20 00:00:00+00:00,29.3
3987.0,116,2026-07-20 00:00:00+00:00,29.3
3988.0,109,2026-07-20 00:00:00+00:00,29.3
3989.0,111,2026-07-20 00:00:00+00:00,29.3
3990.0,112,2026-07-20 00:00:00+00:00,29.3
3991.0,113,2026-07-20 00:00:00+00:00,29.3
3992.0,119,2026-07-20 00:00:00+00:00,29.3
3993.0,122,2026-07-20 00:00:00+00:00,29.3
3994.0,123,2026-07-20 00:00:00+00:00,29.3
3995.0,120,2026-07-20 00:00:00+00:00,29.3
3996.0,123,2026-07-29 14:00:00+00:00,19.7
3997.0,119,2026-07-29 14:00:00+00:00,19.7
3998.0,119,2026-07-29 14:00:00+00:00,19.7
3999.0,117,2026-07-29 14:00:00+00:00,19.7
4000.0,112,2026-07-29 14:00:00+00:00,19.7
4001.0,111,2026-07-29 14:00:00+00:00,19.7
4002.0,117,2026-07-29 14:00:00+00:00,19.7
4003.0,120,2026-07-29 14:00:00+00:00,19.7
4004.0,126,2026-07-29 15:00:00+00:00,19.7
4005.0,131,2026-07-29 15:00:00+00:00,19.7
4006.0,133,2026-07-29 15:00:00+00:00,19.7
4007.0,135,2026-07-29 15:00:00+00:00,19.7
4008.0,133,2026-07-29 16:00:00+00:00,19.6
4009.0,133,2026-07-29 16:00:00+00:00,19.6
4010.0,130,2026-07-29 16:00:00+00:00,19.6
4011.0,129,2026-07-29 16:00:00+00:00,19.6
4012.0,128,2026-07-29 16:00:00+00:00,19.6
4013.0,128,2026-07-29 16:00:00+00:00,19.6
4014.0,130,2026-07-29 16:00:00+00:00,19.6
4015.0,132,2026-07-29 16:00:00+00:00,19.6
4016.0,133,2026-07-29 16:00:00+00:00,19.6
4017.0,130,2026-07-29 16:00:00+00:00,19.6
4018.0,128,2026-07-29 16:00:00+00:00,19.6
4019.0,125,2026-08-03 13:00:00+00:00,14.8
4020.0,123,2026-08-03 13:00:00+00:00,14.8
4021.0,124,2026-08-03 13:00:00+00:00,14.8
4022.0,125,2026-08-03 13:00:00+00:00,14.8
4023.0,133,2026-08-03 13:00:00+00:00,14.8
4024.0,137,2026-08-03 13:00:00+00:00,14.8
4025.0,143,2026-08-03 13:00:00+00:00,14.8
4026.0,147,2026-08-03 13:00:00+00:00,14.8
4027.0,147,2026-08-03 14:00:00+00:00,14.7
4028.0,144,2026-08-03 14:00:00+00:00,14.7
4029.0,145,2026-08-03 14:00:00+00:00,14.7
4030.0,144,2026-08-03 18:00:00+00:00,14.6
4031.0,145,2026-08-03 18:00:00+00:00,14.6
4032.0,145,2026-08-03 18:00:00+00:00,14.6
4033.0,146,2026-08-03 18:00:00+00:00,14.6
4034.0,143,2026-08-03 18:00:00+00:00,14.6
4035.0,139,2026-08-03 18:00:00+00:00,14.6
4036.0,139,2026-08-03 18:00:00+00:00,14.6
4037.0,136,2026-08-03 18:00:00+00:00,14.6
4038.0,135,2026-08-03 18:00:00+00:00,14.6
4039.0,133,2026-08-03 18:00:00+00:00,14.6
4040.0,129,2026-08-03 18:00:00+00:00,14.6
4041.0,131,2026-08-03 18:00:00+00:00,14.6
4042.0,138,2026-08-03 18:00:00+00:00,14.6
4043.0,145,2026-08-04 01:00:00+00:00,14.3
4044.0,149,2026-08-04 01:00:00+00:00,14.3
4045.0,149,2026-08-04 01:00:00+00:00,14.3
4046.0,150,2026-08-04 10:00:00+00:00,13.9
4047.0,148,2026-08-04 10:00:00+00:00,13.9
4048.0,148,2026-08-04 10:00:00+00:00,13.9
4049.0,150,2026-08-04 10:00:00+00:00,13.9
4050.0,148,2026-08-04 10:00:00+00:00,13.9
4051.0,146,2026-08-04 10:00:00+00:00,13.9
4052.0,152,2026-08-04 10:00:00+00:00,13.9
4053.0,152,2026-08-04 11:00:00+00:00,13.8
4054.0,152,2026-08-04 11:00:00+00:00,13.8
4055.0,163,2026-08-04 11:00:00+00:00,13.8
4056.0,163,2026-08-04 11:00:00+00:00,13.8
4057.0,164,2026-08-04 11:00:00+00:00,13.8
4058.0,167,2026-08-04 11:00:00+00:00,13.8
4059.0,169,2026-08-04 11:00:00+00:00,13.8
4060.0,170,2026-08-04 11:00:00+00:00,13.8
4061.0,177,2026-08-04 13:00:00+00:00,13.8
4062.0,178,2026-08-04 13:00:00+00:00,13.8
4063.0,178,2026-08-04 13:00:00+00:00,13.8
4064.0,177,2026-08-04 13:00:00+00:00,13.8
4065.0,184,2026-08-04 13:00:00+00:00,13.8
4066.0,191,2026-08-04 23:00:00+00:00,13.3
4067.0,191,2026-08-04 23:00:00+00:00,13.3
4068.0,190,2026-08-04 23:00:00+00:00,13.3
4069.0,189,2026-08-04 23:00:00+00:00,13.3
4070.0,184,2026-08-04 23:00:00+00:00,13.3
4071.0,187,2026-08-05 00:00:00+00:00,13.3
4072.0,190,2026-08-05 00:00:00+00:00,13.3
4073.0,191,2026-08-05 00:00:00+00:00,13.3
4074.0,193,2026-08-05 00:00:00+00:00,13.3
4075.0,193,2026-08-05 00:00:00+00:00,13.3
4076.0,199,2026-08-05 00:00:00+00:00,13.3
4077.0,201,2026-08-05 00:00:00+00:00,13.3
4078.0,196,2026-08-05 01:00:00+00:00,13.3
4079.0,189,2026-08-05 01:00:00+00:00,13.3
4080.0,178,2026-08-05 01:00:00+00:00,13.3
4081.0,181,2026-08-05 01:00:00+00:00,13.3
4082.0,179,2026-08-05 01:00:00+00:00,13.3
4083.0,172,2026-08-05 01:00:00+00:00,13.3
4084.0,164,2026-08-05 01:00:00+00:00,13.3
4085.0,156,2026-08-05 01:00:00+00:00,13.3
4086.0,143,2026-08-05 01:00:00+00:00,13.3
4087.0,139,2026-08-05 01:00:00+00:00,13.3
4088.0,134,2026-08-05 01:00:00+00:00,13.3
4089.0,128,2026-08-05 01:00:00+00:00,13.3
4090.0,125,2026-08-05 01:00:00+00:00,13.3
4091.0,128,2026-08-05 01:00:00+00:00,13.3
4092.0,128,2026-08-05 01:00:00+00:00,13.3
4093.0,123,2026-08-05 01:00:00+00:00,13.3
4094.0,121,2026-08-05 01:00:00+00:00,13.3
4095.0,118,2026-08-05 01:00:00+00:00,13.3
4096.0,113,2026-08-05 02:00:00+00:00,13.2
4097.0,112,2026-08-05 02:00:00+00:00,13.2
4098.0,111,2026-08-05 02:00:00+00:00,13.2
4099.0,112,2026-08-05 02:00:00+00:00,13.2
4100.0,110,2026-08-05 02:00:00+00:00,13.2
4101.0,110,2026-08-05 02:00:00+00:00,13.2
4102.0,113,2026-08-05 02:00:00+00:00,13.2
4103.0,112,2026-08-05 02:00:00+00:00,13.2
4104.0,115,2026-08-05 02:00:00+00:00,13.2
4105.0,115,2026-08-05 02:00:00+00:00,13.2
4106.0,121,2026-08-05 02:00:00+00:00,13.2
4107.0,125,2026-08-05 02:00:00+00:00,13.2
4108.0,126,2026-08-05 02:00:00+00:00,13.2
4109.0,125,2026-08-05 02:00:00+00:00,13.2
4110.0,125,2026-08-05 02:00:00+00:00,13.2
4111.0,121,2026-08-05 02:00:00+00:00,13.2
4112.0,121,2026-08-05 02:00:00+00:00,13.2
4113.0,124,2026-08-05 02:00:00+00:00,13.2
4114.0,127,2026-08-05 02:00:00+00:00,13.2
4115.0,134,2026-08-05 02:00:00+00:00,13.2
4116.0,127,2026-08-05 02:00:00+00:00,13.2
4117.0,128,2026-08-05 02:00:00+00:00,13.2
4118.0,121,2026-08-05 02:00:00+00:00,13.2
4119.0,123,2026-08-05 02:00:00+00:00,13.2
4120.0,122,2026-08-05 02:00:00+00:00,13.2
4121.0,123,2026-08-05 02:00:00+00:00,13.2
4122.0,125,2026-08-05 02:00:00+00:00,13.2
4123.0,127,2026-08-05 02:00:00+00:00,13.2
4124.0,126,2026-08-05 02:00:00+00:00,13.2
4125.0,136,2026-08-05 02:00:00+00:00,13.2
4126.0,134,2026-08-05 02:00:00+00:00,13.2
4127.0,134,2026-08-05 03:00:00+00:00,13.2
4128.0,135,2026-08-05 03:00:00+00:00,13.2
4129.0,137,2026-08-05 04:00:00+00:00,13.1
4130.0,136,2026-08-05 04:00:00+00:00,13.1
4131.0,135,2026-08-05 04:00:00+00:00,13.1
4132.0,130,2026-08-05 04:00:00+00:00,13.1
4133.0,128,2026-08-05 04:00:00+00:00,13.1
4134.0,116,2026-08-05 04:00:00+00:00,13.1
4135.0,112,2026-08-05 05:00:00+00:00,13.1
4136.0,108,2026-08-05 05:00:00+00:00,13.1
4137.0,113,2026-08-05 05:00:00+00:00,13.1
4138.0,104,2026-08-05 05:00:00+00:00,13.1
4139.0,98,2026-08-05 05:00:00+00:00,13.1
4140.0,97,2026-08-05 05:00:00+00:00,13.1
4141.0,93,2026-08-05 05:00:00+00:00,13.1
4142.0,89,2026-08-05 05:00:00+00:00,13.1
4143.0,89,2026-08-05 05:00:00+00:00,13.1
4144.0,85,2026-08-05 05:00:00+00:00,13.1
4145.0,81,2026-08-05 05:00:00+00:00,13.1
4146.0,83,2026-08-05 05:00:00+00:00,13.1
4147.0,83,2026-08-05 05:00:00+00:00,13.1
4148.0,87,2026-08-05 05:00:00+00:00,13.1
4149.0,84,2026-08-05 05:00:00+00:00,13.1
4150.0,85,2026-08-05 05:00:00+00:00,13.1
4151.0,81,2026-08-05 10:00:00+00:00,12.9
4152.0,78,2026-08-05 10:00:00+00:00,12.9
4153.0,76,2026-08-05 10:00:00+00:00,12.9
4154.0,78,2026-08-05 10:00:00+00:00,12.9
4155.0,76,2026-08-05 10:00:00+00:00,12.9
4156.0,79,2026-08-05 10:00:00+00:00,12.9
4157.0,79,2026-08-05 10:00:00+00:00,12.9
4158.0,83,2026-08-05 10:00:00+00:00,12.9
4159.0,84,2026-08-05 10:00:00+00:00,12.9
4160.0,78,2026-08-05 10:00:00+00:00,12.9
4161.0,84,2026-08-05 11:00:00+00:00,12.8
4162.0,84,2026-08-05 11:00:00+00:00,12.8
4163.0,88,2026-08-05 11:00:00+00:00,12.8
4164.0,87,2026-08-05 11:00:00+00:00,12.8
4165.0,85,2026-08-05 11:00:00+00:00,12.8
4166.0,80,2026-08-05 11:00:00+00:00,12.8
4167.0,75,2026-08-05 11:00:00+00:00,12.8
4168.0,69,2026-08-05 11:00:00+00:00,12.8
4169.0,68,2026-08-05 11:00:00+00:00,12.8
4170.0,68,2026-08-05 11:00:00+00:00,12.8
4171.0,70,2026-08-05 11:00:00+00:00,12.8
4172.0,68,2026-08-05 11:00:00+00:00,12.8
4173.0,73,2026-08-05 11:00:00+00:00,12.8
4174.0,74,2026-08-05 11:00:00+00:00,12.8
4175.0,75,2026-08-05 11:00:00+00:00,12.8
4176.0,77,2026-08-05 11:00:00+00:00,12.8
4177.0,81,2026-08-05 11:00:00+00:00,12.8
4178.0,83,2026-08-05 11:00:00+00:00,12.8
4179.0,83,2026-08-05 11:00:00+00:00,12.8
4180.0,81,2026-08-05 11:00:00+00:00,12.8
4181.0,80,2026-08-05 11:00:00+00:00,12.8
4182.0,78,2026-08-05 11:00:00+00:00,12.8
4183.0,83,2026-08-05 11:00:00+00:00,12.8
4184.0,88,2026-08-05 13:00:00+00:00,12.8
4185.0,97,2026-08-05 13:00:00+00:00,12.8
4186.0,99,2026-08-05 13:00:00+00:00,12.8
4187.0,99,2026-08-05 13:00:00+00:00,12.8
4188.0,95,2026-08-05 13:00:00+00:00,12.8
4189.0,99,2026-08-05 13:00:00+00:00,12.8
4190.0,104,2026-08-05 13:00:00+00:00,12.8
4191.0,109,2026-08-05 13:00:00+00:00,12.8
4192.0,114,2026-08-05 13:00:00+00:00,12.8
4193.0,115,2026-08-05 13:00:00+00:00,12.8
4194.0,111,2026-08-05 13:00:00+00:00,12.8
4195.0,111,2026-08-05 13:00:00+00:00,12.8
4196.0,109,2026-08-05 13:00:00+00:00,12.8
4197.0,112,2026-08-05 13:00:00+00:00,12.8
4198.0,110,2026-08-05 13:00:00+00:00,12.8
4199.0,110,2026-08-05 13:00:00+00:00,12.8
4200.0,110,2026-08-05 13:00:00+00:00,12.8
4201.0,111,2026-08-05 13:00:00+00:00,12.8
4202.0,117,2026-08-05 13:00:00+00:00,12.8
4203.0,118,2026-08-05 13:00:00+00:00,12.8
4204.0,128,2026-08-05 14:00:00+00:00,12.7
4205.0,130,2026-08-05 14:00:00+00:00,12.7
4206.0,134,2026-08-05 14:00:00+00:00,12.7
4207.0,139,2026-08-05 14:00:00+00:00,12.7
4208.0,146,2026-08-05 14:00:00+00:00,12.7
4209.0,143,2026-08-05 14:00:00+00:00,12.7
4210.0,134,2026-08-05 14:00:00+00:00,12.7
4211.0,121,2026-08-05 14:00:00+00:00,12.7
4212.0,115,2026-08-05 14:00:00+00:00,12.7
4213.0,108,2026-08-05 14:00:00+00:00,12.7
4214.0,101,2026-08-05 14:00:00+00:00,12.7
4215.0,100,2026-08-05 14:00:00+00:00,12.7
4216.0,94,2026-08-05 14:00:00+00:00,12.7
4217.0,88,2026-08-05 14:00:00+00:00,12.7
4218.0,83,2026-08-05 14:00:00+00:00,12.7
4219.0,83,2026-08-05 14:00:00+00:00,12.7
4220.0,74,2026-08-05 14:00:00+00:00,12.7
4221.0,76,2026-08-05 14:00:00+00:00,12.7
4222.0,75,2026-08-05 14:00:00+00:00,12.7
4223.0,80,2026-08-05 14:00:00+00:00,12.7
4224.0,82,2026-08-06 16:00:00+00:00,11.6
4225.0,83,2026-08-06 16:00:00+00:00,11.6
4226.0,76,2026-08-06 16:00:00+00:00,11.6
4227.0,73,2026-08-06 16:00:00+00:00,11.6
4228.0,68,2026-08-06 16:00:00+00:00,11.6
4229.0,68,2026-08-06 16:00:00+00:00,11.6
4230.0,68,2026-08-07 00:00:00+00:00,11.3
4231.0,69,2026-08-07 00:00:00+00:00,11.3
4232.0,72,2026-08-07 01:00:00+00:00,11.3
4233.0,72,2026-08-07 01:00:00+00:00,11.3
4234.0,68,2026-08-07 01:00:00+00:00,11.3
4235.0,74,2026-08-07 01:00:00+00:00,11.3
4236.0,72,2026-08-07 01:00:00+00:00,11.3
4237.0,74,2026-08-07 01:00:00+00:00,11.3
4238.0,74,2026-08-07 01:00:00+00:00,11.3
4239.0,74,2026-08-07 01:00:00+00:00,11.3
4240.0,72,2026-08-07 01:00:00+00:00,11.3
4241.0,70,2026-08-07 01:00:00+00:00,11.3
4242.0,68,2026-08-07 01:00:00+00:00,11.3
4243.0,67,2026-08-07 01:00:00+00:00,11.3
4244.0,63,2026-08-07 01:00:00+00:00,11.3
4245.0,62,2026-08-07 01:00:00+00:00,11.3
4246.0,61,2026-08-07 01:00:00+00:00,11.3
4247.0,58,2026-08-07 02:00:00+00:00,11.2
4248.0,54,2026-08-07 02:00:00+00:00,11.2
4249.0,57,2026-08-07 02:00:00+00:00,11.2
4250.0,60,2026-08-07 03:00:00+00:00,11.2
4251.0,61,2026-08-07 03:00:00+00:00,11.2
4252.0,59,2026-08-07 03:00:00+00:00,11.2
4253.0,60,2026-08-07 03:00:00+00:00,11.2
4254.0,59,2026-08-07 03:00:00+00:00,11.2
4255.0,60,2026-08-07 03:00:00+00:00,11.2
4256.0,60,2026-08-07 03:00:00+00:00,11.2
4257.0,57,2026-08-07 03:00:00+00:00,11.2
4258.0,55,2026-08-07 03:00:00+00:00,11.2
4259.0,53,2026-08-07 03:00:00+00:00,11.2
4260.0,53,2026-08-07 03:00:00+00:00,11.2
4261.0,56,2026-08-07 04:00:00+00:00,11.1
4262.0,56,2026-08-07 05:00:00+00:00,11.1
4263.0,55,2026-08-07 05:00:00+00:00,11.1
4264.0,54,2026-08-07 05:00:00+00:00,11.1
4265.0,58,2026-08-07 05:00:00+00:00,11.1
4266.0,56,2026-08-07 05:00:00+00:00,11.1
4267.0,55,2026-08-07 05:00:00+00:00,11.1
4268.0,52,2026-08-07 05:00:00+00:00,11.1
4269.0,50,2026-08-07 05:00:00+00:00,11.1
4270.0,50,2026-08-07 05:00:00+00:00,11.1
4271.0,48,2026-08-07 05:00:00+00:00,11.1
4272.0,47,2026-08-07 05:00:00+00:00,11.1
4273.0,51,2026-08-07 05:00:00+00:00,11.1
4274.0,50,2026-08-07 05:00:00+00:00,11.1
4275.0,47,2026-08-07 05:00:00+00:00,11.1
4276.0,49,2026-08-07 05:00:00+00:00,11.1
4277.0,48,2026-08-07 05:00:00+00:00,11.1
4278.0,47,2026-08-07 05:00:00+00:00,11.1
4279.0,48,2026-08-07 06:00:00+00:00,11.1
4280.0,46,2026-08-07 06:00:00+00:00,11.1
4281.0,45,2026-08-07 06:00:00+00:00,11.1
4282.0,42,2026-08-07 06:00:00+00:00,11.1
4283.0,44,2026-08-07 07:00:00+00:00,11.0
4284.0,42,2026-08-07 07:00:00+00:00,11.0
4285.0,40,2026-08-07 07:00:00+00:00,11.0
4286.0,41,2026-08-07 07:00:00+00:00,11.0
4287.0,46,2026-08-07 07:00:00+00:00,11.0
4288.0,48,2026-08-07 07:00:00+00:00,11.0
4289.0,50,2026-08-07 08:00:00+00:00,11.0
4290.0,49,2026-08-07 08:00:00+00:00,11.0
4291.0,52,2026-08-07 08:00:00+00:00,11.0
4292.0,53,2026-08-07 08:00:00+00:00,11.0
4293.0,50,2026-08-07 08:00:00+00:00,11.0
4294.0,51,2026-08-07 08:00:00+00:00,11.0
4295.0,50,2026-08-07 08:00:00+00:00,11.0
4296.0,47,2026-08-07 08:00:00+00:00,11.0
4297.0,47,2026-08-07 08:00:00+00:00,11.0
4298.0,48,2026-08-07 08:00:00+00:00,11.0
4299.0,46,2026-08-07 08:00:00+00:00,11.0
4300.0,51,2026-08-07 08:00:00+00:00,11.0
4301.0,56,2026-08-07 12:00:00+00:00,10.8
4302.0,56,2026-08-07 12:00:00+00:00,10.8
4303.0,58,2026-08-07 12:00:00+00:00,10.8
4304.0,62,2026-08-07 12:00:00+00:00,10.8
4305.0,62,2026-08-07 12:00:00+00:00,10.8
4306.0,63,2026-08-07 12:00:00+00:00,10.8
4307.0,68,2026-08-07 12:00:00+00:00,10.8
4308.0,79,2026-08-07 12:00:00+00:00,10.8
4309.0,79,2026-08-07 12:00:00+00:00,10.8
4310.0,77,2026-08-07 12:00:00+00:00,10.8
4311.0,79,2026-08-14 05:00:00+00:00,4.1
4312.0,85,2026-08-14 05:00:00+00:00,4.1
4313.0,90,2026-08-14 05:00:00+00:00,4.1
4314.0,89,2026-08-14 05:00:00+00:00,4.1
4315.0,95,2026-08-14 05:00:00+00:00,4.1
4316.0,101,2026-08-14 05:00:00+00:00,4.1
4317.0,101,2026-08-14 05:00:00+00:00,4.1
4318.0,110,2026-08-14 05:00:00+00:00,4.1
4319.0,110,2026-08-14 05:00:00+00:00,4.1
4320.0,114,2026-08-14 05:00:00+00:00,4.1
4321.0,118,2026-08-14 05:00:00+00:00,4.1
4322.0,131,2026-08-14 05:00:00+00:00,4.1
4323.0,136,2026-08-14 05:00:00+00:00,4.1
4324.0,138,2026-08-14 05:00:00+00:00,4.1
4325.0,149,2026-08-14 05:00:00+00:00,4.1
4326.0,150,2026-08-14 05:00:00+00:00,4.1
4327.0,151,2026-08-14 05:00:00+00:00,4.1
4328.0,151,2026-08-14 06:00:00+00:00,4.1
4329.0,153,2026-08-14 06:00:00+00:00,4.1
4330.0,151,2026-08-14 07:00:00+00:00,4.0
4331.0,156,2026-08-14 07:00:00+00:00,4.0
4332.0,153,2026-08-14 07:00:00+00:00,4.0
4333.0,157,2026-08-14 07:00:00+00:00,4.0
4334.0,153,2026-08-14 07:00:00+00:00,4.0
4335.0,154,2026-08-14 07:00:00+00:00,4.0
4336.0,151,2026-08-14 07:00:00+00:00,4.0
4337.0,149,2026-08-14 07:00:00+00:00,4.0
4338.0,147,2026-08-14 07:00:00+00:00,4.0
4339.0,146,2026-08-14 07:00:00+00:00,4.0
4340.0,141,2026-08-14 07:00:00+00:00,4.0
4341.0,140,2026-08-14 07:00:00+00:00,4.0
4342.0,138,2026-08-14 08:00:00+00:00,4.0
4343.0,135,2026-08-14 08:00:00+00:00,4.0
4344.0,128,2026-08-14 08:00:00+00:00,4.0
4345.0,122,2026-08-14 08:00:00+00:00,4.0
4346.0,118,2026-08-14 09:00:00+00:00,3.9
4347.0,107,2026-08-14 09:00:00+00:00,3.9
4348.0,100,2026-08-14 09:00:00+00:00,3.9
4349.0,96,2026-08-14 11:00:00+00:00,3.8
4350.0,90,2026-08-14 11:00:00+00:00,3.8
4351.0,86,2026-08-14 11:00:00+00:00,3.8
4352.0,85,2026-08-14 11:00:00+00:00,3.8
4353.0,83,2026-08-14 11:00:00+00:00,3.8
4354.0,81,2026-08-14 11:00:00+00:00,3.8
4355.0,82,2026-08-14 11:00:00+00:00,3.8
4356.0,84,2026-08-14 11:00:00+00:00,3.8
4357.0,83,2026-08-14 11:00:00+00:00,3.8
4358.0,85,2026-08-14 11:00:00+00:00,3.8
4359.0,82,2026-08-14 11:00:00+00:00,3.8
4360.0,86,2026-08-14 11:00:00+00:00,3.8
4361.0,84,2026-08-14 11:00:00+00:00,3.8
4362.0,87,2026-08-14 11:00:00+00:00,3.8
4363.0,87,2026-08-14 11:00:00+00:00,3.8
4364.0,83,2026-08-14 11:00:00+00:00,3.8
4365.0,80,2026-08-14 11:00:00+00:00,3.8
4366.0,81,2026-08-14 12:00:00+00:00,3.8
4367.0,82,2026-08-14 12:00:00+00:00,3.8
4368.0,88,2026-08-16 23:00:00+00:00,1.3
4369.0,87,2026-08-17 00:00:00+00:00,1.3
4370.0,84,2026-08-17 00:00:00+00:00,1.3
4371.0,91,2026-08-17 00:00:00+00:00,1.3
4372.0,88,2026-08-17 00:00:00+00:00,1.3
4373.0,89,2026-08-17 00:00:00+00:00,1.3
4374.0,86,2026-08-17 00:00:00+00:00,1.3
4375.0,83,2026-08-17 00:00:00+00:00,1.3
4376.0,81,2026-08-17 00:00:00+00:00,1.3
4377.0,81,2026-08-17 00:00:00+00:00,1.3
4378.0,80,2026-08-17 12:00:00+00:00,0.8
4379.0,80,2026-08-17 12:00:00+00:00,0.8
4380.0,75,2026-08-17 12:00:00+00:00,0.8
4381.0,79,2026-08-17 12:00:00+00:00,0.8
4382.0,76,2026-08-17 13:00:00+00:00,0.8
4383.0,76,2026-08-17 13:00:00+00:00,0.8
4384.0,77,2026-08-17 13:00:00+00:00,0.8
4385.0,79,2026-08-17 13:00:00+00:00,0.8
4386.0,79,2026-08-18 05:00:00+00:00,0.1
4387.0,77,2026-08-18 05:00:00+00:00,0.1
4388.0,78,2026-08-18 06:00:00+00:00,0.1
4389.0,83,2026-08-18 06:00:00+00:00,0.1
4390.0,84,2026-08-18 06:00:00+00:00,0.1
4391.0,82,2026-08-18 06:00:00+00:00,0.1
4392.0,85,2026-08-18 06:00:00+00:00,0.1
4393.0,87,2026-08-18 06:00:00+00:00,0.1
4394.0,87,2026-08-18 06:00:00+00:00,0.1
4395.0,87,2026-08-18 06:00:00+00:00,0.1
4396.0,88,2026-08-18 06:00:00+00:00,0.1
4397.0,90,2026-08-18 07:00:00+00:00,0.0
4398.0,87,2026-08-18 07:00:00+00:00,0.0
4399.0,85,2026-08-18 07:00:00+00:00,0.0
4400.0,84,2026-08-18 07:00:00+00:00,0.0
4401.0,79,2026-08-18 03:00:00+00:00,0.2
4402.0,85,2026-08-18 03:00:00+00:00,0.2
4403.0,80,2026-08-18 03:00:00+00:00,0.2
4404.0,81,2026-08-18 03:00:00+00:00,0.2
4405.0,78,2026-08-18 02:00:00+00:00,0.2
4406.0,75,2026-08-18 02:00:00+00:00,0.2
4407.0,83,2026-08-18 02:00:00+00:00,0.2
4408.0,86,2026-08-18 02:00:00+00:00,0.2
4409.0,86,2026-08-18 01:00:00+00:00,0.3
4410.0,85,2026-08-18 01:00:00+00:00,0.3
4411.0,86,2026-08-18 01:00:00+00:00,0.3
4412.0,85,2026-08-18 01:00:00+00:00,0.3
4413.0,87,2026-08-18 01:00:00+00:00,0.3
4414.0,87,2026-08-18 01:00:00+00:00,0.3
4415.0,84,2026-08-18 01:00:00+00:00,0.3
4416.0,83,2026-08-18 01:00:00+00:00,0.3
4417.0,84,2026-08-18 01:00:00+00:00,0.3
4418.0,84,2026-08-18 01:00:00+00:00,0.3
4419.0,86,2026-08-18 01:00:00+00:00,0.3
4420.0,86,2026-08-18 01:00:00+00:00,0.3
4421.0,84,2026-08-18 01:00:00+00:00,0.3
4422.0,79,2026-08-18 01:00:00+00:00,0.3
4423.0,79,2026-08-18 01:00:00+00:00,0.3
4424.0,82,2026-08-18 01:00:00+00:00,0.3
4425.0,82,2026-08-18 01:00:00+00:00,0.3
4426.0,84,2026-08-18 01:00:00+00:00,0.3
4427.0,79,2026-08-18 01:00:00+00:00,0.3
4428.0,79,2026-08-18 01:00:00+00:00,0.3
4429.0,82,2026-08-18 01:00:00+00:00,0.3
4430.0,82,2026-08-18 01:00:00+00:00,0.3
4431.0,85,2026-08-18 01:00:00+00:00,0.3
4432.0,86,2026-08-18 01:00:00+00:00,0.3
4433.0,85,2026-08-18 01:00:00+00:00,0.3
4434.0,84,2026-08-18 01:00:00+00:00,0.3
4435.0,85,2026-08-18 01:00:00+00:00,0.3
4436.0,83,2026-08-18 01:00:00+00:00,0.3
4437.0,83,2026-08-13 00:00:00+00:00,5.3
4438.0,84,2026-08-13 00:00:00+00:00,5.3
4439.0,87,2026-08-13 00:00:00+00:00,5.3
4440.0,82,2026-08-13 00:00:00+00:00,5.3
4441.0,82,2026-08-13 00:00:00+00:00,5.3
4442.0,85,2026-08-13 00:00:00+00:00,5.3
4443.0,83,2026-08-13 00:00:00+00:00,5.3
4444.0,89,2026-08-13 00:00:00+00:00,5.3
4445.0,91,2026-08-13 00:00:00+00:00,5.3
4446.0,91,2026-08-13 00:00:00+00:00,5.3
4447.0,91,2026-08-13 00:00:00+00:00,5.3
4448.0,94,2026-08-13 00:00:00+00:00,5.3
4449.0,96,2026-08-13 00:00:00+00:00,5.3
4450.0,92,2026-06-05 12:00:00+00:00,73.8
4451.0,93,2026-06-05 12:00:00+00:00,73.8
4452.0,97,2026-06-05 12:00:00+00:00,73.8
4453.0,97,2026-06-05 12:00:00+00:00,73.8
4454.0,95,2026-06-05 12:00:00+00:00,73.8
4455.0,92,2026-06-05 12:00:00+00:00,73.8
4456.0,94,2026-06-05 12:00:00+00:00,73.8
4457.0,94,2026-06-05 12:00:00+00:00,73.8
4458.0,96,2026-06-05 12:00:00+00:00,73.8
4459.0,104,2026-06-05 12:00:00+00:00,73.8
4460.0,104,2026-06-05 12:00:00+00:00,73.8
4461.0,106,2026-06-05 12:00:00+00:00,73.8
4462.0,108,2026-06-05 12:00:00+00:00,73.8
4463.0,113,2026-06-05 12:00:00+00:00,73.8
4464.0,114,2026-06-05 12:00:00+00:00,73.8
4465.0,110,2026-06-05 12:00:00+00:00,73.8
4466.0,105,2026-06-05 12:00:00+00:00,73.8
4467.0,99,2026-06-05 12:00:00+00:00,73.8
4468.0,93,2026-06-05 12:00:00+00:00,73.8
4469.0,94,2026-06-05 12:00:00+00:00,73.8
4470.0,93,2026-06-05 12:00:00+00:00,73.8
4471.0,84,2026-06-05 12:00:00+00:00,73.8
4472.0,88,2026-06-05 12:00:00+00:00,73.8
4473.0,95,2026-06-05 12:00:00+00:00,73.8
4474.0,94,2026-06-05 12:00:00+00:00,73.8
4475.0,92,2026-06-05 12:00:00+00:00,73.8
4476.0,90,2026-06-04 22:00:00+00:00,74.4
4477.0,83,2026-06-04 22:00:00+00:00,74.4
4478.0,84,2026-06-04 22:00:00+00:00,74.4
4479.0,86,2026-06-04 22:00:00+00:00,74.4
4480.0,86,2026-06-04 22:00:00+00:00,74.4
4481.0,90,2026-06-04 22:00:00+00:00,74.4
4482.0,91,2026-06-04 19:00:00+00:00,74.5
4483.0,95,2026-06-04 19:00:00+00:00,74.5
4484.0,101,2026-06-04 16:00:00+00:00,74.6
4485.0,105,2026-06-04 16:00:00+00:00,74.6
4486.0,101,2026-06-04 14:00:00+00:00,74.7
4487.0,103,2026-06-04 14:00:00+00:00,74.7
4488.0,99,2026-06-04 14:00:00+00:00,74.7
4489.0,95,2026-06-04 14:00:00+00:00,74.7
4490.0,96,2026-06-04 14:00:00+00:00,74.7
4491.0,96,2026-06-04 14:00:00+00:00,74.7
4492.0,96,2026-06-04 14:00:00+00:00,74.7
4493.0,102,2026-06-04 14:00:00+00:00,74.7
4494.0,98,2026-06-04 14:00:00+00:00,74.7
4495.0,98,2026-06-04 14:00:00+00:00,74.7
4496.0,99,2026-06-04 14:00:00+00:00,74.7
4497.0,95,2026-06-04 14:00:00+00:00,74.7
4498.0,97,2026-06-04 14:00:00+00:00,74.7
4499.0,98,2026-06-04 14:00:00+00:00,74.7
4500.0,95,2026-06-04 13:00:00+00:00,74.8
4501.0,100,2026-06-04 13:00:00+00:00,74.8
4502.0,99,2026-06-04 13:00:00+00:00,74.8
4503.0,103,2026-06-04 13:00:00+00:00,74.8
4504.0,103,2026-06-04 13:00:00+00:00,74.8
4505.0,105,2026-06-04 13:00:00+00:00,74.8
4506.0,109,2026-06-04 13:00:00+00:00,74.8
4507.0,110,2026-06-04 13:00:00+00:00,74.8
4508.0,113,2026-06-04 13:00:00+00:00,74.8
4509.0,114,2026-06-04 13:00:00+00:00,74.8
4510.0,115,2026-06-04 13:00:00+00:00,74.8
4511.0,113,2026-06-04 13:00:00+00:00,74.8
4512.0,115,2026-06-04 13:00:00+00:00,74.8
4513.0,120,2026-06-04 13:00:00+00:00,74.8
4514.0,121,2026-06-04 13:00:00+00:00,74.8
4515.0,115,2026-06-04 13:00:00+00:00,74.8
4516.0,110,2026-06-02 13:00:00+00:00,76.8
4517.0,113,2026-06-02 13:00:00+00:00,76.8
4518.0,112,2026-06-02 13:00:00+00:00,76.8
4519.0,110,2026-06-02 13:00:00+00:00,76.8
4520.0,107,2026-06-02 13:00:00+00:00,76.8
4521.0,102,2026-06-02 13:00:00+00:00,76.8
4522.0,103,2026-06-02 13:00:00+00:00,76.8
4523.0,103,2026-06-02 13:00:00+00:00,76.8
4524.0,104,2026-06-02 13:00:00+00:00,76.8
4525.0,101,2026-06-02 12:00:00+00:00,76.8
4526.0,108,2026-06-02 12:00:00+00:00,76.8
4527.0,105,2026-06-02 12:00:00+00:00,76.8
4528.0,110,2026-06-02 12:00:00+00:00,76.8
4529.0,105,2026-06-02 12:00:00+00:00,76.8
4530.0,113,2026-06-02 12:00:00+00:00,76.8
4531.0,115,2026-06-02 12:00:00+00:00,76.8
4532.0,119,2026-06-02 12:00:00+00:00,76.8
4533.0,126,2026-06-02 12:00:00+00:00,76.8
4534.0,127,2026-06-02 12:00:00+00:00,76.8
4535.0,122,2026-06-02 09:00:00+00:00,76.9
4536.0,119,2026-06-02 08:00:00+00:00,77.0
4537.0,116,2026-06-02 08:00:00+00:00,77.0
4538.0,116,2026-06-02 08:00:00+00:00,77.0
4539.0,115,2026-06-02 08:00:00+00:00,77.0
4540.0,116,2026-06-02 07:00:00+00:00,77.0
4541.0,111,2026-06-02 07:00:00+00:00,77.0
4542.0,113,2026-06-01 00:00:00+00:00,78.3
4543.0,111,2026-06-01 00:00:00+00:00,78.3
4544.0,114,2026-06-01 00:00:00+00:00,78.3
4545.0,112,2026-06-01 00:00:00+00:00,78.3
4546.0,111,2026-06-01 00:00:00+00:00,78.3
4547.0,107,2026-05-29 20:00:00+00:00,80.5
4548.0,101,2026-05-29 20:00:00+00:00,80.5
4549.0,96,2026-05-29 20:00:00+00:00,80.5
4550.0,96,2026-05-29 19:00:00+00:00,80.5
4551.0,95,2026-05-29 19:00:00+00:00,80.5
4552.0,100,2026-05-29 19:00:00+00:00,80.5
4553.0,98,2026-05-29 19:00:00+00:00,80.5
4554.0,102,2026-05-29 19:00:00+00:00,80.5
4555.0,104,2026-05-29 19:00:00+00:00,80.5
4556.0,107,2026-05-29 19:00:00+00:00,80.5
4557.0,107,2026-05-29 19:00:00+00:00,80.5
4558.0,110,2026-05-29 19:00:00+00:00,80.5
4559.0,107,2026-05-29 19:00:00+00:00,80.5
4560.0,107,2026-05-29 18:00:00+00:00,80.6
4561.0,107,2026-05-29 18:00:00+00:00,80.6
4562.0,109,2026-05-29 17:00:00+00:00,80.6
4563.0,108,2026-05-29 17:00:00+00:00,80.6
4564.0,104,2026-05-29 17:00:00+00:00,80.6
4565.0,101,2026-05-29 17:00:00+00:00,80.6
4566.0,103,2026-05-29 17:00:00+00:00,80.6
4567.0,100,2026-05-29 17:00:00+00:00,80.6
4568.0,106,2026-05-29 17:00:00+00:00,80.6
4569.0,105,2026-05-29 16:00:00+00:00,80.6
4570.0,101,2026-05-29 16:00:00+00:00,80.6
4571.0,98,2026-05-29 16:00:00+00:00,80.6
4572.0,93,2026-05-29 16:00:00+00:00,80.6
4573.0,88,2026-05-29 16:00:00+00:00,80.6
4574.0,88,2026-05-29 15:00:00+00:00,80.7
4575.0,84,2026-05-29 15:00:00+00:00,80.7
4576.0,82,2026-05-29 15:00:00+00:00,80.7
4577.0,80,2026-05-29 15:00:00+00:00,80.7
4578.0,81,2026-05-29 15:00:00+00:00,80.7
4579.0,78,2026-05-29 15:00:00+00:00,80.7
4580.0,76,2026-05-29 15:00:00+00:00,80.7
4581.0,77,2026-05-29 15:00:00+00:00,80.7
4582.0,78,2026-05-29 15:00:00+00:00,80.7
4583.0,78,2026-05-29 15:00:00+00:00,80.7
4584.0,78,2026-05-29 15:00:00+00:00,80.7
4585.0,80,2026-05-29 15:00:00+00:00,80.7
4586.0,82,2026-05-29 15:00:00+00:00,80.7
4587.0,82,2026-05-29 15:00:00+00:00,80.7
4588.0,85,2026-05-29 15:00:00+00:00,80.7
4589.0,83,2026-05-29 15:00:00+00:00,80.7
4590.0,81,2026-05-29 15:00:00+00:00,80.7
4591.0,84,2026-05-29 15:00:00+00:00,80.7
4592.0,87,2026-05-29 15:00:00+00:00,80.7
4593.0,93,2026-05-29 15:00:00+00:00,80.7
4594.0,95,2026-05-29 15:00:00+00:00,80.7
4595.0,94,2026-05-29 15:00:00+00:00,80.7
4596.0,91,2026-05-15 05:00:00+00:00,95.1
4597.0,92,2026-05-15 05:00:00+00:00,95.1
4598.0,92,2026-05-15 05:00:00+00:00,95.1
4599.0,91,2026-05-15 05:00:00+00:00,95.1
4600.0,84,2026-05-15 05:00:00+00:00,95.1
4601.0,84,2026-05-15 05:00:00+00:00,95.1
4602.0,86,2026-05-15 05:00:00+00:00,95.1
4603.0,84,2026-05-15 05:00:00+00:00,95.1
4604.0,87,2026-05-15 05:00:00+00:00,95.1
4605.0,87,2026-05-15 05:00:00+00:00,95.1
4606.0,88,2026-05-15 05:00:00+00:00,95.1
4607.0,92,2026-05-15 04:00:00+00:00,95.1
4608.0,92,2026-05-15 04:00:00+00:00,95.1
4609.0,92,2026-05-15 04:00:00+00:00,95.1
4610.0,97,2026-05-15 04:00:00+00:00,95.1
4611.0,97,2026-05-15 04:00:00+00:00,95.1
4612.0,97,2026-05-15 04:00:00+00:00,95.1
4613.0,98,2026-05-15 04:00:00+00:00,95.1
4614.0,99,2026-05-15 04:00:00+00:00,95.1
4615.0,100,2026-05-15 04:00:00+00:00,95.1
4616.0,100,2026-05-15 04:00:00+00:00,95.1
4617.0,93,2026-05-15 04:00:00+00:00,95.1
4618.0,93,2026-05-15 04:00:00+00:00,95.1
4619.0,93,2026-05-15 04:00:00+00:00,95.1
4620.0,89,2026-05-15 04:00:00+00:00,95.1
4621.0,83,2026-05-15 04:00:00+00:00,95.1
4622.0,77,2026-05-15 03:00:00+00:00,95.2
4623.0,75,2026-05-15 02:00:00+00:00,95.2
4624.0,75,2026-05-15 01:00:00+00:00,95.3
4625.0,76,2026-05-15 01:00:00+00:00,95.3
4626.0,80,2026-05-15 01:00:00+00:00,95.3
4627.0,79,2026-05-15 01:00:00+00:00,95.3
4628.0,78,2026-05-15 01:00:00+00:00,95.3
4629.0,76,2026-05-15 01:00:00+00:00,95.3
4630.0,72,2026-05-15 01:00:00+00:00,95.3
4631.0,64,2026-05-15 01:00:00+00:00,95.3
4632.0,63,2026-05-15 00:00:00+00:00,95.3
4633.0,62,2026-05-15 00:00:00+00:00,95.3
4634.0,63,2026-05-15 00:00:00+00:00,95.3
4635.0,62,2026-05-15 00:00:00+00:00,95.3
4636.0,61,2026-05-15 00:00:00+00:00,95.3
4637.0,64,2026-05-15 00:00:00+00:00,95.3
4638.0,62,2026-05-15 00:00:00+00:00,95.3
4639.0,61,2026-05-15 00:00:00+00:00,95.3
4640.0,59,2026-05-15 00:00:00+00:00,95.3
4641.0,59,2026-05-15 00:00:00+00:00,95.3
4642.0,56,2026-05-15 00:00:00+00:00,95.3
4643.0,57,2026-05-15 00:00:00+00:00,95.3
4644.0,57,2026-05-15 00:00:00+00:00,95.3
4645.0,63,2026-05-15 00:00:00+00:00,95.3
4646.0,66,2026-05-15 00:00:00+00:00,95.3
4647.0,67,2026-05-15 00:00:00+00:00,95.3
4648.0,68,2026-05-15 00:00:00+00:00,95.3
4649.0,67,2026-05-15 00:00:00+00:00,95.3
4650.0,69,2026-05-15 00:00:00+00:00,95.3
4651.0,72,2026-05-15 00:00:00+00:00,95.3
4652.0,69,2026-05-15 00:00:00+00:00,95.3
4653.0,72,2026-05-15 00:00:00+00:00,95.3
4654.0,73,2026-05-15 00:00:00+00:00,95.3
4655.0,72,2026-05-15 00:00:00+00:00,95.3
4656.0,74,2026-05-15 00:00:00+00:00,95.3
4657.0,78,2026-05-15 00:00:00+00:00,95.3
4658.0,82,2026-05-15 00:00:00+00:00,95.3
4659.0,83,2026-05-14 23:00:00+00:00,95.3
4660.0,87,2026-05-14 23:00:00+00:00,95.3
4661.0,90,2026-05-14 23:00:00+00:00,95.3
4662.0,95,2026-05-14 23:00:00+00:00,95.3
4663.0,93,2026-05-14 23:00:00+00:00,95.3
4664.0,91,2026-05-14 23:00:00+00:00,95.3
4665.0,98,2026-05-14 23:00:00+00:00,95.3
4666.0,95,2026-05-14 19:00:00+00:00,95.5
4667.0,104,2026-05-14 19:00:00+00:00,95.5
4668.0,103,2026-05-14 19:00:00+00:00,95.5
4669.0,107,2026-05-14 19:00:00+00:00,95.5
4670.0,110,2026-05-14 19:00:00+00:00,95.5
4671.0,112,2026-05-14 19:00:00+00:00,95.5
4672.0,108,2026-05-14 18:00:00+00:00,95.6
4673.0,108,2026-05-14 18:00:00+00:00,95.6
4674.0,106,2026-05-14 18:00:00+00:00,95.6
4675.0,107,2026-05-14 18:00:00+00:00,95.6
4676.0,104,2026-05-14 18:00:00+00:00,95.6
4677.0,108,2026-05-14 18:00:00+00:00,95.6
4678.0,110,2026-05-14 18:00:00+00:00,95.6
4679.0,108,2026-05-14 17:00:00+00:00,95.6
4680.0,108,2026-05-14 17:00:00+00:00,95.6
4681.0,105,2026-05-14 17:00:00+00:00,95.6
4682.0,103,2026-05-14 17:00:00+00:00,95.6
4683.0,101,2026-05-14 17:00:00+00:00,95.6
4684.0,101,2026-05-14 16:00:00+00:00,95.6
4685.0,104,2026-05-14 16:00:00+00:00,95.6
4686.0,111,2026-05-14 16:00:00+00:00,95.6
4687.0,111,2026-05-14 15:00:00+00:00,95.7
4688.0,112,2026-05-14 15:00:00+00:00,95.7
4689.0,116,2026-05-14 15:00:00+00:00,95.7
4690.0,122,2026-05-14 14:00:00+00:00,95.7
4691.0,126,2026-05-14 14:00:00+00:00,95.7
4692.0,126,2026-05-14 14:00:00+00:00,95.7
4693.0,130,2026-05-14 14:00:00+00:00,95.7
4694.0,133,2026-05-14 14:00:00+00:00,95.7
4695.0,138,2026-05-14 14:00:00+00:00,95.7
4696.0,138,2026-05-14 14:00:00+00:00,95.7
4697.0,138,2026-05-14 14:00:00+00:00,95.7
4698.0,140,2026-05-14 14:00:00+00:00,95.7
4699.0,140,2026-05-14 14:00:00+00:00,95.7
4700.0,137,2026-05-14 14:00:00+00:00,95.7
4701.0,127,2026-05-14 14:00:00+00:00,95.7
4702.0,123,2026-05-14 13:00:00+00:00,95.8
4703.0,120,2026-05-14 13:00:00+00:00,95.8
4704.0,120,2026-05-14 13:00:00+00:00,95.8
4705.0,118,2026-05-14 13:00:00+00:00,95.8
4706.0,119,2026-05-14 13:00:00+00:00,95.8
4707.0,116,2026-05-14 13:00:00+00:00,95.8
4708.0,112,2026-05-14 12:00:00+00:00,95.8
4709.0,112,2026-05-14 12:00:00+00:00,95.8
4710.0,110,2026-05-14 07:00:00+00:00,96.0
4711.0,114,2026-05-14 07:00:00+00:00,96.0
4712.0,114,2026-05-14 07:00:00+00:00,96.0
4713.0,115,2026-05-14 07:00:00+00:00,96.0
4714.0,119,2026-05-14 07:00:00+00:00,96.0
4715.0,119,2026-05-14 07:00:00+00:00,96.0
4716.0,123,2026-05-14 07:00:00+00:00,96.0
4717.0,126,2026-05-14 07:00:00+00:00,96.0
4718.0,122,2026-05-14 07:00:00+00:00,96.0
4719.0,120,2026-05-13 00:00:00+00:00,97.3
4720.0,118,2026-05-13 00:00:00+00:00,97.3
4721.0,116,2026-05-13 00:00:00+00:00,97.3
4722.0,115,2026-05-13 00:00:00+00:00,97.3
4723.0,114,2026-05-13 00:00:00+00:00,97.3
4724.0,116,2026-05-13 00:00:00+00:00,97.3
4725.0,114,2026-05-13 00:00:00+00:00,97.3
4726.0,109,2026-05-13 00:00:00+00:00,97.3
4727.0,107,2026-05-13 00:00:00+00:00,97.3
4728.0,106,2026-05-12 04:00:00+00:00,98.1
4729.0,105,2026-05-12 04:00:00+00:00,98.1
4730.0,98,2026-05-12 04:00:00+00:00,98.1
4731.0,97,2026-05-12 03:00:00+00:00,98.2
4732.0,94,2026-05-12 03:00:00+00:00,98.2
4733.0,87,2026-05-12 02:00:00+00:00,98.2
4734.0,81,2026-05-12 01:00:00+00:00,98.3
4735.0,80,2026-05-12 01:00:00+00:00,98.3
4736.0,77,2026-05-12 01:00:00+00:00,98.3
4737.0,79,2026-05-12 01:00:00+00:00,98.3
4738.0,79,2026-05-12 01:00:00+00:00,98.3
4739.0,77,2026-05-12 01:00:00+00:00,98.3
4740.0,73,2026-05-12 01:00:00+00:00,98.3
4741.0,70,2026-05-12 01:00:00+00:00,98.3
4742.0,69,2026-05-12 01:00:00+00:00,98.3
4743.0,73,2026-05-12 01:00:00+00:00,98.3
4744.0,72,2026-05-12 01:00:00+00:00,98.3
4745.0,69,2026-05-12 01:00:00+00:00,98.3
4746.0,72,2026-05-12 01:00:00+00:00,98.3
4747.0,71,2026-05-12 01:00:00+00:00,98.3
4748.0,71,2026-05-12 01:00:00+00:00,98.3
4749.0,70,2026-05-12 01:00:00+00:00,98.3
4750.0,65,2026-05-12 01:00:00+00:00,98.3
4751.0,67,2026-05-12 01:00:00+00:00,98.3
4752.0,70,2026-05-12 01:00:00+00:00,98.3
4753.0,74,2026-05-12 01:00:00+00:00,98.3
4754.0,72,2026-05-12 01:00:00+00:00,98.3
4755.0,74,2026-05-12 01:00:00+00:00,98.3
4756.0,73,2026-05-12 00:00:00+00:00,98.3
4757.0,77,2026-05-12 00:00:00+00:00,98.3
4758.0,75,2026-05-12 00:00:00+00:00,98.3
4759.0,80,2026-05-12 00:00:00+00:00,98.3
4760.0,78,2026-05-12 00:00:00+00:00,98.3
4761.0,77,2026-05-12 00:00:00+00:00,98.3
4762.0,78,2026-05-12 00:00:00+00:00,98.3
4763.0,76,2026-05-12 00:00:00+00:00,98.3
4764.0,72,2026-05-12 00:00:00+00:00,98.3
4765.0,69,2026-05-12 00:00:00+00:00,98.3
4766.0,65,2026-05-12 00:00:00+00:00,98.3
4767.0,68,2026-05-12 00:00:00+00:00,98.3
4768.0,72,2026-05-12 00:00:00+00:00,98.3
4769.0,70,2026-05-12 00:00:00+00:00,98.3
4770.0,68,2026-05-12 00:00:00+00:00,98.3
4771.0,69,2026-05-12 00:00:00+00:00,98.3
4772.0,70,2026-05-12 00:00:00+00:00,98.3
4773.0,72,2026-05-12 00:00:00+00:00,98.3
4774.0,70,2026-04-21 14:00:00+00:00,118.7
4775.0,74,2026-04-21 14:00:00+00:00,118.7
4776.0,71,2026-04-21 14:00:00+00:00,118.7
4777.0,70,2026-04-21 14:00:00+00:00,118.7
4778.0,67,2026-04-21 14:00:00+00:00,118.7
4779.0,68,2026-04-21 14:00:00+00:00,118.7
4780.0,67,2026-04-21 14:00:00+00:00,118.7
4781.0,68,2026-04-21 14:00:00+00:00,118.7
4782.0,68,2026-04-21 14:00:00+00:00,118.7
4783.0,64,2026-04-21 13:00:00+00:00,118.8
4784.0,68,2026-04-21 13:00:00+00:00,118.8
4785.0,70,2026-04-21 13:00:00+00:00,118.8
4786.0,74,2026-04-21 13:00:00+00:00,118.8
4787.0,80,2026-04-21 13:00:00+00:00,118.8
4788.0,78,2026-04-21 13:00:00+00:00,118.8
4789.0,82,2026-04-21 13:00:00+00:00,118.8
4790.0,83,2026-04-21 13:00:00+00:00,118.8
4791.0,86,2026-04-21 13:00:00+00:00,118.8
4792.0,87,2026-04-21 13:00:00+00:00,118.8
4793.0,93,2026-04-21 13:00:00+00:00,118.8
4794.0,93,2026-04-21 13:00:00+00:00,118.8
4795.0,90,2026-04-21 12:00:00+00:00,118.8
4796.0,83,2026-04-21 12:00:00+00:00,118.8
4797.0,76,2026-04-21 12:00:00+00:00,118.8
4798.0,71,2026-04-21 11:00:00+00:00,118.8
4799.0,65,2026-04-21 03:00:00+00:00,119.2
4800.0,66,2026-04-21 03:00:00+00:00,119.2
4801.0,67,2026-04-21 03:00:00+00:00,119.2
4802.0,66,2026-04-21 03:00:00+00:00,119.2
4803.0,67,2026-04-21 03:00:00+00:00,119.2
4804.0,66,2026-04-21 03:00:00+00:00,119.2
4805.0,70,2026-04-21 03:00:00+00:00,119.2
4806.0,69,2026-04-21 03:00:00+00:00,119.2
4807.0,67,2026-04-21 03:00:00+00:00,119.2
4808.0,70,2026-04-21 02:00:00+00:00,119.2
4809.0,70,2026-04-21 02:00:00+00:00,119.2
4810.0,71,2026-04-21 02:00:00+00:00,119.2
4811.0,72,2026-04-21 01:00:00+00:00,119.3
4812.0,72,2026-04-21 01:00:00+00:00,119.3
4813.0,73,2026-04-21 01:00:00+00:00,119.3
4814.0,75,2026-04-21 01:00:00+00:00,119.3
4815.0,74,2026-04-21 01:00:00+00:00,119.3
4816.0,75,2026-04-21 01:00:00+00:00,119.3
4817.0,75,2026-04-21 01:00:00+00:00,119.3
4818.0,74,2026-04-21 01:00:00+00:00,119.3
4819.0,75,2026-04-21 01:00:00+00:00,119.3
4820.0,76,2026-04-21 01:00:00+00:00,119.3
4821.0,80,2026-04-21 01:00:00+00:00,119.3
4822.0,75,2026-04-21 01:00:00+00:00,119.3
4823.0,75,2026-04-21 01:00:00+00:00,119.3
4824.0,74,2026-04-21 01:00:00+00:00,119.3
4825.0,72,2026-04-21 00:00:00+00:00,119.3
4826.0,71,2026-04-21 00:00:00+00:00,119.3
4827.0,69,2026-04-21 00:00:00+00:00,119.3
4828.0,69,2026-04-21 00:00:00+00:00,119.3
4829.0,71,2026-04-21 00:00:00+00:00,119.3
4830.0,70,2026-04-21 00:00:00+00:00,119.3
4831.0,66,2026-04-20 23:00:00+00:00,119.3
4832.0,62,2026-04-20 22:00:00+00:00,119.4
4833.0,63,2026-04-20 22:00:00+00:00,119.4
4834.0,64,2026-04-17 20:00:00+00:00,122.5
4835.0,64,2026-04-17 20:00:00+00:00,122.5
4836.0,64,2026-04-17 20:00:00+00:00,122.5
4837.0,61,2026-04-17 20:00:00+00:00,122.5
4838.0,61,2026-04-17 20:00:00+00:00,122.5
4839.0,60,2026-04-17 20:00:00+00:00,122.5
4840.0,58,2026-04-17 20:00:00+00:00,122.5
4841.0,59,2026-04-17 20:00:00+00:00,122.5
4842.0,60,2026-04-17 20:00:00+00:00,122.5
4843.0,55,2026-04-17 20:00:00+00:00,122.5
4844.0,52,2026-04-17 20:00:00+00:00,122.5
4845.0,50,2026-04-17 20:00:00+00:00,122.5
4846.0,52,2026-04-17 20:00:00+00:00,122.5
4847.0,49,2026-04-17 20:00:00+00:00,122.5
4848.0,48,2026-04-17 20:00:00+00:00,122.5
4849.0,47,2026-04-17 20:00:00+00:00,122.5
4850.0,48,2026-04-17 20:00:00+00:00,122.5
4851.0,47,2026-04-17 20:00:00+00:00,122.5
4852.0,50,2026-04-17 20:00:00+00:00,122.5
4853.0,54,2026-04-17 20:00:00+00:00,122.5
4854.0,53,2026-04-17 20:00:00+00:00,122.5
4855.0,53,2026-04-17 20:00:00+00:00,122.5
4856.0,54,2026-04-17 19:00:00+00:00,122.5
4857.0,54,2026-04-17 19:00:00+00:00,122.5
4858.0,52,2026-04-17 19:00:00+00:00,122.5
4859.0,56,2026-04-17 19:00:00+00:00,122.5
4860.0,58,2026-04-17 19:00:00+00:00,122.5
4861.0,60,2026-04-17 19:00:00+00:00,122.5
4862.0,59,2026-04-17 18:00:00+00:00,122.6
4863.0,59,2026-04-17 18:00:00+00:00,122.6
4864.0,62,2026-04-17 18:00:00+00:00,122.6
4865.0,63,2026-04-17 18:00:00+00:00,122.6
4866.0,59,2026-04-17 18:00:00+00:00,122.6
4867.0,57,2026-04-17 18:00:00+00:00,122.6
4868.0,57,2026-04-17 18:00:00+00:00,122.6
4869.0,56,2026-04-17 17:00:00+00:00,122.6
4870.0,55,2026-04-17 16:00:00+00:00,122.6
4871.0,55,2026-04-17 16:00:00+00:00,122.6
4872.0,53,2026-04-17 16:00:00+00:00,122.6
4873.0,53,2026-04-17 16:00:00+00:00,122.6
4874.0,52,2026-04-17 15:00:00+00:00,122.7
4875.0,54,2026-04-17 15:00:00+00:00,122.7
4876.0,53,2026-04-17 15:00:00+00:00,122.7
4877.0,54,2026-04-17 15:00:00+00:00,122.7
4878.0,53,2026-04-17 15:00:00+00:00,122.7
4879.0,53,2026-04-17 15:00:00+00:00,122.7
4880.0,51,2026-04-17 15:00:00+00:00,122.7
4881.0,49,2026-04-17 14:00:00+00:00,122.7
4882.0,49,2026-04-17 14:00:00+00:00,122.7
4883.0,46,2026-04-17 14:00:00+00:00,122.7
4884.0,48,2026-04-17 14:00:00+00:00,122.7
4885.0,47,2026-04-17 14:00:00+00:00,122.7
4886.0,44,2026-04-17 13:00:00+00:00,122.8
4887.0,45,2026-04-17 13:00:00+00:00,122.8
4888.0,46,2026-04-17 13:00:00+00:00,122.8
4889.0,45,2026-04-17 13:00:00+00:00,122.8
4890.0,44,2026-03-18 18:00:00+00:00,152.6
4891.0,42,2026-03-18 18:00:00+00:00,152.6
4892.0,41,2026-03-18 18:00:00+00:00,152.6
4893.0,40,2026-03-18 18:00:00+00:00,152.6
4894.0,40,2026-03-18 18:00:00+00:00,152.6
4895.0,37,2026-03-18 18:00:00+00:00,152.6
4896.0,37,2026-03-18 18:00:00+00:00,152.6
4897.0,37,2026-03-18 18:00:00+00:00,152.6
4898.0,37,2026-03-18 18:00:00+00:00,152.6
4899.0,38,2026-03-18 18:00:00+00:00,152.6
4900.0,37,2026-03-18 12:00:00+00:00,152.8
4901.0,37,2026-03-18 12:00:00+00:00,152.8
4902.0,40,2026-03-18 12:00:00+00:00,152.8
4903.0,42,2026-03-18 12:00:00+00:00,152.8
4904.0,41,2026-03-18 12:00:00+00:00,152.8
4905.0,43,2026-03-18 12:00:00+00:00,152.8
4906.0,44,2026-03-18 12:00:00+00:00,152.8
4907.0,43,2026-03-18 12:00:00+00:00,152.8
4908.0,43,2026-03-18 12:00:00+00:00,152.8
4909.0,43,2026-03-18 12:00:00+00:00,152.8
4910.0,45,2026-03-18 12:00:00+00:00,152.8
4911.0,45,2026-03-18 12:00:00+00:00,152.8
4912.0,49,2026-03-18 12:00:00+00:00,152.8
4913.0,50,2026-03-18 12:00:00+00:00,152.8
4914.0,53,2026-03-18 12:00:00+00:00,152.8
4915.0,54,2026-03-18 12:00:00+00:00,152.8
4916.0,56,2026-03-18 12:00:00+00:00,152.8
4917.0,57,2026-03-18 12:00:00+00:00,152.8
4918.0,56,2026-03-18 12:00:00+00:00,152.8
4919.0,58,2026-03-18 12:00:00+00:00,152.8
4920.0,56,2026-03-18 12:00:00+00:00,152.8
4921.0,56,2026-03-18 12:00:00+00:00,152.8
4922.0,55,2026-03-18 12:00:00+00:00,152.8
4923.0,55,2026-03-18 12:00:00+00:00,152.8
4924.0,55,2026-03-18 12:00:00+00:00,152.8
4925.0,55,2026-03-18 12:00:00+00:00,152.8
4926.0,55,2026-03-18 12:00:00+00:00,152.8
4927.0,54,2026-03-18 12:00:00+00:00,152.8
4928.0,55,2026-03-18 12:00:00+00:00,152.8
4929.0,55,2026-03-18 12:00:00+00:00,152.8
4930.0,56,2026-03-18 12:00:00+00:00,152.8
4931.0,55,2026-03-18 12:00:00+00:00,152.8
4932.0,55,2026-03-18 12:00:00+00:00,152.8
4933.0,51,2026-03-18 11:00:00+00:00,152.8
4934.0,51,2026-03-18 11:00:00+00:00,152.8
4935.0,50,2026-03-18 11:00:00+00:00,152.8
4936.0,49,2026-03-18 11:00:00+00:00,152.8
4937.0,49,2026-03-18 11:00:00+00:00,152.8
4938.0,50,2026-03-18 11:00:00+00:00,152.8
4939.0,51,2026-03-18 11:00:00+00:00,152.8
4940.0,50,2026-03-18 11:00:00+00:00,152.8
4941.0,47,2026-03-18 11:00:00+00:00,152.8
4942.0,47,2026-03-18 11:00:00+00:00,152.8
4943.0,46,2026-03-18 11:00:00+00:00,152.8
4944.0,48,2026-03-18 11:00:00+00:00,152.8
4945.0,48,2026-03-18 11:00:00+00:00,152.8
4946.0,50,2026-03-18 11:00:00+00:00,152.8
4947.0,55,2026-03-18 11:00:00+00:00,152.8
4948.0,52,2026-03-18 11:00:00+00:00,152.8
4949.0,50,2026-03-18 11:00:00+00:00,152.8
4950.0,50,2026-03-18 11:00:00+00:00,152.8
4951.0,50,2026-03-18 11:00:00+00:00,152.8
4952.0,50,2026-03-18 11:00:00+00:00,152.8
4953.0,50,2026-03-18 11:00:00+00:00,152.8
4954.0,49,2026-03-18 11:00:00+00:00,152.8
4955.0,49,2026-03-18 11:00:00+00:00,152.8
4956.0,48,2026-03-18 11:00:00+00:00,152.8
4957.0,46,2026-03-18 11:00:00+00:00,152.8
4958.0,47,2026-03-18 11:00:00+00:00,152.8
4959.0,46,2026-03-18 11:00:00+00:00,152.8
4960.0,44,2026-03-18 11:00:00+00:00,152.8
4961.0,44,2026-03-18 11:00:00+00:00,152.8
4962.0,46,2026-03-18 11:00:00+00:00,152.8
4963.0,44,2026-03-18 11:00:00+00:00,152.8
4964.0,43,2026-03-18 11:00:00+00:00,152.8
4965.0,43,2026-03-18 11:00:00+00:00,152.8
4966.0,43,2026-03-18 11:00:00+00:00,152.8
4967.0,47,2026-03-18 11:00:00+00:00,152.8
4968.0,45,2026-03-18 11:00:00+00:00,152.8
4969.0,44,2026-03-18 11:00:00+00:00,152.8
4970.0,43,2026-03-18 11:00:00+00:00,152.8
4971.0,44,2026-03-18 11:00:00+00:00,152.8
4972.0,43,2026-03-18 11:00:00+00:00,152.8
4973.0,48,2026-03-18 11:00:00+00:00,152.8
4974.0,51,2026-03-18 10:00:00+00:00,152.9
4975.0,50,2026-03-18 10:00:00+00:00,152.9
4976.0,55,2026-03-18 10:00:00+00:00,152.9
4977.0,55,2026-03-18 10:00:00+00:00,152.9
4978.0,55,2026-03-18 10:00:00+00:00,152.9
4979.0,58,2026-03-18 10:00:00+00:00,152.9
4980.0,58,2026-03-18 10:00:00+00:00,152.9
4981.0,60,2026-03-18 10:00:00+00:00,152.9
4982.0,64,2026-03-18 10:00:00+00:00,152.9
4983.0,65,2026-03-18 10:00:00+00:00,152.9
4984.0,65,2026-03-18 10:00:00+00:00,152.9
4985.0,70,2026-03-18 10:00:00+00:00,152.9
4986.0,71,2026-03-18 10:00:00+00:00,152.9
4987.0,70,2026-03-18 10:00:00+00:00,152.9
4988.0,73,2026-03-18 10:00:00+00:00,152.9
4989.0,71,2026-03-18 10:00:00+00:00,152.9
4990.0,70,2026-03-18 10:00:00+00:00,152.9
4991.0,71,2026-03-18 10:00:00+00:00,152.9
4992.0,74,2026-03-18 09:00:00+00:00,152.9
4993.0,78,2026-03-18 09:00:00+00:00,152.9
4994.0,78,2026-03-18 09:00:00+00:00,152.9
4995.0,80,2026-03-18 09:00:00+00:00,152.9
4996.0,81,2026-03-18 08:00:00+00:00,153.0
4997.0,84,2026-03-18 07:00:00+00:00,153.0
4998.0,84,2026-03-18 07:00:00+00:00,153.0
4999.0,87,2026-03-18 07:00:00+00:00,153.0
5000.0,87,2026-03-18 07:00:00+00:00,153.0
5001.0,89,2026-03-18 07:00:00+00:00,153.0
5002.0,87,2026-03-18 07:00:00+00:00,153.0
5003.0,91,2026-03-18 07:00:00+00:00,153.0
5004.0,85,2026-03-18 07:00:00+00:00,153.0
5005.0,87,2026-03-18 07:00:00+00:00,153.0
5006.0,89,2026-03-18 07:00:00+00:00,153.0
5007.0,89,2026-03-18 07:00:00+00:00,153.0
5008.0,90,2026-03-18 07:00:00+00:00,153.0
5009.0,91,2026-03-18 07:00:00+00:00,153.0
5010.0,92,2026-03-18 07:00:00+00:00,153.0
5011.0,92,2026-03-18 07:00:00+00:00,153.0
5012.0,91,2026-03-18 07:00:00+00:00,153.0
5013.0,93,2026-03-18 07:00:00+00:00,153.0
5014.0,96,2026-03-18 07:00:00+00:00,153.0
5015.0,94,2026-03-18 06:00:00+00:00,153.1
5016.0,94,2026-03-18 06:00:00+00:00,153.1
5017.0,90,2026-03-17 15:00:00+00:00,153.7
5018.0,85,2026-03-17 14:00:00+00:00,153.7
5019.0,92,2026-03-17 14:00:00+00:00,153.7
5020.0,94,2026-03-17 14:00:00+00:00,153.7
5021.0,93,2026-03-17 13:00:00+00:00,153.8
5022.0,91,2026-03-17 13:00:00+00:00,153.8
5023.0,86,2026-03-17 13:00:00+00:00,153.8
5024.0,87,2026-03-17 13:00:00+00:00,153.8
5025.0,85,2026-03-17 13:00:00+00:00,153.8
5026.0,82,2026-03-17 13:00:00+00:00,153.8
5027.0,80,2026-03-17 13:00:00+00:00,153.8
5028.0,79,2026-03-17 13:00:00+00:00,153.8
5029.0,80,2026-03-17 13:00:00+00:00,153.8
5030.0,80,2026-03-17 13:00:00+00:00,153.8
5031.0,78,2026-03-17 13:00:00+00:00,153.8
5032.0,74,2026-03-17 05:00:00+00:00,154.1
5033.0,73,2026-03-17 05:00:00+00:00,154.1
5034.0,71,2026-03-17 05:00:00+00:00,154.1
5035.0,67,2026-03-17 05:00:00+00:00,154.1
5036.0,66,2026-03-17 05:00:00+00:00,154.1
5037.0,70,2026-03-17 05:00:00+00:00,154.1
5038.0,70,2026-03-17 05:00:00+00:00,154.1
5039.0,69,2026-03-17 05:00:00+00:00,154.1
5040.0,71,2026-03-17 05:00:00+00:00,154.1
5041.0,68,2026-03-17 05:00:00+00:00,154.1
5042.0,67,2026-03-17 05:00:00+00:00,154.1
5043.0,67,2026-03-17 05:00:00+00:00,154.1
5044.0,70,2026-03-17 05:00:00+00:00,154.1
5045.0,71,2026-03-13 19:00:00+00:00,157.5
5046.0,71,2026-03-13 19:00:00+00:00,157.5
5047.0,71,2026-03-13 19:00:00+00:00,157.5
5048.0,72,2026-03-13 19:00:00+00:00,157.5
5049.0,72,2026-03-13 19:00:00+00:00,157.5
5050.0,73,2026-03-13 18:00:00+00:00,157.6
5051.0,76,2026-03-13 18:00:00+00:00,157.6
5052.0,77,2026-03-13 17:00:00+00:00,157.6
5053.0,77,2026-03-13 17:00:00+00:00,157.6
5054.0,77,2026-03-13 17:00:00+00:00,157.6
5055.0,80,2026-03-13 17:00:00+00:00,157.6
5056.0,84,2026-03-13 17:00:00+00:00,157.6
5057.0,86,2026-03-13 17:00:00+00:00,157.6
5058.0,85,2026-03-13 17:00:00+00:00,157.6
5059.0,85,2026-03-13 17:00:00+00:00,157.6
5060.0,84,2026-03-13 17:00:00+00:00,157.6
5061.0,83,2026-03-13 17:00:00+00:00,157.6
5062.0,84,2026-03-13 17:00:00+00:00,157.6
5063.0,87,2026-03-13 17:00:00+00:00,157.6
5064.0,82,2026-03-13 15:00:00+00:00,157.7
5065.0,78,2026-03-13 15:00:00+00:00,157.7
5066.0,81,2026-03-13 15:00:00+00:00,157.7
5067.0,84,2026-03-13 15:00:00+00:00,157.7
5068.0,85,2026-03-13 15:00:00+00:00,157.7
5069.0,85,2026-03-13 15:00:00+00:00,157.7
5070.0,84,2026-03-13 15:00:00+00:00,157.7
5071.0,85,2026-03-13 15:00:00+00:00,157.7
5072.0,84,2026-03-13 14:00:00+00:00,157.7
5073.0,86,2026-03-13 14:00:00+00:00,157.7
5074.0,88,2026-03-13 14:00:00+00:00,157.7
5075.0,87,2026-03-13 14:00:00+00:00,157.7
5076.0,86,2026-03-13 14:00:00+00:00,157.7
5077.0,87,2026-03-13 14:00:00+00:00,157.7
5078.0,88,2026-03-13 14:00:00+00:00,157.7
5079.0,87,2026-03-13 14:00:00+00:00,157.7
5080.0,87,2026-03-13 14:00:00+00:00,157.7
5081.0,88,2026-03-13 14:00:00+00:00,157.7
5082.0,91,2026-03-13 14:00:00+00:00,157.7
5083.0,89,2026-03-13 14:00:00+00:00,157.7
5084.0,91,2026-03-13 14:00:00+00:00,157.7
5085.0,92,2026-03-13 14:00:00+00:00,157.7
5086.0,91,2026-03-13 14:00:00+00:00,157.7
5087.0,91,2026-03-13 14:00:00+00:00,157.7
5088.0,88,2026-03-13 14:00:00+00:00,157.7
5089.0,90,2026-03-13 14:00:00+00:00,157.7
5090.0,91,2026-03-13 14:00:00+00:00,157.7
5091.0,89,2026-03-13 14:00:00+00:00,157.7
5092.0,86,2026-03-13 14:00:00+00:00,157.7
5093.0,81,2026-03-13 14:00:00+00:00,157.7
5094.0,80,2026-03-13 14:00:00+00:00,157.7
5095.0,79,2026-03-13 14:00:00+00:00,157.7
5096.0,76,2026-03-13 14:00:00+00:00,157.7
5097.0,72,2026-03-13 14:00:00+00:00,157.7
5098.0,71,2026-03-13 14:00:00+00:00,157.7
5099.0,66,2026-03-13 14:00:00+00:00,157.7
5100.0,62,2026-03-13 14:00:00+00:00,157.7
5101.0,59,2026-03-13 14:00:00+00:00,157.7
5102.0,57,2026-03-13 14:00:00+00:00,157.7
5103.0,58,2026-03-13 14:00:00+00:00,157.7
5104.0,56,2026-03-13 14:00:00+00:00,157.7
5105.0,55,2026-03-13 14:00:00+00:00,157.7
5106.0,56,2026-03-13 14:00:00+00:00,157.7
5107.0,56,2026-03-13 14:00:00+00:00,157.7
5108.0,52,2026-03-13 13:00:00+00:00,157.8
5109.0,54,2026-03-13 13:00:00+00:00,157.8
5110.0,54,2026-03-13 13:00:00+00:00,157.8
5111.0,52,2026-03-13 13:00:00+00:00,157.8
5112.0,48,2026-03-13 13:00:00+00:00,157.8
5113.0,48,2026-03-13 13:00:00+00:00,157.8
5114.0,47,2026-03-13 13:00:00+00:00,157.8
5115.0,48,2026-03-13 13:00:00+00:00,157.8
5116.0,47,2026-03-13 13:00:00+00:00,157.8
5117.0,44,2026-03-13 13:00:00+00:00,157.8
5118.0,45,2026-03-13 13:00:00+00:00,157.8
5119.0,47,2026-03-13 13:00:00+00:00,157.8
5120.0,45,2026-03-13 13:00:00+00:00,157.8
5121.0,46,2026-03-13 13:00:00+00:00,157.8
5122.0,46,2026-03-13 02:00:00+00:00,158.2
5123.0,46,2026-03-13 02:00:00+00:00,158.2
5124.0,47,2026-03-13 02:00:00+00:00,158.2
5125.0,50,2026-03-13 02:00:00+00:00,158.2
5126.0,52,2026-03-13 02:00:00+00:00,158.2
5127.0,52,2026-03-13 02:00:00+00:00,158.2
5128.0,55,2026-03-13 02:00:00+00:00,158.2
5129.0,55,2026-03-12 17:00:00+00:00,158.6
5130.0,55,2026-03-12 16:00:00+00:00,158.6
5131.0,55,2026-03-12 16:00:00+00:00,158.6
5132.0,54,2026-03-12 16:00:00+00:00,158.6
5133.0,52,2026-03-12 16:00:00+00:00,158.6
5134.0,53,2026-03-12 16:00:00+00:00,158.6
5135.0,52,2026-03-12 16:00:00+00:00,158.6
5136.0,52,2026-03-12 16:00:00+00:00,158.6
5137.0,52,2026-03-12 16:00:00+00:00,158.6
5138.0,54,2026-03-12 16:00:00+00:00,158.6
5139.0,57,2026-03-12 15:00:00+00:00,158.7
5140.0,58,2026-03-12 15:00:00+00:00,158.7
5141.0,59,2026-03-12 15:00:00+00:00,158.7
5142.0,58,2026-03-12 15:00:00+00:00,158.7
5143.0,58,2026-03-12 15:00:00+00:00,158.7
5144.0,55,2026-03-12 15:00:00+00:00,158.7
5145.0,58,2026-03-12 14:00:00+00:00,158.7
5146.0,63,2026-03-12 14:00:00+00:00,158.7
5147.0,66,2026-03-12 14:00:00+00:00,158.7
5148.0,68,2026-03-12 14:00:00+00:00,158.7
5149.0,69,2026-03-12 14:00:00+00:00,158.7
5150.0,70,2026-03-12 14:00:00+00:00,158.7
5151.0,72,2026-03-12 14:00:00+00:00,158.7
5152.0,74,2026-03-12 14:00:00+00:00,158.7
5153.0,71,2026-03-12 14:00:00+00:00,158.7
5154.0,73,2026-03-12 14:00:00+00:00,158.7
5155.0,75,2026-03-12 14:00:00+00:00,158.7
5156.0,75,2026-03-12 14:00:00+00:00,158.7
5157.0,80,2026-03-12 14:00:00+00:00,158.7
5158.0,80,2026-03-12 14:00:00+00:00,158.7
5159.0,84,2026-03-12 14:00:00+00:00,158.7
5160.0,87,2026-03-12 14:00:00+00:00,158.7
5161.0,89,2026-03-12 14:00:00+00:00,158.7
5162.0,88,2026-03-12 14:00:00+00:00,158.7
5163.0,87,2026-03-12 14:00:00+00:00,158.7
5164.0,88,2026-03-12 13:00:00+00:00,158.8
5165.0,92,2026-03-12 13:00:00+00:00,158.8
5166.0,91,2026-03-12 13:00:00+00:00,158.8
5167.0,94,2026-03-12 13:00:00+00:00,158.8
5168.0,91,2026-03-12 13:00:00+00:00,158.8
5169.0,92,2026-03-12 13:00:00+00:00,158.8
5170.0,95,2026-03-12 13:00:00+00:00,158.8
5171.0,94,2026-03-12 13:00:00+00:00,158.8
5172.0,97,2026-03-12 13:00:00+00:00,158.8
5173.0,100,2026-03-12 13:00:00+00:00,158.8
5174.0,98,2026-03-12 13:00:00+00:00,158.8
5175.0,101,2026-03-12 13:00:00+00:00,158.8
5176.0,105,2026-03-12 13:00:00+00:00,158.8
5177.0,102,2026-03-12 13:00:00+00:00,158.8
5178.0,101,2026-03-12 13:00:00+00:00,158.8
5179.0,99,2026-03-12 13:00:00+00:00,158.8
5180.0,103,2026-03-12 13:00:00+00:00,158.8
5181.0,101,2026-03-12 13:00:00+00:00,158.8
5182.0,98,2026-03-12 13:00:00+00:00,158.8
5183.0,96,2026-03-12 13:00:00+00:00,158.8
5184.0,93,2026-03-12 13:00:00+00:00,158.8
5185.0,93,2026-03-12 13:00:00+00:00,158.8
5186.0,86,2026-03-12 13:00:00+00:00,158.8
5187.0,84,2026-03-12 10:00:00+00:00,158.9
5188.0,82,2026-03-12 10:00:00+00:00,158.9
5189.0,81,2026-03-12 10:00:00+00:00,158.9
5190.0,75,2026-03-12 10:00:00+00:00,158.9
5191.0,70,2026-03-12 10:00:00+00:00,158.9
5192.0,68,2026-03-11 14:00:00+00:00,159.7
5193.0,66,2026-03-11 14:00:00+00:00,159.7
5194.0,63,2026-03-11 14:00:00+00:00,159.7
5195.0,58,2026-03-11 14:00:00+00:00,159.7
5196.0,53,2026-03-11 14:00:00+00:00,159.7
5197.0,49,2026-03-11 08:00:00+00:00,160.0
5198.0,46,2026-03-11 08:00:00+00:00,160.0
5199.0,44,2026-03-11 07:00:00+00:00,160.0
5200.0,41,2026-03-11 07:00:00+00:00,160.0
5201.0,37,2026-03-11 07:00:00+00:00,160.0
5202.0,38,2026-03-11 07:00:00+00:00,160.0
5203.0,35,2026-03-11 06:00:00+00:00,160.1
5204.0,37,2026-03-11 06:00:00+00:00,160.1
5205.0,37,2026-03-11 06:00:00+00:00,160.1
5206.0,33,2026-03-11 06:00:00+00:00,160.1
5207.0,33,2026-03-11 06:00:00+00:00,160.1
5208.0,31,2026-03-11 06:00:00+00:00,160.1
5209.0,29,2026-03-11 06:00:00+00:00,160.1
5210.0,29,2026-03-11 06:00:00+00:00,160.1
5211.0,27,2026-03-11 03:00:00+00:00,160.2
5212.0,27,2026-03-11 03:00:00+00:00,160.2
5213.0,27,2026-03-11 03:00:00+00:00,160.2
5214.0,26,2026-03-11 03:00:00+00:00,160.2
5215.0,27,2026-03-11 03:00:00+00:00,160.2
5216.0,26,2026-03-11 03:00:00+00:00,160.2
5217.0,26,2026-03-11 03:00:00+00:00,160.2
5218.0,26,2026-03-11 03:00:00+00:00,160.2
5219.0,25,2026-03-11 03:00:00+00:00,160.2
5220.0,23,2026-03-11 03:00:00+00:00,160.2
5221.0,22,2026-03-11 01:00:00+00:00,160.3
5222.0,23,2026-03-11 01:00:00+00:00,160.3
5223.0,25,2026-03-11 01:00:00+00:00,160.3
5224.0,25,2026-03-10 18:00:00+00:00,160.6
5225.0,24,2026-03-10 18:00:00+00:00,160.6
5226.0,24,2026-03-10 18:00:00+00:00,160.6
5227.0,25,2026-03-10 18:00:00+00:00,160.6
5228.0,25,2026-03-10 18:00:00+00:00,160.6
5229.0,23,2026-03-10 17:00:00+00:00,160.6
5230.0,22,2026-03-10 17:00:00+00:00,160.6
5231.0,21,2026-03-10 17:00:00+00:00,160.6
5232.0,21,2026-03-10 17:00:00+00:00,160.6
5233.0,22,2026-03-10 17:00:00+00:00,160.6
5234.0,22,2026-03-10 17:00:00+00:00,160.6
5235.0,21,2026-03-10 17:00:00+00:00,160.6
5236.0,20,2026-03-10 15:00:00+00:00,160.7
5237.0,18,2026-03-10 15:00:00+00:00,160.7
5238.0,17,2026-03-10 15:00:00+00:00,160.7
5239.0,16,2026-03-03 11:00:00+00:00,167.8
5240.0,16,2026-03-03 11:00:00+00:00,167.8
5241.0,16,2026-03-03 11:00:00+00:00,167.8
5242.0,16,2026-03-03 11:00:00+00:00,167.8
5243.0,16,2026-03-03 11:00:00+00:00,167.8
5244.0,16,2026-03-03 11:00:00+00:00,167.8
5245.0,16,2026-03-03 11:00:00+00:00,167.8
5246.0,16,2026-03-03 11:00:00+00:00,167.8
5247.0,14,2026-03-03 11:00:00+00:00,167.8
5248.0,13,2026-03-03 11:00:00+00:00,167.8
5249.0,14,2026-03-03 11:00:00+00:00,167.8
5250.0,13,2026-03-03 11:00:00+00:00,167.8
5251.0,13,2026-03-03 11:00:00+00:00,167.8
5252.0,14,2026-03-03 11:00:00+00:00,167.8
5253.0,14,2026-03-03 11:00:00+00:00,167.8
5254.0,14,2026-03-03 11:00:00+00:00,167.8
5255.0,14,2026-03-03 11:00:00+00:00,167.8
5256.0,14,2026-03-03 11:00:00+00:00,167.8
5257.0,14,2026-03-03 11:00:00+00:00,167.8
5258.0,15,2026-03-03 11:00:00+00:00,167.8
5259.0,15,2026-03-03 11:00:00+00:00,167.8
5260.0,15,2026-03-03 11:00:00+00:00,167.8
5261.0,16,2026-03-03 11:00:00+00:00,167.8
5262.0,16,2026-03-03 11:00:00+00:00,167.8
5263.0,18,2026-03-03 11:00:00+00:00,167.8
5264.0,17,2026-03-03 10:00:00+00:00,167.9
5265.0,18,2026-03-03 10:00:00+00:00,167.9
5266.0,17,2026-03-03 10:00:00+00:00,167.9
5267.0,16,2026-03-03 10:00:00+00:00,167.9
5268.0,16,2026-03-03 10:00:00+00:00,167.9
5269.0,17,2026-03-03 10:00:00+00:00,167.9
5270.0,19,2026-03-03 10:00:00+00:00,167.9
5271.0,18,2026-03-03 10:00:00+00:00,167.9
5272.0,17,2026-03-03 10:00:00+00:00,167.9
5273.0,17,2026-03-03 10:00:00+00:00,167.9
5274.0,17,2026-03-03 10:00:00+00:00,167.9
5275.0,18,2026-03-03 10:00:00+00:00,167.9
5276.0,18,2026-03-03 10:00:00+00:00,167.9
5277.0,18,2026-03-03 10:00:00+00:00,167.9
5278.0,18,2026-03-03 10:00:00+00:00,167.9
5279.0,18,2026-03-03 10:00:00+00:00,167.9
5280.0,18,2026-03-03 10:00:00+00:00,167.9
5281.0,19,2026-03-03 10:00:00+00:00,167.9
5282.0,18,2026-03-03 10:00:00+00:00,167.9
5283.0,19,2026-03-03 10:00:00+00:00,167.9
5284.0,20,2026-03-03 10:00:00+00:00,167.9
5285.0,20,2026-03-03 10:00:00+00:00,167.9
5286.0,19,2026-03-03 10:00:00+00:00,167.9
5287.0,20,2026-03-03 10:00:00+00:00,167.9
5288.0,19,2026-03-03 09:00:00+00:00,167.9
5289.0,18,2026-03-03 09:00:00+00:00,167.9
5290.0,18,2026-03-03 09:00:00+00:00,167.9
5291.0,20,2026-03-03 09:00:00+00:00,167.9
5292.0,21,2026-03-03 09:00:00+00:00,167.9
5293.0,20,2026-03-03 09:00:00+00:00,167.9
5294.0,20,2026-03-03 09:00:00+00:00,167.9
5295.0,20,2026-03-03 09:00:00+00:00,167.9
5296.0,20,2026-03-03 09:00:00+00:00,167.9
5297.0,20,2026-03-03 09:00:00+00:00,167.9
5298.0,19,2026-03-03 09:00:00+00:00,167.9
5299.0,18,2026-03-03 09:00:00+00:00,167.9
5300.0,18,2026-03-03 09:00:00+00:00,167.9
5301.0,17,2026-03-03 09:00:00+00:00,167.9
5302.0,17,2026-03-03 09:00:00+00:00,167.9
5303.0,17,2026-03-03 09:00:00+00:00,167.9
5304.0,17,2026-03-03 08:00:00+00:00,168.0
5305.0,18,2026-03-03 08:00:00+00:00,168.0
5306.0,19,2026-03-03 08:00:00+00:00,168.0
5307.0,20,2026-03-03 08:00:00+00:00,168.0
5308.0,20,2026-03-03 08:00:00+00:00,168.0
5309.0,21,2026-03-03 08:00:00+00:00,168.0
5310.0,21,2026-03-03 08:00:00+00:00,168.0
5311.0,21,2026-03-03 08:00:00+00:00,168.0
5312.0,19,2026-03-03 08:00:00+00:00,168.0
5313.0,18,2026-03-03 08:00:00+00:00,168.0
5314.0,19,2026-03-03 08:00:00+00:00,168.0
5315.0,20,2026-03-03 08:00:00+00:00,168.0
5316.0,19,2026-03-03 08:00:00+00:00,168.0
5317.0,19,2026-03-03 08:00:00+00:00,168.0
5318.0,19,2026-03-03 08:00:00+00:00,168.0
5319.0,19,2026-03-03 08:00:00+00:00,168.0
5320.0,19,2026-03-03 08:00:00+00:00,168.0
5321.0,19,2026-03-03 08:00:00+00:00,168.0
5322.0,20,2026-03-03 08:00:00+00:00,168.0
5323.0,20,2026-03-03 08:00:00+00:00,168.0
5324.0,19,2026-03-03 08:00:00+00:00,168.0
5325.0,19,2026-03-03 08:00:00+00:00,168.0
5326.0,19,2026-03-03 08:00:00+00:00,168.0
5327.0,18,2026-03-03 08:00:00+00:00,168.0
5328.0,18,2026-03-03 08:00:00+00:00,168.0
5329.0,19,2026-03-03 08:00:00+00:00,168.0
5330.0,20,2026-03-03 08:00:00+00:00,168.0
5331.0,20,2026-03-03 08:00:00+00:00,168.0
5332.0,19,2026-03-03 08:00:00+00:00,168.0
5333.0,19,2026-03-03 08:00:00+00:00,168.0
5334.0,19,2026-03-03 08:00:00+00:00,168.0
5335.0,18,2026-03-03 08:00:00+00:00,168.0
5336.0,17,2026-03-03 05:00:00+00:00,168.1
5337.0,17,2026-03-03 05:00:00+00:00,168.1
5338.0,19,2026-03-03 05:00:00+00:00,168.1
5339.0,19,2026-03-03 05:00:00+00:00,168.1
5340.0,19,2026-03-03 05:00:00+00:00,168.1
5341.0,20,2026-03-03 05:00:00+00:00,168.1
5342.0,20,2026-03-03 05:00:00+00:00,168.1
5343.0,20,2026-03-03 05:00:00+00:00,168.1
5344.0,20,2026-03-03 05:00:00+00:00,168.1
5345.0,21,2026-03-03 05:00:00+00:00,168.1
5346.0,21,2026-03-03 05:00:00+00:00,168.1
5347.0,19,2026-03-03 05:00:00+00:00,168.1
5348.0,18,2026-03-03 05:00:00+00:00,168.1
5349.0,17,2026-03-03 05:00:00+00:00,168.1
5350.0,17,2026-03-03 05:00:00+00:00,168.1
5351.0,17,2026-03-03 05:00:00+00:00,168.1
5352.0,16,2026-03-03 05:00:00+00:00,168.1
5353.0,16,2026-03-03 05:00:00+00:00,168.1
5354.0,16,2026-03-03 05:00:00+00:00,168.1
5355.0,16,2026-03-03 05:00:00+00:00,168.1
5356.0,16,2026-03-03 05:00:00+00:00,168.1
5357.0,16,2026-03-03 05:00:00+00:00,168.1
5358.0,16,2026-03-03 05:00:00+00:00,168.1
5359.0,17,2026-03-03 05:00:00+00:00,168.1
5360.0,18,2026-03-03 05:00:00+00:00,168.1
5361.0,18,2026-03-03 05:00:00+00:00,168.1
5362.0,17,2026-03-03 05:00:00+00:00,168.1
5363.0,16,2026-03-03 05:00:00+00:00,168.1
5364.0,17,2026-03-03 05:00:00+00:00,168.1
5365.0,17,2026-03-03 05:00:00+00:00,168.1
5366.0,17,2026-03-03 05:00:00+00:00,168.1
5367.0,14,2026-03-03 04:00:00+00:00,168.1
5368.0,13,2026-03-03 04:00:00+00:00,168.1
5369.0,12,2026-03-03 04:00:00+00:00,168.1
5370.0,12,2026-03-03 04:00:00+00:00,168.1
5371.0,12,2026-03-03 04:00:00+00:00,168.1
5372.0,12,2026-03-03 04:00:00+00:00,168.1
5373.0,12,2026-03-03 04:00:00+00:00,168.1
5374.0,11,2026-03-03 04:00:00+00:00,168.1
5375.0,12,2026-03-03 04:00:00+00:00,168.1
5376.0,11,2026-03-03 01:00:00+00:00,168.3
5377.0,12,2026-03-03 01:00:00+00:00,168.3
5378.0,12,2026-03-03 01:00:00+00:00,168.3
5379.0,14,2026-03-03 01:00:00+00:00,168.3
5380.0,13,2026-03-02 14:00:00+00:00,168.7
5381.0,13,2026-03-02 14:00:00+00:00,168.7
5382.0,14,2026-03-02 14:00:00+00:00,168.7
5383.0,14,2026-03-02 14:00:00+00:00,168.7
5384.0,14,2026-03-02 14:00:00+00:00,168.7
5385.0,14,2026-03-02 14:00:00+00:00,168.7
5386.0,16,2026-03-02 14:00:00+00:00,168.7
5387.0,16,2026-03-02 14:00:00+00:00,168.7
5388.0,16,2026-03-02 14:00:00+00:00,168.7
5389.0,16,2026-03-02 14:00:00+00:00,168.7
5390.0,16,2026-03-02 14:00:00+00:00,168.7
5391.0,16,2026-03-02 14:00:00+00:00,168.7
5392.0,16,2026-03-02 14:00:00+00:00,168.7
5393.0,16,2026-03-02 14:00:00+00:00,168.7
5394.0,15,2026-03-02 14:00:00+00:00,168.7
5395.0,15,2026-03-02 14:00:00+00:00,168.7
5396.0,14,2026-03-02 13:00:00+00:00,168.8
5397.0,14,2026-03-02 13:00:00+00:00,168.8
5398.0,14,2026-03-02 13:00:00+00:00,168.8
5399.0,13,2026-03-02 13:00:00+00:00,168.8
5400.0,12,2026-03-02 13:00:00+00:00,168.8
5401.0,11,2026-03-02 13:00:00+00:00,168.8
5402.0,11,2026-03-02 13:00:00+00:00,168.8
5403.0,10,2026-03-02 13:00:00+00:00,168.8
5404.0,10,2026-03-02 13:00:00+00:00,168.8
5405.0,10,2026-03-02 13:00:00+00:00,168.8
5406.0,10,2026-03-02 13:00:00+00:00,168.8
5407.0,10,2026-03-02 13:00:00+00:00,168.8
5408.0,9,2026-03-02 13:00:00+00:00,168.8
5409.0,9,2026-03-02 13:00:00+00:00,168.8
5410.0,8,2026-03-02 13:00:00+00:00,168.8
5411.0,8,2026-03-02 13:00:00+00:00,168.8
5412.0,8,2026-03-02 13:00:00+00:00,168.8
5413.0,8,2026-03-02 13:00:00+00:00,168.8
5414.0,8,2026-03-02 13:00:00+00:00,168.8
5415.0,8,2026-03-02 13:00:00+00:00,168.8
5416.0,8,2026-03-02 13:00:00+00:00,168.8
5417.0,6,2026-03-02 07:00:00+00:00,169.0
5418.0,5,2026-03-02 07:00:00+00:00,169.0
5419.0,5,2026-03-02 07:00:00+00:00,169.0
5420.0,4,2026-01-30 00:00:00+00:00,200.3
5421.0,4,2026-01-30 00:00:00+00:00,200.3
5422.0,4,2026-01-30 00:00:00+00:00,200.3
5423.0,4,2026-01-30 00:00:00+00:00,200.3
5424.0,4,2026-01-30 00:00:00+00:00,200.3
5425.0,4,2026-01-30 00:00:00+00:00,200.3
5426.0,4,2026-01-30 00:00:00+00:00,200.3
5427.0,3,2026-01-30 00:00:00+00:00,200.3
5428.0,3,2026-01-30 00:00:00+00:00,200.3
5429.0,3,2026-01-30 00:00:00+00:00,200.3
5430.0,3,2026-01-30 00:00:00+00:00,200.3
5431.0,3,2026-01-30 00:00:00+00:00,200.3
5432.0,3,2026-01-30 00:00:00+00:00,200.3
5433.0,4,2026-01-30 00:00:00+00:00,200.3
5434.0,4,2026-01-30 00:00:00+00:00,200.3
5435.0,4,2026-01-30 00:00:00+00:00,200.3
5436.0,4,2026-01-30 00:00:00+00:00,200.3
5437.0,4,2026-01-30 00:00:00+00:00,200.3
5438.0,4,2026-01-30 00:00:00+00:00,200.3
5439.0,4,2026-01-30 00:00:00+00:00,200.3
5440.0,4,2026-01-30 00:00:00+00:00,200.3
5441.0,4,2026-01-30 00:00:00+00:00,200.3
5442.0,4,2026-01-30 00:00:00+00:00,200.3
5443.0,4,2026-01-30 00:00:00+00:00,200.3
5444.0,4,2026-01-30 00:00:00+00:00,200.3
5445.0,4,2026-01-30 00:00:00+00:00,200.3
5446.0,5,2026-01-30 00:00:00+00:00,200.3
5447.0,5,2026-01-30 00:00:00+00:00,200.3
5448.0,5,2026-01-30 00:00:00+00:00,200.3
5449.0,4,2026-01-30 00:00:00+00:00,200.3
5450.0,4,2026-01-30 00:00:00+00:00,200.3
5451.0,4,2026-01-29 15:00:00+00:00,200.7
5452.0,4,2026-01-29 15:00:00+00:00,200.7
5453.0,4,2026-01-29 15:00:00+00:00,200.7
5454.0,4,2026-01-29 15:00:00+00:00,200.7
5455.0,4,2026-01-29 15:00:00+00:00,200.7
5456.0,4,2026-01-29 15:00:00+00:00,200.7
5457.0,4,2026-01-29 15:00:00+00:00,200.7
5458.0,4,2026-01-29 15:00:00+00:00,200.7
5459.0,4,2026-01-29 15:00:00+00:00,200.7
5460.0,4,2026-01-29 15:00:00+00:00,200.7
5461.0,4,2026-01-29 15:00:00+00:00,200.7
5462.0,4,2026-01-29 15:00:00+00:00,200.7
5463.0,4,2026-01-29 15:00:00+00:00,200.7
5464.0,4,2026-01-29 15:00:00+00:00,200.7
5465.0,4,2026-01-29 15:00:00+00:00,200.7
5466.0,4,2026-01-29 15:00:00+00:00,200.7
5467.0,4,2026-01-29 15:00:00+00:00,200.7
5468.0,4,2026-01-29 15:00:00+00:00,200.7
5469.0,4,2026-01-29 15:00:00+00:00,200.7
5470.0,4,2026-01-29 15:00:00+00:00,200.7
5471.0,5,2026-01-29 15:00:00+00:00,200.7
5472.0,5,2026-01-29 15:00:00+00:00,200.7
5473.0,5,2026-01-29 15:00:00+00:00,200.7
5474.0,6,2026-01-29 15:00:00+00:00,200.7
5475.0,6,2026-01-29 15:00:00+00:00,200.7
5476.0,6,2026-01-29 15:00:00+00:00,200.7
5477.0,6,2026-01-29 15:00:00+00:00,200.7
5478.0,6,2026-01-29 15:00:00+00:00,200.7
5479.0,6,2026-01-29 15:00:00+00:00,200.7
5480.0,6,2026-01-29 15:00:00+00:00,200.7
5481.0,6,2026-01-29 15:00:00+00:00,200.7
5482.0,6,2026-01-29 15:00:00+00:00,200.7
5483.0,7,2026-01-29 15:00:00+00:00,200.7
5484.0,7,2026-01-29 15:00:00+00:00,200.7
5485.0,7,2026-01-29 15:00:00+00:00,200.7
5486.0,7,2026-01-29 15:00:00+00:00,200.7
5487.0,7,2026-01-29 15:00:00+00:00,200.7
5488.0,7,2026-01-29 15:00:00+00:00,200.7
5489.0,7,2026-01-29 15:00:00+00:00,200.7
5490.0,7,2026-01-29 15:00:00+00:00,200.7
5491.0,7,2026-01-29 15:00:00+00:00,200.7
5492.0,8,2026-01-29 15:00:00+00:00,200.7
5493.0,8,2026-01-29 15:00:00+00:00,200.7
5494.0,8,2026-01-29 15:00:00+00:00,200.7
5495.0,8,2026-01-29 15:00:00+00:00,200.7
5496.0,8,2026-01-29 15:00:00+00:00,200.7
5497.0,8,2026-01-29 15:00:00+00:00,200.7
5498.0,7,2026-01-29 14:00:00+00:00,200.7
5499.0,8,2026-01-29 14:00:00+00:00,200.7
5500.0,8,2026-01-29 14:00:00+00:00,200.7
5501.0,9,2026-01-29 14:00:00+00:00,200.7
5502.0,9,2026-01-29 14:00:00+00:00,200.7
5503.0,9,2026-01-29 14:00:00+00:00,200.7
5504.0,9,2026-01-29 14:00:00+00:00,200.7
5505.0,10,2026-01-29 14:00:00+00:00,200.7
5506.0,10,2026-01-29 14:00:00+00:00,200.7
5507.0,10,2026-01-29 14:00:00+00:00,200.7
5508.0,10,2026-01-29 14:00:00+00:00,200.7
5509.0,11,2026-01-29 14:00:00+00:00,200.7
5510.0,11,2026-01-29 14:00:00+00:00,200.7
5511.0,11,2026-01-29 14:00:00+00:00,200.7
5512.0,11,2026-01-29 14:00:00+00:00,200.7
5513.0,11,2026-01-29 14:00:00+00:00,200.7
5514.0,11,2026-01-29 14:00:00+00:00,200.7
5515.0,11,2026-01-29 14:00:00+00:00,200.7
5516.0,11,2026-01-29 14:00:00+00:00,200.7
5517.0,12,2026-01-29 14:00:00+00:00,200.7
5518.0,12,2026-01-29 14:00:00+00:00,200.7
5519.0,13,2026-01-29 14:00:00+00:00,200.7
5520.0,13,2026-01-29 14:00:00+00:00,200.7
5521.0,13,2026-01-29 14:00:00+00:00,200.7
5522.0,13,2026-01-29 14:00:00+00:00,200.7
5523.0,13,2026-01-29 14:00:00+00:00,200.7
5524.0,13,2026-01-29 14:00:00+00:00,200.7
5525.0,13,2026-01-29 14:00:00+00:00,200.7
5526.0,12,2026-01-29 14:00:00+00:00,200.7
5527.0,12,2026-01-29 14:00:00+00:00,200.7
5528.0,11,2026-01-29 14:00:00+00:00,200.7
5529.0,10,2026-01-29 14:00:00+00:00,200.7
5530.0,9,2026-01-29 14:00:00+00:00,200.7
5531.0,9,2026-01-29 14:00:00+00:00,200.7
5532.0,9,2026-01-29 14:00:00+00:00,200.7
5533.0,9,2026-01-29 14:00:00+00:00,200.7
5534.0,10,2026-01-29 14:00:00+00:00,200.7
5535.0,10,2026-01-29 14:00:00+00:00,200.7
5536.0,10,2026-01-29 14:00:00+00:00,200.7
5537.0,11,2026-01-29 14:00:00+00:00,200.7
5538.0,11,2026-01-29 14:00:00+00:00,200.7
5539.0,11,2026-01-29 14:00:00+00:00,200.7
5540.0,11,2026-01-29 14:00:00+00:00,200.7
5541.0,10,2026-01-29 14:00:00+00:00,200.7
5542.0,10,2026-01-29 14:00:00+00:00,200.7
5543.0,9,2026-01-29 14:00:00+00:00,200.7
5544.0,9,2026-01-29 14:00:00+00:00,200.7
5545.0,9,2026-01-29 14:00:00+00:00,200.7
5546.0,9,2026-01-29 14:00:00+00:00,200.7
5547.0,9,2026-01-29 14:00:00+00:00,200.7
5548.0,9,2026-01-29 14:00:00+00:00,200.7
5549.0,8,2026-01-29 14:00:00+00:00,200.7
5550.0,7,2026-01-29 08:00:00+00:00,201.0
5551.0,6,2026-01-29 08:00:00+00:00,201.0
5552.0,5,2026-01-29 08:00:00+00:00,201.0
5553.0,5,2026-01-29 08:00:00+00:00,201.0
5554.0,5,2026-01-29 08:00:00+00:00,201.0
5555.0,5,2026-01-29 07:00:00+00:00,201.0
5556.0,5,2026-01-29 07:00:00+00:00,201.0
5557.0,5,2026-01-29 07:00:00+00:00,201.0
5558.0,5,2026-01-29 07:00:00+00:00,201.0
5559.0,5,2026-01-29 07:00:00+00:00,201.0
5560.0,5,2026-01-29 07:00:00+00:00,201.0
5561.0,5,2026-01-29 07:00:00+00:00,201.0
5562.0,5,2026-01-29 07:00:00+00:00,201.0
5563.0,5,2026-01-29 07:00:00+00:00,201.0
5564.0,5,2026-01-29 07:00:00+00:00,201.0
5565.0,3,2026-01-29 07:00:00+00:00,201.0
5566.0,3,2026-01-29 07:00:00+00:00,201.0
5567.0,3,2026-01-29 07:00:00+00:00,201.0
5568.0,3,2026-01-29 07:00:00+00:00,201.0
5569.0,3,2026-01-29 07:00:00+00:00,201.0
5570.0,3,2026-01-29 07:00:00+00:00,201.0
5571.0,2,2026-01-29 07:00:00+00:00,201.0
5572.0,2,2026-01-29 07:00:00+00:00,201.0
5573.0,2,2026-01-29 07:00:00+00:00,201.0
5574.0,2,2026-01-29 07:00:00+00:00,201.0
5575.0,2,2026-01-29 07:00:00+00:00,201.0
5576.0,1,2026-01-29 06:00:00+00:00,201.1
5577.0,1,2026-01-29 06:00:00+00:00,201.1
5578.0,1,2026-01-29 06:00:00+00:00,201.1
5579.0,1,2026-01-29 06:00:00+00:00,201.1
5580.0,1,2026-01-29 06:00:00+00:00,201.1
5581.0,1,2026-01-29 06:00:00+00:00,201.1
5582.0,1,2026-01-29 06:00:00+00:00,201.1
5583.0,1,2026-01-29 06:00:00+00:00,201.1
5584.0,1,2026-01-29 06:00:00+00:00,201.1
5585.0,1,2026-01-29 06:00:00+00:00,201.1
5586.0,1,2026-01-29 06:00:00+00:00,201.1
5587.0,1,2026-01-29 06:00:00+00:00,201.1
5588.0,1,2026-01-29 06:00:00+00:00,201.1
5589.0,1,2026-01-29 06:00:00+00:00,201.1
5590.0,1,2026-01-29 06:00:00+00:00,201.1
5591.0,1,2026-01-29 06:00:00+00:00,201.1
5592.0,1,2026-01-29 06:00:00+00:00,201.1
5593.0,1,2026-01-29 06:00:00+00:00,201.1
5594.0,1,2026-01-29 06:00:00+00:00,201.1
5595.0,1,2026-01-29 06:00:00+00:00,201.1
